dong_kostat,dong_mois,sigungu_kostat,sigungu_mois,sido_kostat,sido_mois,dong_name_ko,dong_name_en,sigungu_name_ko,sido_name_ko,full_name_ko
11010530,1111053000,11010,11110,11,11,사직동,Sajik-dong,종로구,서울특별시,서울특별시 종로구 사직동
11010540,1111054000,11010,11110,11,11,삼청동,Samcheong-dong,종로구,서울특별시,서울특별시 종로구 삼청동
11010550,1111055000,11010,11110,11,11,부암동,Buam-dong,종로구,서울특별시,서울특별시 종로구 부암동
11010560,1111056000,11010,11110,11,11,평창동,Pyeongchang-dong,종로구,서울특별시,서울특별시 종로구 평창동
11010570,1111057000,11010,11110,11,11,무악동,Muak-dong,종로구,서울특별시,서울특별시 종로구 무악동
11010580,1111058000,11010,11110,11,11,교남동,Gyonam-dong,종로구,서울특별시,서울특별시 종로구 교남동
11010600,1111060000,11010,11110,11,11,가회동,Gahoe-dong,종로구,서울특별시,서울특별시 종로구 가회동
11010610,1111061500,11010,11110,11,11,종로1·2·3·4가동,Jongno 1·2·3·4-ga-dong,종로구,서울특별시,서울특별시 종로구 종로1·2·3·4가동
11010630,1111063000,11010,11110,11,11,종로5·6가동,Jongno 5·6-ga-dong,종로구,서울특별시,서울특별시 종로구 종로5·6가동
11010640,1111064000,11010,11110,11,11,이화동,Ihwa-dong,종로구,서울특별시,서울특별시 종로구 이화동
11010670,1111067000,11010,11110,11,11,창신1동,Changsin1-dong,종로구,서울특별시,서울특별시 종로구 창신1동
11010680,1111068000,11010,11110,11,11,창신2동,Changsin2-dong,종로구,서울특별시,서울특별시 종로구 창신2동
11010690,1111069000,11010,11110,11,11,창신3동,Changsin3-dong,종로구,서울특별시,서울특별시 종로구 창신3동
11010700,1111070000,11010,11110,11,11,숭인1동,Sungin1-dong,종로구,서울특별시,서울특별시 종로구 숭인1동
11010710,1111071000,11010,11110,11,11,숭인2동,Sungin2-dong,종로구,서울특별시,서울특별시 종로구 숭인2동
11010720,1111051500,11010,11110,11,11,청운효자동,Cheongunhyoja-dong,종로구,서울특별시,서울특별시 종로구 청운효자동
11010730,1111065000,11010,11110,11,11,혜화동,Hyehwa-dong,종로구,서울특별시,서울특별시 종로구 혜화동
11020520,1114052000,11020,11140,11,11,소공동,Sogong-dong,중구,서울특별시,서울특별시 중구 소공동
11020540,1114054000,11020,11140,11,11,회현동,Hoehyeon-dong,중구,서울특별시,서울특별시 중구 회현동
11020550,1114055000,11020,11140,11,11,명동,Myeong-dong,중구,서울특별시,서울특별시 중구 명동
11020570,1114057000,11020,11140,11,11,필동,Pil-dong,중구,서울특별시,서울특별시 중구 필동
11020580,1114058000,11020,11140,11,11,장충동,Jangchung-dong,중구,서울특별시,서울특별시 중구 장충동
11020590,1114059000,11020,11140,11,11,광희동,Gwanghui-dong,중구,서울특별시,서울특별시 중구 광희동
11020600,1114060500,11020,11140,11,11,을지로동,Euljiro-dong,중구,서울특별시,서울특별시 중구 을지로동
11020650,1114065000,11020,11140,11,11,신당5동,Sindang5-dong,중구,서울특별시,서울특별시 중구 신당5동
11020670,1114067000,11020,11140,11,11,황학동,Hwanghak-dong,중구,서울특별시,서울특별시 중구 황학동
11020680,1114068000,11020,11140,11,11,중림동,Jungnim-dong,중구,서울특별시,서울특별시 중구 중림동
11020690,1114061500,11020,11140,11,11,신당동,Sindang-dong,중구,서울특별시,서울특별시 중구 신당동
11020700,1114062500,11020,11140,11,11,다산동,Dasan-dong,중구,서울특별시,서울특별시 중구 다산동
11020710,1114063500,11020,11140,11,11,약수동,Yaksu-dong,중구,서울특별시,서울특별시 중구 약수동
11020720,1114064500,11020,11140,11,11,청구동,Cheonggu-dong,중구,서울특별시,서울특별시 중구 청구동
11020730,1114066500,11020,11140,11,11,동화동,Donghwa-dong,중구,서울특별시,서울특별시 중구 동화동
11030510,1117051000,11030,11170,11,11,후암동,Huam-dong,용산구,서울특별시,서울특별시 용산구 후암동
11030520,1117052000,11030,11170,11,11,용산2가동,Yongsan 2-ga-dong,용산구,서울특별시,서울특별시 용산구 용산2가동
11030530,1117053000,11030,11170,11,11,남영동,Namyeong-dong,용산구,서울특별시,서울특별시 용산구 남영동
11030570,1117057000,11030,11170,11,11,원효로2동,Wonhyoro2-dong,용산구,서울특별시,서울특별시 용산구 원효로2동
11030580,1117058000,11030,11170,11,11,효창동,Hyochang-dong,용산구,서울특별시,서울특별시 용산구 효창동
11030590,1117059000,11030,11170,11,11,용문동,Yongmun-dong,용산구,서울특별시,서울특별시 용산구 용문동
11030630,1117063000,11030,11170,11,11,이촌1동,Ichon1-dong,용산구,서울특별시,서울특별시 용산구 이촌1동
11030640,1117064000,11030,11170,11,11,이촌2동,Ichon2-dong,용산구,서울특별시,서울특별시 용산구 이촌2동
11030650,1117065000,11030,11170,11,11,이태원1동,Itaewon1-dong,용산구,서울특별시,서울특별시 용산구 이태원1동
11030660,1117066000,11030,11170,11,11,이태원2동,Itaewon2-dong,용산구,서울특별시,서울특별시 용산구 이태원2동
11030690,1117069000,11030,11170,11,11,서빙고동,Seobinggo-dong,용산구,서울특별시,서울특별시 용산구 서빙고동
11030700,1117070000,11030,11170,11,11,보광동,Bogwang-dong,용산구,서울특별시,서울특별시 용산구 보광동
11030710,1117055500,11030,11170,11,11,청파동,Cheongpa-dong,용산구,서울특별시,서울특별시 용산구 청파동
11030720,1117056000,11030,11170,11,11,원효로1동,Wonhyoro1-dong,용산구,서울특별시,서울특별시 용산구 원효로1동
11030730,1117062500,11030,11170,11,11,한강로동,Hangangno-dong,용산구,서울특별시,서울특별시 용산구 한강로동
11030740,1117068500,11030,11170,11,11,한남동,Hannam-dong,용산구,서울특별시,서울특별시 용산구 한남동
11040520,1120052000,11040,11200,11,11,왕십리2동,Wangsimni2-dong,성동구,서울특별시,서울특별시 성동구 왕십리2동
11040540,1120054000,11040,11200,11,11,마장동,Majang-dong,성동구,서울특별시,서울특별시 성동구 마장동
11040550,1120055000,11040,11200,11,11,사근동,Sageun-dong,성동구,서울특별시,서울특별시 성동구 사근동
11040560,1120056000,11040,11200,11,11,행당1동,Haengdang1-dong,성동구,서울특별시,서울특별시 성동구 행당1동
11040570,1120057000,11040,11200,11,11,행당2동,Haengdang2-dong,성동구,서울특별시,서울특별시 성동구 행당2동
11040580,1120058000,11040,11200,11,11,응봉동,Eungbong-dong,성동구,서울특별시,서울특별시 성동구 응봉동
11040590,1120059000,11040,11200,11,11,금호1가동,Geumho 1-ga-dong,성동구,서울특별시,서울특별시 성동구 금호1가동
11040620,1120062000,11040,11200,11,11,금호4가동,Geumho 4-ga-dong,성동구,서울특별시,서울특별시 성동구 금호4가동
11040650,1120065000,11040,11200,11,11,성수1가1동,Seongsu 1-ga 1-dong,성동구,서울특별시,서울특별시 성동구 성수1가1동
11040660,1120066000,11040,11200,11,11,성수1가2동,Seongsu 1-ga 2-dong,성동구,서울특별시,서울특별시 성동구 성수1가2동
11040670,1120067000,11040,11200,11,11,성수2가1동,Seongsu 2-ga 1-dong,성동구,서울특별시,서울특별시 성동구 성수2가1동
11040680,1120069000,11040,11200,11,11,성수2가3동,Seongsu 2-ga 3-dong,성동구,서울특별시,서울특별시 성동구 성수2가3동
11040690,1120072000,11040,11200,11,11,송정동,Songjeong-dong,성동구,서울특별시,서울특별시 성동구 송정동
11040700,1120079000,11040,11200,11,11,용답동,Yongdap-dong,성동구,서울특별시,서울특별시 성동구 용답동
11040710,1120053500,11040,11200,11,11,왕십리도선동,Wangsimnidoseon-dong,성동구,서울특별시,서울특별시 성동구 왕십리도선동
11040720,1120061500,11040,11200,11,11,금호2·3가동,Geumho 2·3-ga-dong,성동구,서울특별시,서울특별시 성동구 금호2·3가동
11040730,1120064500,11040,11200,11,11,옥수동,Oksu-dong,성동구,서울특별시,서울특별시 성동구 옥수동
11050530,1121571000,11050,11215,11,11,화양동,Hwayang-dong,광진구,서울특별시,서울특별시 광진구 화양동
11050540,1121573000,11050,11215,11,11,군자동,Gunja-dong,광진구,서울특별시,서울특별시 광진구 군자동
11050550,1121574000,11050,11215,11,11,중곡1동,Junggok1-dong,광진구,서울특별시,서울특별시 광진구 중곡1동
11050560,1121575000,11050,11215,11,11,중곡2동,Junggok2-dong,광진구,서울특별시,서울특별시 광진구 중곡2동
11050570,1121576000,11050,11215,11,11,중곡3동,Junggok3-dong,광진구,서울특별시,서울특별시 광진구 중곡3동
11050580,1121577000,11050,11215,11,11,중곡4동,Junggok4-dong,광진구,서울특별시,서울특별시 광진구 중곡4동
11050590,1121578000,11050,11215,11,11,능동,Neung-dong,광진구,서울특별시,서울특별시 광진구 능동
11050600,1121585000,11050,11215,11,11,구의1동,Guui1-dong,광진구,서울특별시,서울특별시 광진구 구의1동
11050610,1121586000,11050,11215,11,11,구의2동,Guui2-dong,광진구,서울특별시,서울특별시 광진구 구의2동
11050620,1121587000,11050,11215,11,11,구의3동,Guui3-dong,광진구,서울특별시,서울특별시 광진구 구의3동
11050630,1121581000,11050,11215,11,11,광장동,Gwangjang-dong,광진구,서울특별시,서울특별시 광진구 광장동
11050640,1121582000,11050,11215,11,11,자양1동,Jayang1-dong,광진구,서울특별시,서울특별시 광진구 자양1동
11050650,1121583000,11050,11215,11,11,자양2동,Jayang2-dong,광진구,서울특별시,서울특별시 광진구 자양2동
11050660,1121584000,11050,11215,11,11,자양3동,Jayang3-dong,광진구,서울특별시,서울특별시 광진구 자양3동
11050670,1121584700,11050,11215,11,11,자양4동,Jayang4-dong,광진구,서울특별시,서울특별시 광진구 자양4동
11060710,1123071000,11060,11230,11,11,회기동,Hoegi-dong,동대문구,서울특별시,서울특별시 동대문구 회기동
11060720,1123072000,11060,11230,11,11,휘경1동,Hwigyeong1-dong,동대문구,서울특별시,서울특별시 동대문구 휘경1동
11060730,1123073000,11060,11230,11,11,휘경2동,Hwigyeong2-dong,동대문구,서울특별시,서울특별시 동대문구 휘경2동
11060800,1123070500,11060,11230,11,11,청량리동,Cheongnyangni-dong,동대문구,서울특별시,서울특별시 동대문구 청량리동
11060820,1123054500,11060,11230,11,11,제기동,Jegi-dong,동대문구,서울특별시,서울특별시 동대문구 제기동
11060830,1123056000,11060,11230,11,11,전농1동,Jeonnong1-dong,동대문구,서울특별시,서울특별시 동대문구 전농1동
11060840,1123057000,11060,11230,11,11,전농2동,Jeonnong2-dong,동대문구,서울특별시,서울특별시 동대문구 전농2동
11060860,1123061000,11060,11230,11,11,답십리2동,Dapsimni2-dong,동대문구,서울특별시,서울특별시 동대문구 답십리2동
11060870,1123065000,11060,11230,11,11,장안1동,Jangan1-dong,동대문구,서울특별시,서울특별시 동대문구 장안1동
11060880,1123066000,11060,11230,11,11,장안2동,Jangan2-dong,동대문구,서울특별시,서울특별시 동대문구 장안2동
11060890,1123074000,11060,11230,11,11,이문1동,Imun1-dong,동대문구,서울특별시,서울특별시 동대문구 이문1동
11060900,1123075000,11060,11230,11,11,이문2동,Imun2-dong,동대문구,서울특별시,서울특별시 동대문구 이문2동
11060910,1123060000,11060,11230,11,11,답십리1동,Dapsimni1-dong,동대문구,서울특별시,서울특별시 동대문구 답십리1동
11060920,1123053300,11060,11230,11,11,용두동,Yongdu-dong,동대문구,서울특별시,서울특별시 동대문구 용두동
11060930,1123051500,11060,11230,11,11,신설동,Sinseol-dong,동대문구,서울특별시,서울특별시 동대문구 신설동
11070520,1126052000,11070,11260,11,11,면목2동,Myeonmok2-dong,중랑구,서울특별시,서울특별시 중랑구 면목2동
11070540,1126054000,11070,11260,11,11,면목4동,Myeonmok4-dong,중랑구,서울특별시,서울특별시 중랑구 면목4동
11070550,1126055000,11070,11260,11,11,면목5동,Myeonmok5-dong,중랑구,서울특별시,서울특별시 중랑구 면목5동
11070570,1126057000,11070,11260,11,11,면목7동,Myeonmok7-dong,중랑구,서울특별시,서울특별시 중랑구 면목7동
11070590,1126058000,11070,11260,11,11,상봉1동,Sangbong1-dong,중랑구,서울특별시,서울특별시 중랑구 상봉1동
11070600,1126059000,11070,11260,11,11,상봉2동,Sangbong2-dong,중랑구,서울특별시,서울특별시 중랑구 상봉2동
11070610,1126060000,11070,11260,11,11,중화1동,Junghwa1-dong,중랑구,서울특별시,서울특별시 중랑구 중화1동
11070620,1126061000,11070,11260,11,11,중화2동,Junghwa2-dong,중랑구,서울특별시,서울특별시 중랑구 중화2동
11070640,1126062000,11070,11260,11,11,묵1동,Muk1-dong,중랑구,서울특별시,서울특별시 중랑구 묵1동
11070650,1126063000,11070,11260,11,11,묵2동,Muk2-dong,중랑구,서울특별시,서울특별시 중랑구 묵2동
11070680,1126066000,11070,11260,11,11,망우3동,Mangu3-dong,중랑구,서울특별시,서울특별시 중랑구 망우3동
11070690,1126068000,11070,11260,11,11,신내1동,Sinnae1-dong,중랑구,서울특별시,서울특별시 중랑구 신내1동
11070700,1126069000,11070,11260,11,11,신내2동,Sinnae2-dong,중랑구,서울특별시,서울특별시 중랑구 신내2동
11070710,1126056500,11070,11260,11,11,면목본동,Myeonmokbon-dong,중랑구,서울특별시,서울특별시 중랑구 면목본동
11070720,1126057500,11070,11260,11,11,면목3·8동,Myeonmok3·8-dong,중랑구,서울특별시,서울특별시 중랑구 면목3·8동
11070730,1126065500,11070,11260,11,11,망우본동,Mangubon-dong,중랑구,서울특별시,서울특별시 중랑구 망우본동
11080580,1129058000,11080,11290,11,11,돈암1동,Donam1-dong,성북구,서울특별시,서울특별시 성북구 돈암1동
11080590,1129059000,11080,11290,11,11,돈암2동,Donam2-dong,성북구,서울특별시,서울특별시 성북구 돈암2동
11080600,1129060000,11080,11290,11,11,안암동,Anam-dong,성북구,서울특별시,서울특별시 성북구 안암동
11080610,1129061000,11080,11290,11,11,보문동,Bomun-dong,성북구,서울특별시,서울특별시 성북구 보문동
11080620,1129062000,11080,11290,11,11,정릉1동,Jeongneung1-dong,성북구,서울특별시,서울특별시 성북구 정릉1동
11080630,1129063000,11080,11290,11,11,정릉2동,Jeongneung2-dong,성북구,서울특별시,서울특별시 성북구 정릉2동
11080640,1129064000,11080,11290,11,11,정릉3동,Jeongneung3-dong,성북구,서울특별시,서울특별시 성북구 정릉3동
11080650,1129065000,11080,11290,11,11,정릉4동,Jeongneung4-dong,성북구,서울특별시,서울특별시 성북구 정릉4동
11080660,1129066000,11080,11290,11,11,길음1동,Gireum1-dong,성북구,서울특별시,서울특별시 성북구 길음1동
11080680,1129068500,11080,11290,11,11,길음2동,Gireum2-dong,성북구,서울특별시,서울특별시 성북구 길음2동
11080710,1129071500,11080,11290,11,11,월곡1동,Wolgok1-dong,성북구,서울특별시,서울특별시 성북구 월곡1동
11080720,1129072500,11080,11290,11,11,월곡2동,Wolgok2-dong,성북구,서울특별시,서울특별시 성북구 월곡2동
11080760,1129076000,11080,11290,11,11,장위1동,Jangwi1-dong,성북구,서울특별시,서울특별시 성북구 장위1동
11080770,1129077000,11080,11290,11,11,장위2동,Jangwi2-dong,성북구,서울특별시,서울특별시 성북구 장위2동
11080780,1129078000,11080,11290,11,11,장위3동,Jangwi3-dong,성북구,서울특별시,서울특별시 성북구 장위3동
11080810,1129052500,11080,11290,11,11,성북동,Seongbuk-dong,성북구,서울특별시,서울특별시 성북구 성북동
11080820,1129055500,11080,11290,11,11,삼선동,Samseon-dong,성북구,서울특별시,서울특별시 성북구 삼선동
11080830,1129057500,11080,11290,11,11,동선동,Dongseon-dong,성북구,서울특별시,서울특별시 성북구 동선동
11080840,1129070500,11080,11290,11,11,종암동,Jongam-dong,성북구,서울특별시,서울특별시 성북구 종암동
11080850,1129081000,11080,11290,11,11,석관동,Seokgwan-dong,성북구,서울특별시,서울특별시 성북구 석관동
11090600,1130559500,11090,11305,11,11,번1동,Beon1-dong,강북구,서울특별시,서울특별시 강북구 번1동
11090610,1130560300,11090,11305,11,11,번2동,Beon2-dong,강북구,서울특별시,서울특별시 강북구 번2동
11090620,1130560800,11090,11305,11,11,번3동,Beon3-dong,강북구,서울특별시,서울특별시 강북구 번3동
11090630,1130561500,11090,11305,11,11,수유1동,Suyu1-dong,강북구,서울특별시,서울특별시 강북구 수유1동
11090640,1130562500,11090,11305,11,11,수유2동,Suyu2-dong,강북구,서울특별시,서울특별시 강북구 수유2동
11090650,1130563500,11090,11305,11,11,수유3동,Suyu3-dong,강북구,서울특별시,서울특별시 강북구 수유3동
11090690,1130553400,11090,11305,11,11,삼양동,Samyang-dong,강북구,서울특별시,서울특별시 강북구 삼양동
11090700,1130553500,11090,11305,11,11,미아동,Mia-dong,강북구,서울특별시,서울특별시 강북구 미아동
11090710,1130554500,11090,11305,11,11,송중동,Songjung-dong,강북구,서울특별시,서울특별시 강북구 송중동
11090720,1130555500,11090,11305,11,11,송천동,Songcheon-dong,강북구,서울특별시,서울특별시 강북구 송천동
11090730,1130557500,11090,11305,11,11,삼각산동,Samgaksan-dong,강북구,서울특별시,서울특별시 강북구 삼각산동
11090740,1130564500,11090,11305,11,11,우이동,Ui-dong,강북구,서울특별시,서울특별시 강북구 우이동
11090750,1130566000,11090,11305,11,11,인수동,Insu-dong,강북구,서울특별시,서울특별시 강북구 인수동
11100510,1132066000,11100,11320,11,11,쌍문1동,Ssangmun1-dong,도봉구,서울특별시,서울특별시 도봉구 쌍문1동
11100520,1132067000,11100,11320,11,11,쌍문2동,Ssangmun2-dong,도봉구,서울특별시,서울특별시 도봉구 쌍문2동
11100530,1132068000,11100,11320,11,11,쌍문3동,Ssangmun3-dong,도봉구,서울특별시,서울특별시 도봉구 쌍문3동
11100540,1132068100,11100,11320,11,11,쌍문4동,Ssangmun4-dong,도봉구,서울특별시,서울특별시 도봉구 쌍문4동
11100550,1132069000,11100,11320,11,11,방학1동,Banghak1-dong,도봉구,서울특별시,서울특별시 도봉구 방학1동
11100560,1132070000,11100,11320,11,11,방학2동,Banghak2-dong,도봉구,서울특별시,서울특별시 도봉구 방학2동
11100570,1132071000,11100,11320,11,11,방학3동,Banghak3-dong,도봉구,서울특별시,서울특별시 도봉구 방학3동
11100590,1132051100,11100,11320,11,11,창1동,Chang1-dong,도봉구,서울특별시,서울특별시 도봉구 창1동
11100600,1132051200,11100,11320,11,11,창2동,Chang2-dong,도봉구,서울특별시,서울특별시 도봉구 창2동
11100610,1132051300,11100,11320,11,11,창3동,Chang3-dong,도봉구,서울특별시,서울특별시 도봉구 창3동
11100620,1132051400,11100,11320,11,11,창4동,Chang4-dong,도봉구,서울특별시,서울특별시 도봉구 창4동
11100630,1132051500,11100,11320,11,11,창5동,Chang5-dong,도봉구,서울특별시,서울특별시 도봉구 창5동
11100640,1132052100,11100,11320,11,11,도봉1동,Dobong1-dong,도봉구,서울특별시,서울특별시 도봉구 도봉1동
11100650,1132052200,11100,11320,11,11,도봉2동,Dobong2-dong,도봉구,서울특별시,서울특별시 도봉구 도봉2동
11110510,1135056000,11110,11350,11,11,월계1동,Wolgye1-dong,노원구,서울특별시,서울특별시 노원구 월계1동
11110520,1135057000,11110,11350,11,11,월계2동,Wolgye2-dong,노원구,서울특별시,서울특별시 노원구 월계2동
11110530,1135058000,11110,11350,11,11,월계3동,Wolgye3-dong,노원구,서울특별시,서울특별시 노원구 월계3동
11110560,1135060000,11110,11350,11,11,공릉2동,Gongneung2-dong,노원구,서울특별시,서울특별시 노원구 공릉2동
11110580,1135061100,11110,11350,11,11,하계1동,Hagye1-dong,노원구,서울특별시,서울특별시 노원구 하계1동
11110590,1135061200,11110,11350,11,11,하계2동,Hagye2-dong,노원구,서울특별시,서울특별시 노원구 하계2동
11110600,1135061900,11110,11350,11,11,중계본동,Junggyebon-dong,노원구,서울특별시,서울특별시 노원구 중계본동
11110610,1135062100,11110,11350,11,11,중계1동,Junggye1-dong,노원구,서울특별시,서울특별시 노원구 중계1동
11110640,1135062400,11110,11350,11,11,중계4동,Junggye4-dong,노원구,서울특별시,서울특별시 노원구 중계4동
11110650,1135063000,11110,11350,11,11,상계1동,Sanggye1-dong,노원구,서울특별시,서울특별시 노원구 상계1동
11110660,1135064000,11110,11350,11,11,상계2동,Sanggye2-dong,노원구,서울특별시,서울특별시 노원구 상계2동
11110690,1135067000,11110,11350,11,11,상계5동,Sanggye5-dong,노원구,서울특별시,서울특별시 노원구 상계5동
11110720,1135070000,11110,11350,11,11,상계8동,Sanggye8-dong,노원구,서울특별시,서울특별시 노원구 상계8동
11110730,1135071000,11110,11350,11,11,상계9동,Sanggye9-dong,노원구,서울특별시,서울특별시 노원구 상계9동
11110740,1135072000,11110,11350,11,11,상계10동,Sanggye10-dong,노원구,서울특별시,서울특별시 노원구 상계10동
11110760,1135066500,11110,11350,11,11,상계3·4동,Sanggye3·4-dong,노원구,서울특별시,서울특별시 노원구 상계3·4동
11110770,1135069500,11110,11350,11,11,상계6·7동,Sanggye6·7-dong,노원구,서울특별시,서울특별시 노원구 상계6·7동
11110780,1135062500,11110,11350,11,11,중계2·3동,Junggye2·3-dong,노원구,서울특별시,서울특별시 노원구 중계2·3동
11110790,1135059500,11110,11350,11,11,공릉1동,Gongneung1-dong,노원구,서울특별시,서울특별시 노원구 공릉1동
11120510,1138051000,11120,11380,11,11,녹번동,Nokbeon-dong,은평구,서울특별시,서울특별시 은평구 녹번동
11120520,1138052000,11120,11380,11,11,불광1동,Bulgwang1-dong,은평구,서울특별시,서울특별시 은평구 불광1동
11120550,1138055100,11120,11380,11,11,갈현1동,Galhyeon1-dong,은평구,서울특별시,서울특별시 은평구 갈현1동
11120560,1138055200,11120,11380,11,11,갈현2동,Galhyeon2-dong,은평구,서울특별시,서울특별시 은평구 갈현2동
11120570,1138056000,11120,11380,11,11,구산동,Gusan-dong,은평구,서울특별시,서울특별시 은평구 구산동
11120580,1138057000,11120,11380,11,11,대조동,Daejo-dong,은평구,서울특별시,서울특별시 은평구 대조동
11120590,1138058000,11120,11380,11,11,응암1동,Eungam1-dong,은평구,서울특별시,서울특별시 은평구 응암1동
11120600,1138059000,11120,11380,11,11,응암2동,Eungam2-dong,은평구,서울특별시,서울특별시 은평구 응암2동
11120650,1138063100,11120,11380,11,11,신사1동,Sinsa1-dong,은평구,서울특별시,서울특별시 은평구 신사1동
11120660,1138063200,11120,11380,11,11,신사2동,Sinsa2-dong,은평구,서울특별시,서울특별시 은평구 신사2동
11120670,1138064000,11120,11380,11,11,증산동,Jeungsan-dong,은평구,서울특별시,서울특별시 은평구 증산동
11120680,1138065000,11120,11380,11,11,수색동,Susaek-dong,은평구,서울특별시,서울특별시 은평구 수색동
11120710,1138069000,11120,11380,11,11,진관동,Jingwan-dong,은평구,서울특별시,서울특별시 은평구 진관동
11120720,1138053000,11120,11380,11,11,불광2동,Bulgwang2-dong,은평구,서울특별시,서울특별시 은평구 불광2동
11120730,1138060000,11120,11380,11,11,응암3동,Eungam3-dong,은평구,서울특별시,서울특별시 은평구 응암3동
11120740,1138062500,11120,11380,11,11,역촌동,Yeokchon-dong,은평구,서울특별시,서울특별시 은평구 역촌동
11130520,1141052000,11130,11410,11,11,천연동,Cheonyeon-dong,서대문구,서울특별시,서울특별시 서대문구 천연동
11130620,1141062000,11130,11410,11,11,홍제1동,Hongje1-dong,서대문구,서울특별시,서울특별시 서대문구 홍제1동
11130640,1141064000,11130,11410,11,11,홍제3동,Hongje3-dong,서대문구,서울특별시,서울특별시 서대문구 홍제3동
11130650,1141065500,11130,11410,11,11,홍제2동,Hongje2-dong,서대문구,서울특별시,서울특별시 서대문구 홍제2동
11130660,1141066000,11130,11410,11,11,홍은1동,Hongeun1-dong,서대문구,서울특별시,서울특별시 서대문구 홍은1동
11130680,1141068500,11130,11410,11,11,홍은2동,Hongeun2-dong,서대문구,서울특별시,서울특별시 서대문구 홍은2동
11130690,1141069000,11130,11410,11,11,남가좌1동,Namgajwa1-dong,서대문구,서울특별시,서울특별시 서대문구 남가좌1동
11130700,1141070000,11130,11410,11,11,남가좌2동,Namgajwa2-dong,서대문구,서울특별시,서울특별시 서대문구 남가좌2동
11130710,1141071000,11130,11410,11,11,북가좌1동,Bukgajwa1-dong,서대문구,서울특별시,서울특별시 서대문구 북가좌1동
11130720,1141072000,11130,11410,11,11,북가좌2동,Bukgajwa2-dong,서대문구,서울특별시,서울특별시 서대문구 북가좌2동
11130730,1141056500,11130,11410,11,11,충현동,Chunghyeon-dong,서대문구,서울특별시,서울특별시 서대문구 충현동
11130740,1141055500,11130,11410,11,11,북아현동,Bugahyeon-dong,서대문구,서울특별시,서울특별시 서대문구 북아현동
11130750,1141058500,11130,11410,11,11,신촌동,Sinchon-dong,서대문구,서울특별시,서울특별시 서대문구 신촌동
11130760,1141061500,11130,11410,11,11,연희동,Yeonhui-dong,서대문구,서울특별시,서울특별시 서대문구 연희동
11140590,1144059000,11140,11440,11,11,용강동,Yonggang-dong,마포구,서울특별시,서울특별시 마포구 용강동
11140600,1144060000,11140,11440,11,11,대흥동,Daeheung-dong,마포구,서울특별시,서울특별시 마포구 대흥동
11140610,1144061000,11140,11440,11,11,염리동,Yeomni-dong,마포구,서울특별시,서울특별시 마포구 염리동
11140630,1144063000,11140,11440,11,11,신수동,Sinsu-dong,마포구,서울특별시,서울특별시 마포구 신수동
11140660,1144066000,11140,11440,11,11,서교동,Seogyo-dong,마포구,서울특별시,서울특별시 마포구 서교동
11140680,1144068000,11140,11440,11,11,합정동,Hapjeong-dong,마포구,서울특별시,서울특별시 마포구 합정동
11140690,1144069000,11140,11440,11,11,망원1동,Mangwon1-dong,마포구,서울특별시,서울특별시 마포구 망원1동
11140700,1144070000,11140,11440,11,11,망원2동,Mangwon2-dong,마포구,서울특별시,서울특별시 마포구 망원2동
11140710,1144071000,11140,11440,11,11,연남동,Yeonnam-dong,마포구,서울특별시,서울특별시 마포구 연남동
11140720,1144072000,11140,11440,11,11,성산1동,Seongsan1-dong,마포구,서울특별시,서울특별시 마포구 성산1동
11140730,1144073000,11140,11440,11,11,성산2동,Seongsan2-dong,마포구,서울특별시,서울특별시 마포구 성산2동
11140740,1144074000,11140,11440,11,11,상암동,Sangam-dong,마포구,서울특별시,서울특별시 마포구 상암동
11140750,1144058500,11140,11440,11,11,도화동,Dohwa-dong,마포구,서울특별시,서울특별시 마포구 도화동
11140760,1144065500,11140,11440,11,11,서강동,Seogang-dong,마포구,서울특별시,서울특별시 마포구 서강동
11140770,1144056500,11140,11440,11,11,공덕동,Gongdeok-dong,마포구,서울특별시,서울특별시 마포구 공덕동
11140780,1144055500,11140,11440,11,11,아현동,Ahyeon-dong,마포구,서울특별시,서울특별시 마포구 아현동
11150510,1147051000,11150,11470,11,11,목1동,Mok1-dong,양천구,서울특별시,서울특별시 양천구 목1동
11150520,1147052000,11150,11470,11,11,목2동,Mok2-dong,양천구,서울특별시,서울특별시 양천구 목2동
11150530,1147053000,11150,11470,11,11,목3동,Mok3-dong,양천구,서울특별시,서울특별시 양천구 목3동
11150540,1147054000,11150,11470,11,11,목4동,Mok4-dong,양천구,서울특별시,서울특별시 양천구 목4동
11150570,1147056000,11150,11470,11,11,신월1동,Sinwol1-dong,양천구,서울특별시,서울특별시 양천구 신월1동
11150580,1147057000,11150,11470,11,11,신월2동,Sinwol2-dong,양천구,서울특별시,서울특별시 양천구 신월2동
11150590,1147058000,11150,11470,11,11,신월3동,Sinwol3-dong,양천구,서울특별시,서울특별시 양천구 신월3동
11150600,1147059000,11150,11470,11,11,신월4동,Sinwol4-dong,양천구,서울특별시,서울특별시 양천구 신월4동
11150610,1147060000,11150,11470,11,11,신월5동,Sinwol5-dong,양천구,서울특별시,서울특별시 양천구 신월5동
11150620,1147061000,11150,11470,11,11,신월6동,Sinwol6-dong,양천구,서울특별시,서울특별시 양천구 신월6동
11150630,1147061100,11150,11470,11,11,신월7동,Sinwol7-dong,양천구,서울특별시,서울특별시 양천구 신월7동
11150640,1147062000,11150,11470,11,11,신정1동,Sinjeong1-dong,양천구,서울특별시,서울특별시 양천구 신정1동
11150650,1147063000,11150,11470,11,11,신정2동,Sinjeong2-dong,양천구,서울특별시,서울특별시 양천구 신정2동
11150660,1147064000,11150,11470,11,11,신정3동,Sinjeong3-dong,양천구,서울특별시,서울특별시 양천구 신정3동
11150690,1147067000,11150,11470,11,11,신정6동,Sinjeong6-dong,양천구,서울특별시,서울특별시 양천구 신정6동
11150700,1147068000,11150,11470,11,11,신정7동,Sinjeong7-dong,양천구,서울특별시,서울특별시 양천구 신정7동
11150710,1147055000,11150,11470,11,11,목5동,Mok5-dong,양천구,서울특별시,서울특별시 양천구 목5동
11150720,1147065000,11150,11470,11,11,신정4동,Sinjeong4-dong,양천구,서울특별시,서울특별시 양천구 신정4동
11160510,1150051000,11160,11500,11,11,염창동,Yeomchang-dong,강서구,서울특별시,서울특별시 강서구 염창동
11160520,1150052000,11160,11500,11,11,등촌1동,Deungchon1-dong,강서구,서울특별시,서울특별시 강서구 등촌1동
11160530,1150053000,11160,11500,11,11,등촌2동,Deungchon2-dong,강서구,서울특별시,서울특별시 강서구 등촌2동
11160540,1150053500,11160,11500,11,11,등촌3동,Deungchon3-dong,강서구,서울특별시,서울특별시 강서구 등촌3동
11160550,1150059000,11160,11500,11,11,화곡본동,Hwagokbon-dong,강서구,서울특별시,서울특별시 강서구 화곡본동
11160570,1150055000,11160,11500,11,11,화곡2동,Hwagok2-dong,강서구,서울특별시,서울특별시 강서구 화곡2동
11160580,1150056000,11160,11500,11,11,화곡3동,Hwagok3-dong,강서구,서울특별시,서울특별시 강서구 화곡3동
11160590,1150057000,11160,11500,11,11,화곡4동,Hwagok4-dong,강서구,서울특별시,서울특별시 강서구 화곡4동
11160610,1150059100,11160,11500,11,11,화곡6동,Hwagok6-dong,강서구,서울특별시,서울특별시 강서구 화곡6동
11160630,1150059300,11160,11500,11,11,화곡8동,Hwagok8-dong,강서구,서울특별시,서울특별시 강서구 화곡8동
11160650,1150060400,11160,11500,11,11,가양2동,Gayang2-dong,강서구,서울특별시,서울특별시 강서구 가양2동
11160660,1150060500,11160,11500,11,11,가양3동,Gayang3-dong,강서구,서울특별시,서울특별시 강서구 가양3동
11160670,1150061100,11160,11500,11,11,발산1동,Balsan1-dong,강서구,서울특별시,서울특별시 강서구 발산1동
11160690,1150062000,11160,11500,11,11,공항동,Gonghang-dong,강서구,서울특별시,서울특별시 강서구 공항동
11160700,1150063000,11160,11500,11,11,방화1동,Banghwa1-dong,강서구,서울특별시,서울특별시 강서구 방화1동
11160710,1150064000,11160,11500,11,11,방화2동,Banghwa2-dong,강서구,서울특별시,서울특별시 강서구 방화2동
11160730,1150054000,11160,11500,11,11,화곡1동,Hwagok1-dong,강서구,서울특별시,서울특별시 강서구 화곡1동
11160740,1150061500,11160,11500,11,11,우장산동,Ujangsan-dong,강서구,서울특별시,서울특별시 강서구 우장산동
11160751,1150060300,11160,11500,11,11,가양1동,Gayang1-dong,강서구,서울특별시,서울특별시 강서구 가양1동
11160761,1150064100,11160,11500,11,11,방화3동,Banghwa3-dong,강서구,서울특별시,서울특별시 강서구 방화3동
11170510,1153051000,11170,11530,11,11,신도림동,Sindorim-dong,구로구,서울특별시,서울특별시 구로구 신도림동
11170520,1153052000,11170,11530,11,11,구로1동,Guro1-dong,구로구,서울특별시,서울특별시 구로구 구로1동
11170540,1153054000,11170,11530,11,11,구로3동,Guro3-dong,구로구,서울특별시,서울특별시 구로구 구로3동
11170550,1153055000,11170,11530,11,11,구로4동,Guro4-dong,구로구,서울특별시,서울특별시 구로구 구로4동
11170560,1153056000,11170,11530,11,11,구로5동,Guro5-dong,구로구,서울특별시,서울특별시 구로구 구로5동
11170610,1153072000,11170,11530,11,11,고척1동,Gocheok1-dong,구로구,서울특별시,서울특별시 구로구 고척1동
11170620,1153073000,11170,11530,11,11,고척2동,Gocheok2-dong,구로구,서울특별시,서울특별시 구로구 고척2동
11170640,1153075000,11170,11530,11,11,개봉2동,Gaebong2-dong,구로구,서울특별시,서울특별시 구로구 개봉2동
11170650,1153076000,11170,11530,11,11,개봉3동,Gaebong3-dong,구로구,서울특별시,서울특별시 구로구 개봉3동
11170670,1153077000,11170,11530,11,11,오류1동,Oryu1-dong,구로구,서울특별시,서울특별시 구로구 오류1동
11170690,1153079000,11170,11530,11,11,수궁동,Sugung-dong,구로구,서울특별시,서울특별시 구로구 수궁동
11170700,1153059500,11170,11530,11,11,가리봉동,Garibong-dong,구로구,서울특별시,서울특별시 구로구 가리봉동
11170710,1153053000,11170,11530,11,11,구로2동,Guro2-dong,구로구,서울특별시,서울특별시 구로구 구로2동
11170720,1153074000,11170,11530,11,11,개봉1동,Gaebong1-dong,구로구,서울특별시,서울특별시 구로구 개봉1동
11170730,1153078000,11170,11530,11,11,오류2동,Oryu2-dong,구로구,서울특별시,서울특별시 구로구 오류2동
11170740,1153080000,11170,11530,11,11,항동,Hang-dong,구로구,서울특별시,서울특별시 구로구 항동
11180510,1154551000,11180,11545,11,11,가산동,Gasan-dong,금천구,서울특별시,서울특별시 금천구 가산동
11180520,1154561000,11180,11545,11,11,독산1동,Doksan1-dong,금천구,서울특별시,서울특별시 금천구 독산1동
11180530,1154562000,11180,11545,11,11,독산2동,Doksan2-dong,금천구,서울특별시,서울특별시 금천구 독산2동
11180540,1154563000,11180,11545,11,11,독산3동,Doksan3-dong,금천구,서울특별시,서울특별시 금천구 독산3동
11180550,1154564000,11180,11545,11,11,독산4동,Doksan4-dong,금천구,서울특별시,서울특별시 금천구 독산4동
11180570,1154567000,11180,11545,11,11,시흥1동,Siheung1-dong,금천구,서울특별시,서울특별시 금천구 시흥1동
11180580,1154568000,11180,11545,11,11,시흥2동,Siheung2-dong,금천구,서울특별시,서울특별시 금천구 시흥2동
11180590,1154569000,11180,11545,11,11,시흥3동,Siheung3-dong,금천구,서울특별시,서울특별시 금천구 시흥3동
11180600,1154570000,11180,11545,11,11,시흥4동,Siheung4-dong,금천구,서울특별시,서울특별시 금천구 시흥4동
11180610,1154571000,11180,11545,11,11,시흥5동,Siheung5-dong,금천구,서울특별시,서울특별시 금천구 시흥5동
11190540,1156054000,11190,11560,11,11,여의동,Yeoui-dong,영등포구,서울특별시,서울특별시 영등포구 여의동
11190550,1156055000,11190,11560,11,11,당산1동,Dangsan1-dong,영등포구,서울특별시,서울특별시 영등포구 당산1동
11190560,1156056000,11190,11560,11,11,당산2동,Dangsan2-dong,영등포구,서울특별시,서울특별시 영등포구 당산2동
11190610,1156061000,11190,11560,11,11,양평1동,Yangpyeong1-dong,영등포구,서울특별시,서울특별시 영등포구 양평1동
11190620,1156062000,11190,11560,11,11,양평2동,Yangpyeong2-dong,영등포구,서울특별시,서울특별시 영등포구 양평2동
11190630,1156063000,11190,11560,11,11,신길1동,Singil1-dong,영등포구,서울특별시,서울특별시 영등포구 신길1동
11190650,1156065000,11190,11560,11,11,신길3동,Singil3-dong,영등포구,서울특별시,서울특별시 영등포구 신길3동
11190660,1156066000,11190,11560,11,11,신길4동,Singil4-dong,영등포구,서울특별시,서울특별시 영등포구 신길4동
11190670,1156067000,11190,11560,11,11,신길5동,Singil5-dong,영등포구,서울특별시,서울특별시 영등포구 신길5동
11190680,1156068000,11190,11560,11,11,신길6동,Singil6-dong,영등포구,서울특별시,서울특별시 영등포구 신길6동
11190690,1156069000,11190,11560,11,11,신길7동,Singil7-dong,영등포구,서울특별시,서울특별시 영등포구 신길7동
11190700,1156070000,11190,11560,11,11,대림1동,Daerim1-dong,영등포구,서울특별시,서울특별시 영등포구 대림1동
11190710,1156071000,11190,11560,11,11,대림2동,Daerim2-dong,영등포구,서울특별시,서울특별시 영등포구 대림2동
11190720,1156072000,11190,11560,11,11,대림3동,Daerim3-dong,영등포구,서울특별시,서울특별시 영등포구 대림3동
11190730,1156051500,11190,11560,11,11,영등포본동,Yeongdeungpobon-dong,영등포구,서울특별시,서울특별시 영등포구 영등포본동
11190740,1156053500,11190,11560,11,11,영등포동,Yeongdeungpo-dong,영등포구,서울특별시,서울특별시 영등포구 영등포동
11190750,1156058500,11190,11560,11,11,도림동,Dorim-dong,영등포구,서울특별시,서울특별시 영등포구 도림동
11190760,1156060500,11190,11560,11,11,문래동,Mullae-dong,영등포구,서울특별시,서울특별시 영등포구 문래동
11200520,1159052000,11200,11590,11,11,노량진2동,Noryangjin2-dong,동작구,서울특별시,서울특별시 동작구 노량진2동
11200530,1159053000,11200,11590,11,11,상도1동,Sangdo1-dong,동작구,서울특별시,서울특별시 동작구 상도1동
11200540,1159054000,11200,11590,11,11,상도2동,Sangdo2-dong,동작구,서울특별시,서울특별시 동작구 상도2동
11200550,1159055000,11200,11590,11,11,상도3동,Sangdo3-dong,동작구,서울특별시,서울특별시 동작구 상도3동
11200560,1159056000,11200,11590,11,11,상도4동,Sangdo4-dong,동작구,서울특별시,서울특별시 동작구 상도4동
11200630,1159062000,11200,11590,11,11,사당1동,Sadang1-dong,동작구,서울특별시,서울특별시 동작구 사당1동
11200650,1159064000,11200,11590,11,11,사당3동,Sadang3-dong,동작구,서울특별시,서울특별시 동작구 사당3동
11200660,1159065000,11200,11590,11,11,사당4동,Sadang4-dong,동작구,서울특별시,서울특별시 동작구 사당4동
11200670,1159065100,11200,11590,11,11,사당5동,Sadang5-dong,동작구,서울특별시,서울특별시 동작구 사당5동
11200680,1159066000,11200,11590,11,11,대방동,Daebang-dong,동작구,서울특별시,서울특별시 동작구 대방동
11200690,1159067000,11200,11590,11,11,신대방1동,Sindaebang1-dong,동작구,서울특별시,서울특별시 동작구 신대방1동
11200700,1159068000,11200,11590,11,11,신대방2동,Sindaebang2-dong,동작구,서울특별시,서울특별시 동작구 신대방2동
11200710,1159060500,11200,11590,11,11,흑석동,Heukseok-dong,동작구,서울특별시,서울특별시 동작구 흑석동
11200720,1159051000,11200,11590,11,11,노량진1동,Noryangjin1-dong,동작구,서울특별시,서울특별시 동작구 노량진1동
11200730,1159063000,11200,11590,11,11,사당2동,Sadang2-dong,동작구,서울특별시,서울특별시 동작구 사당2동
11210520,1162052500,11210,11620,11,11,보라매동,Boramae-dong,관악구,서울특별시,서울특별시 관악구 보라매동
11210540,1162054500,11210,11620,11,11,청림동,Cheongnim-dong,관악구,서울특별시,서울특별시 관악구 청림동
11210570,1162057500,11210,11620,11,11,행운동,Haengun-dong,관악구,서울특별시,서울특별시 관악구 행운동
11210580,1162058500,11210,11620,11,11,낙성대동,Nakseongdae-dong,관악구,서울특별시,서울특별시 관악구 낙성대동
11210610,1162061500,11210,11620,11,11,중앙동,Jungang-dong,관악구,서울특별시,서울특별시 관악구 중앙동
11210620,1162062500,11210,11620,11,11,인헌동,Inheon-dong,관악구,서울특별시,서울특별시 관악구 인헌동
11210630,1162063000,11210,11620,11,11,남현동,Namhyeon-dong,관악구,서울특별시,서울특별시 관악구 남현동
11210640,1162064500,11210,11620,11,11,서원동,Seowon-dong,관악구,서울특별시,서울특별시 관악구 서원동
11210650,1162065500,11210,11620,11,11,신원동,Sinwon-dong,관악구,서울특별시,서울특별시 관악구 신원동
11210660,1162066500,11210,11620,11,11,서림동,Seorim-dong,관악구,서울특별시,서울특별시 관악구 서림동
11210680,1162068500,11210,11620,11,11,신사동,Sinsa-dong,관악구,서울특별시,서울특별시 관악구 신사동
11210690,1162069500,11210,11620,11,11,신림동,Sillim-dong,관악구,서울특별시,서울특별시 관악구 신림동
11210710,1162071500,11210,11620,11,11,난향동,Nanhyang-dong,관악구,서울특별시,서울특별시 관악구 난향동
11210720,1162072500,11210,11620,11,11,조원동,Jowon-dong,관악구,서울특별시,서울특별시 관악구 조원동
11210730,1162073500,11210,11620,11,11,대학동,Daehak-dong,관악구,서울특별시,서울특별시 관악구 대학동
11210780,1162060500,11210,11620,11,11,은천동,Euncheon-dong,관악구,서울특별시,서울특별시 관악구 은천동
11210790,1162056500,11210,11620,11,11,성현동,Seonghyeon-dong,관악구,서울특별시,서울특별시 관악구 성현동
11210800,1162059500,11210,11620,11,11,청룡동,Cheongnyong-dong,관악구,서울특별시,서울특별시 관악구 청룡동
11210810,1162077500,11210,11620,11,11,난곡동,Nangok-dong,관악구,서울특별시,서울특별시 관악구 난곡동
11210820,1162074500,11210,11620,11,11,삼성동,Samseong-dong,관악구,서울특별시,서울특별시 관악구 삼성동
11210830,1162076500,11210,11620,11,11,미성동,Miseong-dong,관악구,서울특별시,서울특별시 관악구 미성동
11220510,1165051000,11220,11650,11,11,서초1동,Seocho1-dong,서초구,서울특별시,서울특별시 서초구 서초1동
11220520,1165052000,11220,11650,11,11,서초2동,Seocho2-dong,서초구,서울특별시,서울특별시 서초구 서초2동
11220530,1165053000,11220,11650,11,11,서초3동,Seocho3-dong,서초구,서울특별시,서울특별시 서초구 서초3동
11220540,1165053100,11220,11650,11,11,서초4동,Seocho4-dong,서초구,서울특별시,서울특별시 서초구 서초4동
11220550,1165054000,11220,11650,11,11,잠원동,Jamwon-dong,서초구,서울특별시,서울특별시 서초구 잠원동
11220560,1165055000,11220,11650,11,11,반포본동,Banpobon-dong,서초구,서울특별시,서울특별시 서초구 반포본동
11220570,1165056000,11220,11650,11,11,반포1동,Banpo1-dong,서초구,서울특별시,서울특별시 서초구 반포1동
11220580,1165057000,11220,11650,11,11,반포2동,Banpo2-dong,서초구,서울특별시,서울특별시 서초구 반포2동
11220590,1165058000,11220,11650,11,11,반포3동,Banpo3-dong,서초구,서울특별시,서울특별시 서초구 반포3동
11220600,1165058100,11220,11650,11,11,반포4동,Banpo4-dong,서초구,서울특별시,서울특별시 서초구 반포4동
11220610,1165059000,11220,11650,11,11,방배본동,Bangbaebon-dong,서초구,서울특별시,서울특별시 서초구 방배본동
11220620,1165060000,11220,11650,11,11,방배1동,Bangbae1-dong,서초구,서울특별시,서울특별시 서초구 방배1동
11220630,1165061000,11220,11650,11,11,방배2동,Bangbae2-dong,서초구,서울특별시,서울특별시 서초구 방배2동
11220640,1165062000,11220,11650,11,11,방배3동,Bangbae3-dong,서초구,서울특별시,서울특별시 서초구 방배3동
11220650,1165062100,11220,11650,11,11,방배4동,Bangbae4-dong,서초구,서울특별시,서울특별시 서초구 방배4동
11220660,1165065100,11220,11650,11,11,양재1동,Yangjae1-dong,서초구,서울특별시,서울특별시 서초구 양재1동
11220670,1165065200,11220,11650,11,11,양재2동,Yangjae2-dong,서초구,서울특별시,서울특별시 서초구 양재2동
11220680,1165066000,11220,11650,11,11,내곡동,Naegok-dong,서초구,서울특별시,서울특별시 서초구 내곡동
11230510,1168051000,11230,11680,11,11,신사동,Sinsa-dong,강남구,서울특별시,서울특별시 강남구 신사동
11230511,1168067500,11230,11680,11,11,개포3동,Gaepo3-dong,강남구,서울특별시,서울특별시 강남구 개포3동
11230520,1168052100,11230,11680,11,11,논현1동,Nonhyeon1-dong,강남구,서울특별시,서울특별시 강남구 논현1동
11230530,1168053100,11230,11680,11,11,논현2동,Nonhyeon2-dong,강남구,서울특별시,서울특별시 강남구 논현2동
11230580,1168058000,11230,11680,11,11,삼성1동,Samseong1-dong,강남구,서울특별시,서울특별시 강남구 삼성1동
11230590,1168059000,11230,11680,11,11,삼성2동,Samseong2-dong,강남구,서울특별시,서울특별시 강남구 삼성2동
11230600,1168060000,11230,11680,11,11,대치1동,Daechi1-dong,강남구,서울특별시,서울특별시 강남구 대치1동
11230630,1168063000,11230,11680,11,11,대치4동,Daechi4-dong,강남구,서울특별시,서울특별시 강남구 대치4동
11230640,1168064000,11230,11680,11,11,역삼1동,Yeoksam1-dong,강남구,서울특별시,서울특별시 강남구 역삼1동
11230650,1168065000,11230,11680,11,11,역삼2동,Yeoksam2-dong,강남구,서울특별시,서울특별시 강남구 역삼2동
11230660,1168065500,11230,11680,11,11,도곡1동,Dogok1-dong,강남구,서울특별시,서울특별시 강남구 도곡1동
11230670,1168065600,11230,11680,11,11,도곡2동,Dogok2-dong,강남구,서울특별시,서울특별시 강남구 도곡2동
11230680,1168066000,11230,11680,11,11,개포1동,Gaepo1-dong,강남구,서울특별시,서울특별시 강남구 개포1동
11230710,1168069000,11230,11680,11,11,개포4동,Gaepo4-dong,강남구,서울특별시,서울특별시 강남구 개포4동
11230720,1168072000,11230,11680,11,11,일원본동,Irwonbon-dong,강남구,서울특별시,서울특별시 강남구 일원본동
11230730,1168073000,11230,11680,11,11,일원1동,Irwon1-dong,강남구,서울특별시,서울특별시 강남구 일원1동
11230750,1168075000,11230,11680,11,11,수서동,Suseo-dong,강남구,서울특별시,서울특별시 강남구 수서동
11230760,1168070000,11230,11680,11,11,세곡동,Segok-dong,강남구,서울특별시,서울특별시 강남구 세곡동
11230770,1168054500,11230,11680,11,11,압구정동,Apgujeong-dong,강남구,서울특별시,서울특별시 강남구 압구정동
11230780,1168056500,11230,11680,11,11,청담동,Cheongdam-dong,강남구,서울특별시,서울특별시 강남구 청담동
11230790,1168061000,11230,11680,11,11,대치2동,Daechi2-dong,강남구,서울특별시,서울특별시 강남구 대치2동
11230800,1168067000,11230,11680,11,11,개포2동,Gaepo2-dong,강남구,서울특별시,서울특별시 강남구 개포2동
11240510,1171051000,11240,11710,11,11,풍납1동,Pungnap1-dong,송파구,서울특별시,서울특별시 송파구 풍납1동
11240520,1171052000,11240,11710,11,11,풍납2동,Pungnap2-dong,송파구,서울특별시,서울특별시 송파구 풍납2동
11240530,1171053100,11240,11710,11,11,거여1동,Geoyeo1-dong,송파구,서울특별시,서울특별시 송파구 거여1동
11240540,1171053200,11240,11710,11,11,거여2동,Geoyeo2-dong,송파구,서울특별시,서울특별시 송파구 거여2동
11240550,1171054000,11240,11710,11,11,마천1동,Macheon1-dong,송파구,서울특별시,서울특별시 송파구 마천1동
11240560,1171055000,11240,11710,11,11,마천2동,Macheon2-dong,송파구,서울특별시,서울특별시 송파구 마천2동
11240570,1171056100,11240,11710,11,11,방이1동,Bangi1-dong,송파구,서울특별시,서울특별시 송파구 방이1동
11240580,1171056200,11240,11710,11,11,방이2동,Bangi2-dong,송파구,서울특별시,서울특별시 송파구 방이2동
11240590,1171056600,11240,11710,11,11,오륜동,Oryun-dong,송파구,서울특별시,서울특별시 송파구 오륜동
11240600,1171057000,11240,11710,11,11,오금동,Ogeum-dong,송파구,서울특별시,서울특별시 송파구 오금동
11240610,1171058000,11240,11710,11,11,송파1동,Songpa1-dong,송파구,서울특별시,서울특별시 송파구 송파1동
11240620,1171059000,11240,11710,11,11,송파2동,Songpa2-dong,송파구,서울특별시,서울특별시 송파구 송파2동
11240630,1171060000,11240,11710,11,11,석촌동,Seokchon-dong,송파구,서울특별시,서울특별시 송파구 석촌동
11240640,1171061000,11240,11710,11,11,삼전동,Samjeon-dong,송파구,서울특별시,서울특별시 송파구 삼전동
11240650,1171062000,11240,11710,11,11,가락본동,Garakbon-dong,송파구,서울특별시,서울특별시 송파구 가락본동
11240660,1171063100,11240,11710,11,11,가락1동,Garak1-dong,송파구,서울특별시,서울특별시 송파구 가락1동
11240670,1171063200,11240,11710,11,11,가락2동,Garak2-dong,송파구,서울특별시,서울특별시 송파구 가락2동
11240680,1171064100,11240,11710,11,11,문정1동,Munjeong1-dong,송파구,서울특별시,서울특별시 송파구 문정1동
11240690,1171064200,11240,11710,11,11,문정2동,Munjeong2-dong,송파구,서울특별시,서울특별시 송파구 문정2동
11240710,1171065000,11240,11710,11,11,잠실본동,Jamsilbon-dong,송파구,서울특별시,서울특별시 송파구 잠실본동
11240750,1171069000,11240,11710,11,11,잠실4동,Jamsil4-dong,송파구,서울특별시,서울특별시 송파구 잠실4동
11240770,1171071000,11240,11710,11,11,잠실6동,Jamsil6-dong,송파구,서울특별시,서울특별시 송파구 잠실6동
11240780,1171072000,11240,11710,11,11,잠실7동,Jamsil7-dong,송파구,서울특별시,서울특별시 송파구 잠실7동
11240790,1171067000,11240,11710,11,11,잠실2동,Jamsil2-dong,송파구,서울특별시,서울특별시 송파구 잠실2동
11240800,1171068000,11240,11710,11,11,잠실3동,Jamsil3-dong,송파구,서울특별시,서울특별시 송파구 잠실3동
11240810,1171064600,11240,11710,11,11,장지동,Jangji-dong,송파구,서울특별시,서울특별시 송파구 장지동
11240820,1171064700,11240,11710,11,11,위례동,Wirye-dong,송파구,서울특별시,서울특별시 송파구 위례동
11250530,1174053000,11250,11740,11,11,명일1동,Myeongil1-dong,강동구,서울특별시,서울특별시 강동구 명일1동
11250540,1174054000,11250,11740,11,11,명일2동,Myeongil2-dong,강동구,서울특별시,서울특별시 강동구 명일2동
11250550,1174055000,11250,11740,11,11,고덕1동,Godeok1-dong,강동구,서울특별시,서울특별시 강동구 고덕1동
11250560,1174056000,11250,11740,11,11,고덕2동,Godeok2-dong,강동구,서울특별시,서울특별시 강동구 고덕2동
11250580,1174058000,11250,11740,11,11,암사2동,Amsa2-dong,강동구,서울특별시,서울특별시 강동구 암사2동
11250590,1174059000,11250,11740,11,11,암사3동,Amsa3-dong,강동구,서울특별시,서울특별시 강동구 암사3동
11250610,1174060000,11250,11740,11,11,천호1동,Cheonho1-dong,강동구,서울특별시,서울특별시 강동구 천호1동
11250630,1174062000,11250,11740,11,11,천호3동,Cheonho3-dong,강동구,서울특별시,서울특별시 강동구 천호3동
11250650,1174064000,11250,11740,11,11,성내1동,Seongnae1-dong,강동구,서울특별시,서울특별시 강동구 성내1동
11250660,1174065000,11250,11740,11,11,성내2동,Seongnae2-dong,강동구,서울특별시,서울특별시 강동구 성내2동
11250670,1174066000,11250,11740,11,11,성내3동,Seongnae3-dong,강동구,서울특별시,서울특별시 강동구 성내3동
11250700,1174069000,11250,11740,11,11,둔촌1동,Dunchon1-dong,강동구,서울특별시,서울특별시 강동구 둔촌1동
11250710,1174070000,11250,11740,11,11,둔촌2동,Dunchon2-dong,강동구,서울특별시,서울특별시 강동구 둔촌2동
11250720,1174057000,11250,11740,11,11,암사1동,Amsa1-dong,강동구,서울특별시,서울특별시 강동구 암사1동
11250730,1174061000,11250,11740,11,11,천호2동,Cheonho2-dong,강동구,서울특별시,서울특별시 강동구 천호2동
11250740,1174068500,11250,11740,11,11,길동,Gil-dong,강동구,서울특별시,서울특별시 강동구 길동
11250750,1174051500,11250,11740,11,11,강일동,Gangil-dong,강동구,서울특별시,서울특별시 강동구 강일동
11250760,1174052500,11250,11740,11,11,상일제1동,Sangilje1-dong,강동구,서울특별시,서울특별시 강동구 상일제1동
11250770,1174052600,11250,11740,11,11,상일제2동,Sangilje2-dong,강동구,서울특별시,서울특별시 강동구 상일제2동
12010510,1221052500,12010,12210,12,12,충장동,Chungjang-dong,동구,전남광주통합특별시,전남광주통합특별시 동구 충장동
12010540,1221054500,12010,12210,12,12,동명동,Dongmyeong-dong,동구,전남광주통합특별시,전남광주통합특별시 동구 동명동
12010560,1221056000,12010,12210,12,12,계림1동,Gyerim1-dong,동구,전남광주통합특별시,전남광주통합특별시 동구 계림1동
12010580,1221057000,12010,12210,12,12,계림2동,Gyerim2-dong,동구,전남광주통합특별시,전남광주통합특별시 동구 계림2동
12010590,1221059000,12010,12210,12,12,산수1동,Sansu1-dong,동구,전남광주통합특별시,전남광주통합특별시 동구 산수1동
12010610,1221060000,12010,12210,12,12,산수2동,Sansu2-dong,동구,전남광주통합특별시,전남광주통합특별시 동구 산수2동
12010620,1221062000,12010,12210,12,12,지산1동,Jisan1-dong,동구,전남광주통합특별시,전남광주통합특별시 동구 지산1동
12010630,1221063000,12010,12210,12,12,지산2동,Jisan2-dong,동구,전남광주통합특별시,전남광주통합특별시 동구 지산2동
12010640,1221065500,12010,12210,12,12,서남동,Seonam-dong,동구,전남광주통합특별시,전남광주통합특별시 동구 서남동
12010680,1221068500,12010,12210,12,12,학동,Hak-dong,동구,전남광주통합특별시,전남광주통합특별시 동구 학동
12010710,1221071000,12010,12210,12,12,학운동,Hagun-dong,동구,전남광주통합특별시,전남광주통합특별시 동구 학운동
12010720,1221073000,12010,12210,12,12,지원1동,Jiwon1-dong,동구,전남광주통합특별시,전남광주통합특별시 동구 지원1동
12010730,1221074000,12010,12210,12,12,지원2동,Jiwon2-dong,동구,전남광주통합특별시,전남광주통합특별시 동구 지원2동
12020510,1224057500,12020,12240,12,12,양동,Yang-dong,서구,전남광주통합특별시,전남광주통합특별시 서구 양동
12020530,1224059000,12020,12240,12,12,양3동,Yang3-dong,서구,전남광주통합특별시,전남광주통합특별시 서구 양3동
12020540,1224065000,12020,12240,12,12,농성1동,Nongseong1-dong,서구,전남광주통합특별시,전남광주통합특별시 서구 농성1동
12020550,1224066000,12020,12240,12,12,농성2동,Nongseong2-dong,서구,전남광주통합특별시,전남광주통합특별시 서구 농성2동
12020560,1224073000,12020,12240,12,12,광천동,Gwangcheon-dong,서구,전남광주통합특별시,전남광주통합특별시 서구 광천동
12020570,1224074000,12020,12240,12,12,유덕동,Yudeok-dong,서구,전남광주통합특별시,전남광주통합특별시 서구 유덕동
12020580,1224075100,12020,12240,12,12,상무1동,Sangmu1-dong,서구,전남광주통합특별시,전남광주통합특별시 서구 상무1동
12020590,1224075200,12020,12240,12,12,상무2동,Sangmu2-dong,서구,전남광주통합특별시,전남광주통합특별시 서구 상무2동
12020600,1224076000,12020,12240,12,12,화정1동,Hwajeong1-dong,서구,전남광주통합특별시,전남광주통합특별시 서구 화정1동
12020610,1224077000,12020,12240,12,12,화정2동,Hwajeong2-dong,서구,전남광주통합특별시,전남광주통합특별시 서구 화정2동
12020620,1224078000,12020,12240,12,12,화정3동,Hwajeong3-dong,서구,전남광주통합특별시,전남광주통합특별시 서구 화정3동
12020630,1224079000,12020,12240,12,12,화정4동,Hwajeong4-dong,서구,전남광주통합특별시,전남광주통합특별시 서구 화정4동
12020640,1224080000,12020,12240,12,12,서창동,Seochang-dong,서구,전남광주통합특별시,전남광주통합특별시 서구 서창동
12020660,1224074500,12020,12240,12,12,치평동,Chipyeong-dong,서구,전남광주통합특별시,전남광주통합특별시 서구 치평동
12020670,1224083000,12020,12240,12,12,풍암동,Pungam-dong,서구,전남광주통합특별시,전남광주통합특별시 서구 풍암동
12020680,1224082100,12020,12240,12,12,금호1동,Geumho1-dong,서구,전남광주통합특별시,전남광주통합특별시 서구 금호1동
12020690,1224082400,12020,12240,12,12,금호2동,Geumho2-dong,서구,전남광주통합특별시,전남광주통합특별시 서구 금호2동
12020700,1224084000,12020,12240,12,12,동천동,Dongcheon-dong,서구,전남광주통합특별시,전남광주통합특별시 서구 동천동
12030510,1227051000,12030,12270,12,12,양림동,Yangnim-dong,남구,전남광주통합특별시,전남광주통합특별시 남구 양림동
12030520,1227052000,12030,12270,12,12,방림1동,Bangnim1-dong,남구,전남광주통합특별시,전남광주통합특별시 남구 방림1동
12030530,1227053000,12030,12270,12,12,방림2동,Bangnim2-dong,남구,전남광주통합특별시,전남광주통합특별시 남구 방림2동
12030540,1227054500,12030,12270,12,12,사직동,Sajik-dong,남구,전남광주통합특별시,전남광주통합특별시 남구 사직동
12030570,1227060500,12030,12270,12,12,월산동,Wolsan-dong,남구,전남광주통합특별시,전남광주통합특별시 남구 월산동
12030600,1227063000,12030,12270,12,12,월산4동,Wolsan4-dong,남구,전남광주통합특별시,전남광주통합특별시 남구 월산4동
12030610,1227064000,12030,12270,12,12,월산5동,Wolsan5-dong,남구,전남광주통합특별시,전남광주통합특별시 남구 월산5동
12030620,1227067000,12030,12270,12,12,백운1동,Baegun1-dong,남구,전남광주통합특별시,전남광주통합특별시 남구 백운1동
12030630,1227068000,12030,12270,12,12,백운2동,Baegun2-dong,남구,전남광주통합특별시,전남광주통합특별시 남구 백운2동
12030640,1227069000,12030,12270,12,12,주월1동,Juwol1-dong,남구,전남광주통합특별시,전남광주통합특별시 남구 주월1동
12030650,1227070000,12030,12270,12,12,주월2동,Juwol2-dong,남구,전남광주통합특별시,전남광주통합특별시 남구 주월2동
12030670,1227072000,12030,12270,12,12,송암동,Songam-dong,남구,전남광주통합특별시,전남광주통합특별시 남구 송암동
12030680,1227053700,12030,12270,12,12,봉선1동,Bongseon1-dong,남구,전남광주통합특별시,전남광주통합특별시 남구 봉선1동
12030690,1227053800,12030,12270,12,12,봉선2동,Bongseon2-dong,남구,전남광주통합특별시,전남광주통합특별시 남구 봉선2동
12030700,1227073000,12030,12270,12,12,대촌동,Daechon-dong,남구,전남광주통합특별시,전남광주통합특별시 남구 대촌동
12030710,1227070500,12030,12270,12,12,진월동,Jinwol-dong,남구,전남광주통합특별시,전남광주통합특별시 남구 진월동
12030720,1227071000,12030,12270,12,12,효덕동,Hyodeok-dong,남구,전남광주통합특별시,전남광주통합특별시 남구 효덕동
12040510,1230051000,12040,12300,12,12,중흥1동,Jungheung1-dong,북구,전남광주통합특별시,전남광주통합특별시 북구 중흥1동
12040540,1230055500,12040,12300,12,12,중앙동,Jungang-dong,북구,전남광주통합특별시,전남광주통합특별시 북구 중앙동
12040550,1230057000,12040,12300,12,12,임동,Im-dong,북구,전남광주통합특별시,전남광주통합특별시 북구 임동
12040560,1230058000,12040,12300,12,12,신안동,Sinan-dong,북구,전남광주통합특별시,전남광주통합특별시 북구 신안동
12040570,1230059000,12040,12300,12,12,용봉동,Yongbong-dong,북구,전남광주통합특별시,전남광주통합특별시 북구 용봉동
12040580,1230060100,12040,12300,12,12,운암1동,Unam1-dong,북구,전남광주통합특별시,전남광주통합특별시 북구 운암1동
12040590,1230060200,12040,12300,12,12,운암2동,Unam2-dong,북구,전남광주통합특별시,전남광주통합특별시 북구 운암2동
12040600,1230060300,12040,12300,12,12,운암3동,Unam3-dong,북구,전남광주통합특별시,전남광주통합특별시 북구 운암3동
12040610,1230061500,12040,12300,12,12,동림동,Dongnim-dong,북구,전남광주통합특별시,전남광주통합특별시 북구 동림동
12040620,1230062000,12040,12300,12,12,우산동,Usan-dong,북구,전남광주통합특별시,전남광주통합특별시 북구 우산동
12040630,1230063500,12040,12300,12,12,풍향동,Punghyang-dong,북구,전남광주통합특별시,전남광주통합특별시 북구 풍향동
12040640,1230065000,12040,12300,12,12,문화동,Munhwa-dong,북구,전남광주통합특별시,전남광주통합특별시 북구 문화동
12040650,1230065600,12040,12300,12,12,문흥1동,Munheung1-dong,북구,전남광주통합특별시,전남광주통합특별시 북구 문흥1동
12040660,1230065700,12040,12300,12,12,문흥2동,Munheung2-dong,북구,전남광주통합특별시,전남광주통합특별시 북구 문흥2동
12040670,1230066100,12040,12300,12,12,두암1동,Duam1-dong,북구,전남광주통합특별시,전남광주통합특별시 북구 두암1동
12040680,1230066200,12040,12300,12,12,두암2동,Duam2-dong,북구,전남광주통합특별시,전남광주통합특별시 북구 두암2동
12040690,1230066300,12040,12300,12,12,두암3동,Duam3-dong,북구,전남광주통합특별시,전남광주통합특별시 북구 두암3동
12040700,1230066600,12040,12300,12,12,삼각동,Samgak-dong,북구,전남광주통합특별시,전남광주통합특별시 북구 삼각동
12040710,1230067300,12040,12300,12,12,매곡동,Maegok-dong,북구,전남광주통합특별시,전남광주통합특별시 북구 매곡동
12040720,1230067600,12040,12300,12,12,오치1동,Ochi1-dong,북구,전남광주통합특별시,전남광주통합특별시 북구 오치1동
12040730,1230067700,12040,12300,12,12,오치2동,Ochi2-dong,북구,전남광주통합특별시,전남광주통합특별시 북구 오치2동
12040740,1230068500,12040,12300,12,12,석곡동,Seokgok-dong,북구,전남광주통합특별시,전남광주통합특별시 북구 석곡동
12040780,1230066900,12040,12300,12,12,일곡동,Ilgok-dong,북구,전남광주통합특별시,전남광주통합특별시 북구 일곡동
12040800,1230069600,12040,12300,12,12,양산동,Yangsan-dong,북구,전남광주통합특별시,전남광주통합특별시 북구 양산동
12040810,1230069500,12040,12300,12,12,건국동,Geonguk-dong,북구,전남광주통합특별시,전남광주통합특별시 북구 건국동
12040820,1230069700,12040,12300,12,12,신용동,Sinyong-dong,북구,전남광주통합특별시,전남광주통합특별시 북구 신용동
12040831,1230053500,12040,12300,12,12,중흥동,Jungheung-dong,북구,전남광주통합특별시,전남광주통합특별시 북구 중흥동
12050511,1233051500,12050,12330,12,12,송정1동,Songjeong1-dong,광산구,전남광주통합특별시,전남광주통합특별시 광산구 송정1동
12050512,1233052500,12050,12330,12,12,송정2동,Songjeong2-dong,광산구,전남광주통합특별시,전남광주통합특별시 광산구 송정2동
12050513,1233055000,12050,12330,12,12,신흥동,Sinheung-dong,광산구,전남광주통합특별시,전남광주통합특별시 광산구 신흥동
12050514,1233056500,12050,12330,12,12,어룡동,Eoryong-dong,광산구,전남광주통합특별시,전남광주통합특별시 광산구 어룡동
12050515,1233062000,12050,12330,12,12,비아동,Bia-dong,광산구,전남광주통합특별시,전남광주통합특별시 광산구 비아동
12050516,1233062600,12050,12330,12,12,첨단2동,Cheomdan2-dong,광산구,전남광주통합특별시,전남광주통합특별시 광산구 첨단2동
12050517,1233063700,12050,12330,12,12,수완동,Suwan-dong,광산구,전남광주통합특별시,전남광주통합특별시 광산구 수완동
12050518,1233065000,12050,12330,12,12,임곡동,Imgok-dong,광산구,전남광주통합특별시,전남광주통합특별시 광산구 임곡동
12050519,1233069000,12050,12330,12,12,본량동,Bollyang-dong,광산구,전남광주통합특별시,전남광주통합특별시 광산구 본량동
12050521,1233070000,12050,12330,12,12,신창동,Sinchang-dong,광산구,전남광주통합특별시,전남광주통합특별시 광산구 신창동
12050540,1233054000,12050,12330,12,12,도산동,Dosan-dong,광산구,전남광주통합특별시,전남광주통합특별시 광산구 도산동
12050580,1233058000,12050,12330,12,12,우산동,Usan-dong,광산구,전남광주통합특별시,전남광주통합특별시 광산구 우산동
12050590,1233060000,12050,12330,12,12,월곡1동,Wolgok1-dong,광산구,전남광주통합특별시,전남광주통합특별시 광산구 월곡1동
12050600,1233061000,12050,12330,12,12,월곡2동,Wolgok2-dong,광산구,전남광주통합특별시,전남광주통합특별시 광산구 월곡2동
12050630,1233064000,12050,12330,12,12,하남동,Hanam-dong,광산구,전남광주통합특별시,전남광주통합특별시 광산구 하남동
12050650,1233066000,12050,12330,12,12,동곡동,Donggok-dong,광산구,전남광주통합특별시,전남광주통합특별시 광산구 동곡동
12050660,1233067000,12050,12330,12,12,평동,Pyeong-dong,광산구,전남광주통합특별시,전남광주통합특별시 광산구 평동
12050670,1233068000,12050,12330,12,12,삼도동,Samdo-dong,광산구,전남광주통합특별시,전남광주통합특별시 광산구 삼도동
12050690,1233062400,12050,12330,12,12,첨단1동,Cheomdan1-dong,광산구,전남광주통합특별시,전남광주통합특별시 광산구 첨단1동
12050710,1233063500,12050,12330,12,12,운남동,Unnam-dong,광산구,전남광주통합특별시,전남광주통합특별시 광산구 운남동
12050740,1233063000,12050,12330,12,12,신가동,Singa-dong,광산구,전남광주통합특별시,전남광주통합특별시 광산구 신가동
12060510,1211051000,12060,12110,12,12,용당1동,Yongdang1-dong,목포시,전남광주통합특별시,전남광주통합특별시 목포시 용당1동
12060520,1211052000,12060,12110,12,12,용당2동,Yongdang2-dong,목포시,전남광주통합특별시,전남광주통합특별시 목포시 용당2동
12060530,1211053500,12060,12110,12,12,연동,Yeon-dong,목포시,전남광주통합특별시,전남광주통합특별시 목포시 연동
12060550,1211054500,12060,12110,12,12,산정동,Sanjeong-dong,목포시,전남광주통합특별시,전남광주통합특별시 목포시 산정동
12060560,1211055400,12060,12110,12,12,연산동,Yeonsan-dong,목포시,전남광주통합특별시,전남광주통합특별시 목포시 연산동
12060570,1211055800,12060,12110,12,12,원산동,Wonsan-dong,목포시,전남광주통합특별시,전남광주통합특별시 목포시 원산동
12060580,1211056500,12060,12110,12,12,대성동,Daeseong-dong,목포시,전남광주통합특별시,전남광주통합특별시 목포시 대성동
12060600,1211059500,12060,12110,12,12,목원동,Mogwon-dong,목포시,전남광주통합특별시,전남광주통합특별시 목포시 목원동
12060620,1211064000,12060,12110,12,12,동명동,Dongmyeong-dong,목포시,전남광주통합특별시,전남광주통합특별시 목포시 동명동
12060630,1211064500,12060,12110,12,12,삼학동,Samhak-dong,목포시,전남광주통합특별시,전남광주통합특별시 목포시 삼학동
12060640,1211065500,12060,12110,12,12,만호동,Manho-dong,목포시,전남광주통합특별시,전남광주통합특별시 목포시 만호동
12060650,1211066000,12060,12110,12,12,유달동,Yudal-dong,목포시,전남광주통합특별시,전남광주통합특별시 목포시 유달동
12060670,1211069500,12060,12110,12,12,죽교동,Jukgyo-dong,목포시,전남광주통합특별시,전남광주통합특별시 목포시 죽교동
12060680,1211070500,12060,12110,12,12,북항동,Bukang-dong,목포시,전남광주통합특별시,전남광주통합특별시 목포시 북항동
12060690,1211074500,12060,12110,12,12,용해동,Yonghae-dong,목포시,전남광주통합특별시,전남광주통합특별시 목포시 용해동
12060700,1211075000,12060,12110,12,12,이로동,Iro-dong,목포시,전남광주통합특별시,전남광주통합특별시 목포시 이로동
12060710,1211075600,12060,12110,12,12,상동,Sang-dong,목포시,전남광주통합특별시,전남광주통합특별시 목포시 상동
12060720,1211075700,12060,12110,12,12,하당동,Hadang-dong,목포시,전남광주통합특별시,전남광주통합특별시 목포시 하당동
12060730,1211075800,12060,12110,12,12,신흥동,Sinheung-dong,목포시,전남광주통합특별시,전남광주통합특별시 목포시 신흥동
12060740,1211078000,12060,12110,12,12,삼향동,Samhyang-dong,목포시,전남광주통합특별시,전남광주통합특별시 목포시 삼향동
12060750,1211079000,12060,12110,12,12,옥암동,Ogam-dong,목포시,전남광주통합특별시,전남광주통합특별시 목포시 옥암동
12060760,1211080000,12060,12110,12,12,부흥동,Buheung-dong,목포시,전남광주통합특별시,전남광주통합특별시 목포시 부흥동
12060770,1211081000,12060,12110,12,12,부주동,Buju-dong,목포시,전남광주통합특별시,전남광주통합특별시 목포시 부주동
12070110,1213025000,12070,12130,12,12,돌산읍,Dolsan-eup,여수시,전남광주통합특별시,전남광주통합특별시 여수시 돌산읍
12070310,1213031000,12070,12130,12,12,소라면,Sora-myeon,여수시,전남광주통합특별시,전남광주통합특별시 여수시 소라면
12070320,1213032000,12070,12130,12,12,율촌면,Yulchon-myeon,여수시,전남광주통합특별시,전남광주통합특별시 여수시 율촌면
12070330,1213033000,12070,12130,12,12,화양면,Hwayang-myeon,여수시,전남광주통합특별시,전남광주통합특별시 여수시 화양면
12070340,1213034000,12070,12130,12,12,남면,Nam-myeon,여수시,전남광주통합특별시,전남광주통합특별시 여수시 남면
12070350,1213035000,12070,12130,12,12,화정면,Hwajeong-myeon,여수시,전남광주통합특별시,전남광주통합특별시 여수시 화정면
12070360,1213036000,12070,12130,12,12,삼산면,Samsan-myeon,여수시,전남광주통합특별시,전남광주통합특별시 여수시 삼산면
12070510,1213051500,12070,12130,12,12,동문동,Dongmun-dong,여수시,전남광주통합특별시,전남광주통합특별시 여수시 동문동
12070520,1213053500,12070,12130,12,12,한려동,Hallyeo-dong,여수시,전남광주통합특별시,전남광주통합특별시 여수시 한려동
12070530,1213057000,12070,12130,12,12,중앙동,Jungang-dong,여수시,전남광주통합특별시,전남광주통합특별시 여수시 중앙동
12070540,1213060000,12070,12130,12,12,충무동,Chungmu-dong,여수시,전남광주통합특별시,전남광주통합특별시 여수시 충무동
12070550,1213062500,12070,12130,12,12,광림동,Gwangnim-dong,여수시,전남광주통합특별시,전남광주통합특별시 여수시 광림동
12070560,1213063500,12070,12130,12,12,서강동,Seogang-dong,여수시,전남광주통합특별시,전남광주통합특별시 여수시 서강동
12070570,1213065500,12070,12130,12,12,대교동,Daegyo-dong,여수시,전남광주통합특별시,전남광주통합특별시 여수시 대교동
12070580,1213067000,12070,12130,12,12,국동,Guk-dong,여수시,전남광주통합특별시,전남광주통합특별시 여수시 국동
12070590,1213068500,12070,12130,12,12,월호동,Wolho-dong,여수시,전남광주통합특별시,전남광주통합특별시 여수시 월호동
12070600,1213070000,12070,12130,12,12,여서동,Yeoseo-dong,여수시,전남광주통합특별시,전남광주통합특별시 여수시 여서동
12070610,1213071000,12070,12130,12,12,문수동,Munsu-dong,여수시,전남광주통합특별시,전남광주통합특별시 여수시 문수동
12070620,1213073000,12070,12130,12,12,미평동,Mipyeong-dong,여수시,전남광주통합특별시,전남광주통합특별시 여수시 미평동
12070630,1213074000,12070,12130,12,12,둔덕동,Dundeok-dong,여수시,전남광주통합특별시,전남광주통합특별시 여수시 둔덕동
12070640,1213076500,12070,12130,12,12,만덕동,Mandeok-dong,여수시,전남광주통합특별시,전남광주통합특별시 여수시 만덕동
12070650,1213078000,12070,12130,12,12,쌍봉동,Ssangbong-dong,여수시,전남광주통합특별시,전남광주통합특별시 여수시 쌍봉동
12070660,1213079000,12070,12130,12,12,시전동,Sijeon-dong,여수시,전남광주통합특별시,전남광주통합특별시 여수시 시전동
12070670,1213080000,12070,12130,12,12,여천동,Yeocheon-dong,여수시,전남광주통합특별시,전남광주통합특별시 여수시 여천동
12070680,1213081000,12070,12130,12,12,주삼동,Jusam-dong,여수시,전남광주통합특별시,전남광주통합특별시 여수시 주삼동
12070690,1213082000,12070,12130,12,12,삼일동,Samil-dong,여수시,전남광주통합특별시,전남광주통합특별시 여수시 삼일동
12070700,1213083000,12070,12130,12,12,묘도동,Myodo-dong,여수시,전남광주통합특별시,전남광주통합특별시 여수시 묘도동
12080110,1215025000,12080,12150,12,12,승주읍,Seungju-eup,순천시,전남광주통합특별시,전남광주통합특별시 순천시 승주읍
12080310,1215035000,12080,12150,12,12,주암면,Juam-myeon,순천시,전남광주통합특별시,전남광주통합특별시 순천시 주암면
12080320,1215036000,12080,12150,12,12,송광면,Songgwang-myeon,순천시,전남광주통합특별시,전남광주통합특별시 순천시 송광면
12080330,1215037000,12080,12150,12,12,외서면,Oeseo-myeon,순천시,전남광주통합특별시,전남광주통합특별시 순천시 외서면
12080340,1215038000,12080,12150,12,12,낙안면,Nagan-myeon,순천시,전남광주통합특별시,전남광주통합특별시 순천시 낙안면
12080350,1215039000,12080,12150,12,12,별량면,Byeollyang-myeon,순천시,전남광주통합특별시,전남광주통합특별시 순천시 별량면
12080360,1215040000,12080,12150,12,12,상사면,Sangsa-myeon,순천시,전남광주통합특별시,전남광주통합특별시 순천시 상사면
12080370,1215031000,12080,12150,12,12,해룡면,Haeryong-myeon,순천시,전남광주통합특별시,전남광주통합특별시 순천시 해룡면
12080380,1215032000,12080,12150,12,12,서면,Seo-myeon,순천시,전남광주통합특별시,전남광주통합특별시 순천시 서면
12080390,1215033000,12080,12150,12,12,황전면,Hwangjeon-myeon,순천시,전남광주통합특별시,전남광주통합특별시 순천시 황전면
12080400,1215034000,12080,12150,12,12,월등면,Woldeung-myeon,순천시,전남광주통합특별시,전남광주통합특별시 순천시 월등면
12080510,1215051500,12080,12150,12,12,향동,Hyang-dong,순천시,전남광주통합특별시,전남광주통합특별시 순천시 향동
12080540,1215054000,12080,12150,12,12,매곡동,Maegok-dong,순천시,전남광주통합특별시,전남광주통합특별시 순천시 매곡동
12080550,1215055000,12080,12150,12,12,삼산동,Samsan-dong,순천시,전남광주통합특별시,전남광주통합특별시 순천시 삼산동
12080560,1215056000,12080,12150,12,12,조곡동,Jogok-dong,순천시,전남광주통합특별시,전남광주통합특별시 순천시 조곡동
12080570,1215057000,12080,12150,12,12,덕연동,Deogyeon-dong,순천시,전남광주통합특별시,전남광주통합특별시 순천시 덕연동
12080580,1215058000,12080,12150,12,12,풍덕동,Pungdeok-dong,순천시,전남광주통합특별시,전남광주통합특별시 순천시 풍덕동
12080590,1215059000,12080,12150,12,12,남제동,Namje-dong,순천시,전남광주통합특별시,전남광주통합특별시 순천시 남제동
12080600,1215060000,12080,12150,12,12,저전동,Jeojeon-dong,순천시,전남광주통합특별시,전남광주통합특별시 순천시 저전동
12080610,1215061000,12080,12150,12,12,장천동,Jangcheon-dong,순천시,전남광주통합특별시,전남광주통합특별시 순천시 장천동
12080620,1215062000,12080,12150,12,12,중앙동,Jungang-dong,순천시,전남광주통합특별시,전남광주통합특별시 순천시 중앙동
12080630,1215063500,12080,12150,12,12,도사동,Dosa-dong,순천시,전남광주통합특별시,전남광주통합특별시 순천시 도사동
12080660,1215066100,12080,12150,12,12,왕조1동,Wangjo1-dong,순천시,전남광주통합특별시,전남광주통합특별시 순천시 왕조1동
12080670,1215066500,12080,12150,12,12,왕조2동,Wangjo2-dong,순천시,전남광주통합특별시,전남광주통합특별시 순천시 왕조2동
12090110,1217025000,12090,12170,12,12,남평읍,Nampyeong-eup,나주시,전남광주통합특별시,전남광주통합특별시 나주시 남평읍
12090310,1217031000,12090,12170,12,12,세지면,Seji-myeon,나주시,전남광주통합특별시,전남광주통합특별시 나주시 세지면
12090320,1217032000,12090,12170,12,12,왕곡면,Wanggok-myeon,나주시,전남광주통합특별시,전남광주통합특별시 나주시 왕곡면
12090330,1217033000,12090,12170,12,12,반남면,Bannam-myeon,나주시,전남광주통합특별시,전남광주통합특별시 나주시 반남면
12090340,1217034000,12090,12170,12,12,공산면,Gongsan-myeon,나주시,전남광주통합특별시,전남광주통합특별시 나주시 공산면
12090350,1217035000,12090,12170,12,12,동강면,Donggang-myeon,나주시,전남광주통합특별시,전남광주통합특별시 나주시 동강면
12090360,1217036000,12090,12170,12,12,다시면,Dasi-myeon,나주시,전남광주통합특별시,전남광주통합특별시 나주시 다시면
12090370,1217037000,12090,12170,12,12,문평면,Munpyeong-myeon,나주시,전남광주통합특별시,전남광주통합특별시 나주시 문평면
12090380,1217038000,12090,12170,12,12,노안면,Noan-myeon,나주시,전남광주통합특별시,전남광주통합특별시 나주시 노안면
12090390,1217039000,12090,12170,12,12,금천면,Geumcheon-myeon,나주시,전남광주통합특별시,전남광주통합특별시 나주시 금천면
12090400,1217040000,12090,12170,12,12,산포면,Sanpo-myeon,나주시,전남광주통합특별시,전남광주통합특별시 나주시 산포면
12090410,1217042000,12090,12170,12,12,다도면,Dado-myeon,나주시,전남광주통합특별시,전남광주통합특별시 나주시 다도면
12090420,1217043000,12090,12170,12,12,봉황면,Bonghwang-myeon,나주시,전남광주통합특별시,전남광주통합특별시 나주시 봉황면
12090510,1217051000,12090,12170,12,12,송월동,Songwol-dong,나주시,전남광주통합특별시,전남광주통합특별시 나주시 송월동
12090520,1217052000,12090,12170,12,12,영강동,Yeonggang-dong,나주시,전남광주통합특별시,전남광주통합특별시 나주시 영강동
12090540,1217054000,12090,12170,12,12,금남동,Geumnam-dong,나주시,전남광주통합특별시,전남광주통합특별시 나주시 금남동
12090550,1217055000,12090,12170,12,12,성북동,Seongbuk-dong,나주시,전남광주통합특별시,전남광주통합특별시 나주시 성북동
12090580,1217058000,12090,12170,12,12,영산동,Yeongsan-dong,나주시,전남광주통합특별시,전남광주통합특별시 나주시 영산동
12090600,1217060000,12090,12170,12,12,이창동,Ichang-dong,나주시,전남광주통합특별시,전남광주통합특별시 나주시 이창동
12090610,1217062000,12090,12170,12,12,빛가람동,Bitgaram-dong,나주시,전남광주통합특별시,전남광주통합특별시 나주시 빛가람동
12100110,1219025000,12100,12190,12,12,광양읍,Gwangyang-eup,광양시,전남광주통합특별시,전남광주통합특별시 광양시 광양읍
12100310,1219031000,12100,12190,12,12,봉강면,Bonggang-myeon,광양시,전남광주통합특별시,전남광주통합특별시 광양시 봉강면
12100320,1219032000,12100,12190,12,12,옥룡면,Ongnyong-myeon,광양시,전남광주통합특별시,전남광주통합특별시 광양시 옥룡면
12100330,1219033000,12100,12190,12,12,옥곡면,Okgok-myeon,광양시,전남광주통합특별시,전남광주통합특별시 광양시 옥곡면
12100340,1219034000,12100,12190,12,12,진상면,Jinsang-myeon,광양시,전남광주통합특별시,전남광주통합특별시 광양시 진상면
12100350,1219035000,12100,12190,12,12,진월면,Jinwol-myeon,광양시,전남광주통합특별시,전남광주통합특별시 광양시 진월면
12100360,1219036000,12100,12190,12,12,다압면,Daap-myeon,광양시,전남광주통합특별시,전남광주통합특별시 광양시 다압면
12100510,1219051500,12100,12190,12,12,골약동,Goryak-dong,광양시,전남광주통합특별시,전남광주통합특별시 광양시 골약동
12100530,1219053000,12100,12190,12,12,중마동,Jungma-dong,광양시,전남광주통합특별시,전남광주통합특별시 광양시 중마동
12100540,1219054000,12100,12190,12,12,광영동,Gwangyeong-dong,광양시,전남광주통합특별시,전남광주통합특별시 광양시 광영동
12100550,1219057000,12100,12190,12,12,태인동,Taein-dong,광양시,전남광주통합특별시,전남광주통합특별시 광양시 태인동
12100560,1219055000,12100,12190,12,12,금호동,Geumho-dong,광양시,전남광주통합특별시,전남광주통합특별시 광양시 금호동
12510110,1271025000,12510,12710,12,12,담양읍,Damyang-eup,담양군,전남광주통합특별시,전남광주통합특별시 담양군 담양읍
12510310,1271031000,12510,12710,12,12,봉산면,Bongsan-myeon,담양군,전남광주통합특별시,전남광주통합특별시 담양군 봉산면
12510320,1271032000,12510,12710,12,12,고서면,Goseo-myeon,담양군,전남광주통합특별시,전남광주통합특별시 담양군 고서면
12510340,1271034000,12510,12710,12,12,창평면,Changpyeong-myeon,담양군,전남광주통합특별시,전남광주통합특별시 담양군 창평면
12510350,1271035000,12510,12710,12,12,대덕면,Daedeok-myeon,담양군,전남광주통합특별시,전남광주통합특별시 담양군 대덕면
12510360,1271036000,12510,12710,12,12,무정면,Mujeong-myeon,담양군,전남광주통합특별시,전남광주통합특별시 담양군 무정면
12510370,1271037000,12510,12710,12,12,금성면,Geumseong-myeon,담양군,전남광주통합특별시,전남광주통합특별시 담양군 금성면
12510380,1271038000,12510,12710,12,12,용면,Yong-myeon,담양군,전남광주통합특별시,전남광주통합특별시 담양군 용면
12510390,1271039000,12510,12710,12,12,월산면,Wolsan-myeon,담양군,전남광주통합특별시,전남광주통합특별시 담양군 월산면
12510400,1271040000,12510,12710,12,12,수북면,Subuk-myeon,담양군,전남광주통합특별시,전남광주통합특별시 담양군 수북면
12510410,1271041000,12510,12710,12,12,대전면,Daejeon-myeon,담양군,전남광주통합특별시,전남광주통합특별시 담양군 대전면
12510420,1271033500,12510,12710,12,12,가사문학면,Gasamunhak-myeon,담양군,전남광주통합특별시,전남광주통합특별시 담양군 가사문학면
12520110,1272025000,12520,12720,12,12,곡성읍,Gokseong-eup,곡성군,전남광주통합특별시,전남광주통합특별시 곡성군 곡성읍
12520310,1272031000,12520,12720,12,12,오곡면,Ogok-myeon,곡성군,전남광주통합특별시,전남광주통합특별시 곡성군 오곡면
12520320,1272032000,12520,12720,12,12,삼기면,Samgi-myeon,곡성군,전남광주통합특별시,전남광주통합특별시 곡성군 삼기면
12520330,1272033000,12520,12720,12,12,석곡면,Seokgok-myeon,곡성군,전남광주통합특별시,전남광주통합특별시 곡성군 석곡면
12520340,1272034000,12520,12720,12,12,목사동면,Moksadong-myeon,곡성군,전남광주통합특별시,전남광주통합특별시 곡성군 목사동면
12520350,1272035000,12520,12720,12,12,죽곡면,Jukgok-myeon,곡성군,전남광주통합특별시,전남광주통합특별시 곡성군 죽곡면
12520360,1272036000,12520,12720,12,12,고달면,Godal-myeon,곡성군,전남광주통합특별시,전남광주통합특별시 곡성군 고달면
12520370,1272037000,12520,12720,12,12,옥과면,Okgwa-myeon,곡성군,전남광주통합특별시,전남광주통합특별시 곡성군 옥과면
12520380,1272038000,12520,12720,12,12,입면,Ip-myeon,곡성군,전남광주통합특별시,전남광주통합특별시 곡성군 입면
12520390,1272039000,12520,12720,12,12,겸면,Gyeom-myeon,곡성군,전남광주통합특별시,전남광주통합특별시 곡성군 겸면
12520400,1272040000,12520,12720,12,12,오산면,Osan-myeon,곡성군,전남광주통합특별시,전남광주통합특별시 곡성군 오산면
12530110,1273025000,12530,12730,12,12,구례읍,Gurye-eup,구례군,전남광주통합특별시,전남광주통합특별시 구례군 구례읍
12530310,1273031000,12530,12730,12,12,문척면,Muncheok-myeon,구례군,전남광주통합특별시,전남광주통합특별시 구례군 문척면
12530320,1273032000,12530,12730,12,12,간전면,Ganjeon-myeon,구례군,전남광주통합특별시,전남광주통합특별시 구례군 간전면
12530330,1273033000,12530,12730,12,12,토지면,Toji-myeon,구례군,전남광주통합특별시,전남광주통합특별시 구례군 토지면
12530340,1273034000,12530,12730,12,12,마산면,Masan-myeon,구례군,전남광주통합특별시,전남광주통합특별시 구례군 마산면
12530350,1273035000,12530,12730,12,12,광의면,Gwangui-myeon,구례군,전남광주통합특별시,전남광주통합특별시 구례군 광의면
12530360,1273036000,12530,12730,12,12,용방면,Yongbang-myeon,구례군,전남광주통합특별시,전남광주통합특별시 구례군 용방면
12530370,1273037000,12530,12730,12,12,산동면,Sandong-myeon,구례군,전남광주통합특별시,전남광주통합특별시 구례군 산동면
12550110,1274025000,12550,12740,12,12,고흥읍,Goheung-eup,고흥군,전남광주통합특별시,전남광주통합특별시 고흥군 고흥읍
12550120,1274025300,12550,12740,12,12,도양읍,Doyang-eup,고흥군,전남광주통합특별시,전남광주통합특별시 고흥군 도양읍
12550310,1274031000,12550,12740,12,12,풍양면,Pungyang-myeon,고흥군,전남광주통합특별시,전남광주통합특별시 고흥군 풍양면
12550320,1274032000,12550,12740,12,12,도덕면,Dodeok-myeon,고흥군,전남광주통합특별시,전남광주통합특별시 고흥군 도덕면
12550330,1274033000,12550,12740,12,12,금산면,Geumsan-myeon,고흥군,전남광주통합특별시,전남광주통합특별시 고흥군 금산면
12550340,1274034000,12550,12740,12,12,도화면,Dohwa-myeon,고흥군,전남광주통합특별시,전남광주통합특별시 고흥군 도화면
12550350,1274035000,12550,12740,12,12,포두면,Podu-myeon,고흥군,전남광주통합특별시,전남광주통합특별시 고흥군 포두면
12550360,1274036000,12550,12740,12,12,봉래면,Bongnae-myeon,고흥군,전남광주통합특별시,전남광주통합특별시 고흥군 봉래면
12550370,1274045000,12550,12740,12,12,동일면,Dongil-myeon,고흥군,전남광주통합특별시,전남광주통합특별시 고흥군 동일면
12550380,1274037000,12550,12740,12,12,점암면,Jeomam-myeon,고흥군,전남광주통합특별시,전남광주통합특별시 고흥군 점암면
12550390,1274044000,12550,12740,12,12,영남면,Yeongnam-myeon,고흥군,전남광주통합특별시,전남광주통합특별시 고흥군 영남면
12550400,1274038000,12550,12740,12,12,과역면,Gwayeok-myeon,고흥군,전남광주통합특별시,전남광주통합특별시 고흥군 과역면
12550410,1274039000,12550,12740,12,12,남양면,Namyang-myeon,고흥군,전남광주통합특별시,전남광주통합특별시 고흥군 남양면
12550420,1274040000,12550,12740,12,12,동강면,Donggang-myeon,고흥군,전남광주통합특별시,전남광주통합특별시 고흥군 동강면
12550430,1274041000,12550,12740,12,12,대서면,Daeseo-myeon,고흥군,전남광주통합특별시,전남광주통합특별시 고흥군 대서면
12550440,1274042000,12550,12740,12,12,두원면,Duwon-myeon,고흥군,전남광주통합특별시,전남광주통합특별시 고흥군 두원면
12560110,1275025000,12560,12750,12,12,보성읍,Boseong-eup,보성군,전남광주통합특별시,전남광주통합특별시 보성군 보성읍
12560120,1275025300,12560,12750,12,12,벌교읍,Beolgyo-eup,보성군,전남광주통합특별시,전남광주통합특별시 보성군 벌교읍
12560310,1275031000,12560,12750,12,12,노동면,Nodong-myeon,보성군,전남광주통합특별시,전남광주통합특별시 보성군 노동면
12560320,1275032000,12560,12750,12,12,미력면,Miryeok-myeon,보성군,전남광주통합특별시,전남광주통합특별시 보성군 미력면
12560330,1275033000,12560,12750,12,12,겸백면,Gyeombaek-myeon,보성군,전남광주통합특별시,전남광주통합특별시 보성군 겸백면
12560340,1275034000,12560,12750,12,12,율어면,Yureo-myeon,보성군,전남광주통합특별시,전남광주통합특별시 보성군 율어면
12560350,1275035000,12560,12750,12,12,복내면,Bongnae-myeon,보성군,전남광주통합특별시,전남광주통합특별시 보성군 복내면
12560360,1275036000,12560,12750,12,12,문덕면,Mundeok-myeon,보성군,전남광주통합특별시,전남광주통합특별시 보성군 문덕면
12560370,1275037000,12560,12750,12,12,조성면,Joseong-myeon,보성군,전남광주통합특별시,전남광주통합특별시 보성군 조성면
12560380,1275038000,12560,12750,12,12,득량면,Deungnyang-myeon,보성군,전남광주통합특별시,전남광주통합특별시 보성군 득량면
12560390,1275039000,12560,12750,12,12,회천면,Hoecheon-myeon,보성군,전남광주통합특별시,전남광주통합특별시 보성군 회천면
12560400,1275040000,12560,12750,12,12,웅치면,Ungchi-myeon,보성군,전남광주통합특별시,전남광주통합특별시 보성군 웅치면
12570111,1276025000,12570,12760,12,12,화순읍,Hwasun-eup,화순군,전남광주통합특별시,전남광주통합특별시 화순군 화순읍
12570310,1276031000,12570,12760,12,12,한천면,Hancheon-myeon,화순군,전남광주통합특별시,전남광주통합특별시 화순군 한천면
12570320,1276032000,12570,12760,12,12,춘양면,Chunyang-myeon,화순군,전남광주통합특별시,전남광주통합특별시 화순군 춘양면
12570330,1276033000,12570,12760,12,12,청풍면,Cheongpung-myeon,화순군,전남광주통합특별시,전남광주통합특별시 화순군 청풍면
12570340,1276034000,12570,12760,12,12,이양면,Iyang-myeon,화순군,전남광주통합특별시,전남광주통합특별시 화순군 이양면
12570350,1276035000,12570,12760,12,12,능주면,Neungju-myeon,화순군,전남광주통합특별시,전남광주통합특별시 화순군 능주면
12570360,1276036000,12570,12760,12,12,도곡면,Dogok-myeon,화순군,전남광주통합특별시,전남광주통합특별시 화순군 도곡면
12570370,1276037000,12570,12760,12,12,도암면,Doam-myeon,화순군,전남광주통합특별시,전남광주통합특별시 화순군 도암면
12570380,1276038000,12570,12760,12,12,이서면,Iseo-myeon,화순군,전남광주통합특별시,전남광주통합특별시 화순군 이서면
12570400,1276040000,12570,12760,12,12,동복면,Dongbok-myeon,화순군,전남광주통합특별시,전남광주통합특별시 화순군 동복면
12570420,1276042000,12570,12760,12,12,동면,Dong-myeon,화순군,전남광주통합특별시,전남광주통합특별시 화순군 동면
12570430,1276039500,12570,12760,12,12,백아면,Baega-myeon,화순군,전남광주통합특별시,전남광주통합특별시 화순군 백아면
12570440,1276041500,12570,12760,12,12,사평면,Sapyeong-myeon,화순군,전남광주통합특별시,전남광주통합특별시 화순군 사평면
12580110,1277025000,12580,12770,12,12,장흥읍,Jangheung-eup,장흥군,전남광주통합특별시,전남광주통합특별시 장흥군 장흥읍
12580120,1277025300,12580,12770,12,12,관산읍,Gwansan-eup,장흥군,전남광주통합특별시,전남광주통합특별시 장흥군 관산읍
12580130,1277025600,12580,12770,12,12,대덕읍,Daedeok-eup,장흥군,전남광주통합특별시,전남광주통합특별시 장흥군 대덕읍
12580310,1277031000,12580,12770,12,12,용산면,Yongsan-myeon,장흥군,전남광주통합특별시,전남광주통합특별시 장흥군 용산면
12580320,1277032000,12580,12770,12,12,안양면,Anyang-myeon,장흥군,전남광주통합특별시,전남광주통합특별시 장흥군 안양면
12580330,1277033000,12580,12770,12,12,장동면,Jangdong-myeon,장흥군,전남광주통합특별시,전남광주통합특별시 장흥군 장동면
12580340,1277034000,12580,12770,12,12,장평면,Jangpyeong-myeon,장흥군,전남광주통합특별시,전남광주통합특별시 장흥군 장평면
12580350,1277035000,12580,12770,12,12,유치면,Yuchi-myeon,장흥군,전남광주통합특별시,전남광주통합특별시 장흥군 유치면
12580360,1277036000,12580,12770,12,12,부산면,Busan-myeon,장흥군,전남광주통합특별시,전남광주통합특별시 장흥군 부산면
12580370,1277037000,12580,12770,12,12,회진면,Hoejin-myeon,장흥군,전남광주통합특별시,전남광주통합특별시 장흥군 회진면
12590110,1278025000,12590,12780,12,12,강진읍,Gangjin-eup,강진군,전남광주통합특별시,전남광주통합특별시 강진군 강진읍
12590310,1278031000,12590,12780,12,12,군동면,Gundong-myeon,강진군,전남광주통합특별시,전남광주통합특별시 강진군 군동면
12590320,1278032000,12590,12780,12,12,칠량면,Chillyang-myeon,강진군,전남광주통합특별시,전남광주통합특별시 강진군 칠량면
12590330,1278033000,12590,12780,12,12,대구면,Daegu-myeon,강진군,전남광주통합특별시,전남광주통합특별시 강진군 대구면
12590340,1278040000,12590,12780,12,12,마량면,Maryang-myeon,강진군,전남광주통합특별시,전남광주통합특별시 강진군 마량면
12590350,1278034000,12590,12780,12,12,도암면,Doam-myeon,강진군,전남광주통합특별시,전남광주통합특별시 강진군 도암면
12590360,1278035000,12590,12780,12,12,신전면,Sinjeon-myeon,강진군,전남광주통합특별시,전남광주통합특별시 강진군 신전면
12590370,1278036000,12590,12780,12,12,성전면,Seongjeon-myeon,강진군,전남광주통합특별시,전남광주통합특별시 강진군 성전면
12590380,1278037000,12590,12780,12,12,작천면,Jakcheon-myeon,강진군,전남광주통합특별시,전남광주통합특별시 강진군 작천면
12590390,1278038000,12590,12780,12,12,병영면,Byeongyeong-myeon,강진군,전남광주통합특별시,전남광주통합특별시 강진군 병영면
12590400,1278039000,12590,12780,12,12,옴천면,Omcheon-myeon,강진군,전남광주통합특별시,전남광주통합특별시 강진군 옴천면
12600110,1279025000,12600,12790,12,12,해남읍,Haenam-eup,해남군,전남광주통합특별시,전남광주통합특별시 해남군 해남읍
12600310,1279031000,12600,12790,12,12,삼산면,Samsan-myeon,해남군,전남광주통합특별시,전남광주통합특별시 해남군 삼산면
12600320,1279032000,12600,12790,12,12,화산면,Hwasan-myeon,해남군,전남광주통합특별시,전남광주통합특별시 해남군 화산면
12600330,1279033000,12600,12790,12,12,현산면,Hyeonsan-myeon,해남군,전남광주통합특별시,전남광주통합특별시 해남군 현산면
12600340,1279034000,12600,12790,12,12,송지면,Songji-myeon,해남군,전남광주통합특별시,전남광주통합특별시 해남군 송지면
12600350,1279035000,12600,12790,12,12,북평면,Bukpyeong-myeon,해남군,전남광주통합특별시,전남광주통합특별시 해남군 북평면
12600360,1279036000,12600,12790,12,12,북일면,Bugil-myeon,해남군,전남광주통합특별시,전남광주통합특별시 해남군 북일면
12600370,1279037000,12600,12790,12,12,옥천면,Okcheon-myeon,해남군,전남광주통합특별시,전남광주통합특별시 해남군 옥천면
12600380,1279038000,12600,12790,12,12,계곡면,Gyegok-myeon,해남군,전남광주통합특별시,전남광주통합특별시 해남군 계곡면
12600390,1279039000,12600,12790,12,12,마산면,Masan-myeon,해남군,전남광주통합특별시,전남광주통합특별시 해남군 마산면
12600400,1279040000,12600,12790,12,12,황산면,Hwangsan-myeon,해남군,전남광주통합특별시,전남광주통합특별시 해남군 황산면
12600410,1279041000,12600,12790,12,12,산이면,Sani-myeon,해남군,전남광주통합특별시,전남광주통합특별시 해남군 산이면
12600420,1279042000,12600,12790,12,12,문내면,Munnae-myeon,해남군,전남광주통합특별시,전남광주통합특별시 해남군 문내면
12600430,1279043000,12600,12790,12,12,화원면,Hwawon-myeon,해남군,전남광주통합특별시,전남광주통합특별시 해남군 화원면
12610110,1280025000,12610,12800,12,12,영암읍,Yeongam-eup,영암군,전남광주통합특별시,전남광주통합특별시 영암군 영암읍
12610120,1280025300,12610,12800,12,12,삼호읍,Samho-eup,영암군,전남광주통합특별시,전남광주통합특별시 영암군 삼호읍
12610310,1280031000,12610,12800,12,12,덕진면,Deokjin-myeon,영암군,전남광주통합특별시,전남광주통합특별시 영암군 덕진면
12610320,1280032000,12610,12800,12,12,금정면,Geumjeong-myeon,영암군,전남광주통합특별시,전남광주통합특별시 영암군 금정면
12610330,1280033000,12610,12800,12,12,신북면,Sinbuk-myeon,영암군,전남광주통합특별시,전남광주통합특별시 영암군 신북면
12610340,1280034000,12610,12800,12,12,시종면,Sijong-myeon,영암군,전남광주통합특별시,전남광주통합특별시 영암군 시종면
12610350,1280035000,12610,12800,12,12,도포면,Dopo-myeon,영암군,전남광주통합특별시,전남광주통합특별시 영암군 도포면
12610360,1280036000,12610,12800,12,12,군서면,Gunseo-myeon,영암군,전남광주통합특별시,전남광주통합특별시 영암군 군서면
12610370,1280037000,12610,12800,12,12,서호면,Seoho-myeon,영암군,전남광주통합특별시,전남광주통합특별시 영암군 서호면
12610380,1280038000,12610,12800,12,12,학산면,Haksan-myeon,영암군,전남광주통합특별시,전남광주통합특별시 영암군 학산면
12610390,1280039000,12610,12800,12,12,미암면,Miam-myeon,영암군,전남광주통합특별시,전남광주통합특별시 영암군 미암면
12620110,1281025000,12620,12810,12,12,무안읍,Muan-eup,무안군,전남광주통합특별시,전남광주통합특별시 무안군 무안읍
12620120,1281025300,12620,12810,12,12,일로읍,Illo-eup,무안군,전남광주통합특별시,전남광주통합특별시 무안군 일로읍
12620130,1281025600,12620,12810,12,12,삼향읍,Samhyang-eup,무안군,전남광주통합특별시,전남광주통합특별시 무안군 삼향읍
12620320,1281032000,12620,12810,12,12,몽탄면,Mongtan-myeon,무안군,전남광주통합특별시,전남광주통합특별시 무안군 몽탄면
12620330,1281033000,12620,12810,12,12,청계면,Cheonggye-myeon,무안군,전남광주통합특별시,전남광주통합특별시 무안군 청계면
12620340,1281034000,12620,12810,12,12,현경면,Hyeongyeong-myeon,무안군,전남광주통합특별시,전남광주통합특별시 무안군 현경면
12620350,1281035000,12620,12810,12,12,망운면,Mangun-myeon,무안군,전남광주통합특별시,전남광주통합특별시 무안군 망운면
12620360,1281036000,12620,12810,12,12,해제면,Haeje-myeon,무안군,전남광주통합특별시,전남광주통합특별시 무안군 해제면
12620370,1281037000,12620,12810,12,12,운남면,Unnam-myeon,무안군,전남광주통합특별시,전남광주통합특별시 무안군 운남면
12630110,1282025000,12630,12820,12,12,함평읍,Hampyeong-eup,함평군,전남광주통합특별시,전남광주통합특별시 함평군 함평읍
12630310,1282031000,12630,12820,12,12,손불면,Sonbul-myeon,함평군,전남광주통합특별시,전남광주통합특별시 함평군 손불면
12630320,1282032000,12630,12820,12,12,신광면,Singwang-myeon,함평군,전남광주통합특별시,전남광주통합특별시 함평군 신광면
12630330,1282033000,12630,12820,12,12,학교면,Hakgyo-myeon,함평군,전남광주통합특별시,전남광주통합특별시 함평군 학교면
12630340,1282034000,12630,12820,12,12,엄다면,Eomda-myeon,함평군,전남광주통합특별시,전남광주통합특별시 함평군 엄다면
12630350,1282035000,12630,12820,12,12,대동면,Daedong-myeon,함평군,전남광주통합특별시,전남광주통합특별시 함평군 대동면
12630360,1282036000,12630,12820,12,12,나산면,Nasan-myeon,함평군,전남광주통합특별시,전남광주통합특별시 함평군 나산면
12630370,1282037000,12630,12820,12,12,해보면,Haebo-myeon,함평군,전남광주통합특별시,전남광주통합특별시 함평군 해보면
12630380,1282038000,12630,12820,12,12,월야면,Worya-myeon,함평군,전남광주통합특별시,전남광주통합특별시 함평군 월야면
12640110,1283025000,12640,12830,12,12,영광읍,Yeonggwang-eup,영광군,전남광주통합특별시,전남광주통합특별시 영광군 영광읍
12640120,1283025300,12640,12830,12,12,백수읍,Baeksu-eup,영광군,전남광주통합특별시,전남광주통합특별시 영광군 백수읍
12640130,1283025600,12640,12830,12,12,홍농읍,Hongnong-eup,영광군,전남광주통합특별시,전남광주통합특별시 영광군 홍농읍
12640310,1283031000,12640,12830,12,12,대마면,Daema-myeon,영광군,전남광주통합특별시,전남광주통합특별시 영광군 대마면
12640320,1283032000,12640,12830,12,12,묘량면,Myoryang-myeon,영광군,전남광주통합특별시,전남광주통합특별시 영광군 묘량면
12640330,1283033000,12640,12830,12,12,불갑면,Bulgap-myeon,영광군,전남광주통합특별시,전남광주통합특별시 영광군 불갑면
12640340,1283034000,12640,12830,12,12,군서면,Gunseo-myeon,영광군,전남광주통합특별시,전남광주통합특별시 영광군 군서면
12640350,1283035000,12640,12830,12,12,군남면,Gunnam-myeon,영광군,전남광주통합특별시,전남광주통합특별시 영광군 군남면
12640360,1283036000,12640,12830,12,12,염산면,Yeomsan-myeon,영광군,전남광주통합특별시,전남광주통합특별시 영광군 염산면
12640370,1283037000,12640,12830,12,12,법성면,Beopseong-myeon,영광군,전남광주통합특별시,전남광주통합특별시 영광군 법성면
12640380,1283038000,12640,12830,12,12,낙월면,Nagwol-myeon,영광군,전남광주통합특별시,전남광주통합특별시 영광군 낙월면
12650110,1284025000,12650,12840,12,12,장성읍,Jangseong-eup,장성군,전남광주통합특별시,전남광주통합특별시 장성군 장성읍
12650310,1284031000,12650,12840,12,12,진원면,Jinwon-myeon,장성군,전남광주통합특별시,전남광주통합특별시 장성군 진원면
12650320,1284032000,12650,12840,12,12,남면,Nam-myeon,장성군,전남광주통합특별시,전남광주통합특별시 장성군 남면
12650330,1284033000,12650,12840,12,12,동화면,Donghwa-myeon,장성군,전남광주통합특별시,전남광주통합특별시 장성군 동화면
12650340,1284034000,12650,12840,12,12,삼서면,Samseo-myeon,장성군,전남광주통합특별시,전남광주통합특별시 장성군 삼서면
12650350,1284035000,12650,12840,12,12,삼계면,Samgye-myeon,장성군,전남광주통합특별시,전남광주통합특별시 장성군 삼계면
12650360,1284036000,12650,12840,12,12,황룡면,Hwangnyong-myeon,장성군,전남광주통합특별시,전남광주통합특별시 장성군 황룡면
12650370,1284037000,12650,12840,12,12,서삼면,Seosam-myeon,장성군,전남광주통합특별시,전남광주통합특별시 장성군 서삼면
12650380,1284038000,12650,12840,12,12,북일면,Bugil-myeon,장성군,전남광주통합특별시,전남광주통합특별시 장성군 북일면
12650390,1284039000,12650,12840,12,12,북이면,Bugi-myeon,장성군,전남광주통합특별시,전남광주통합특별시 장성군 북이면
12650400,1284040000,12650,12840,12,12,북하면,Buka-myeon,장성군,전남광주통합특별시,전남광주통합특별시 장성군 북하면
12660110,1285025000,12660,12850,12,12,완도읍,Wando-eup,완도군,전남광주통합특별시,전남광주통합특별시 완도군 완도읍
12660120,1285025300,12660,12850,12,12,금일읍,Geumil-eup,완도군,전남광주통합특별시,전남광주통합특별시 완도군 금일읍
12660130,1285025600,12660,12850,12,12,노화읍,Nohwa-eup,완도군,전남광주통합특별시,전남광주통합특별시 완도군 노화읍
12660310,1285031000,12660,12850,12,12,군외면,Gunoe-myeon,완도군,전남광주통합특별시,전남광주통합특별시 완도군 군외면
12660320,1285032000,12660,12850,12,12,신지면,Sinji-myeon,완도군,전남광주통합특별시,전남광주통합특별시 완도군 신지면
12660330,1285033000,12660,12850,12,12,고금면,Gogeum-myeon,완도군,전남광주통합특별시,전남광주통합특별시 완도군 고금면
12660340,1285034000,12660,12850,12,12,약산면,Yaksan-myeon,완도군,전남광주통합특별시,전남광주통합특별시 완도군 약산면
12660350,1285035000,12660,12850,12,12,청산면,Cheongsan-myeon,완도군,전남광주통합특별시,전남광주통합특별시 완도군 청산면
12660360,1285036000,12660,12850,12,12,소안면,Soan-myeon,완도군,전남광주통합특별시,전남광주통합특별시 완도군 소안면
12660370,1285037000,12660,12850,12,12,금당면,Geumdang-myeon,완도군,전남광주통합특별시,전남광주통합특별시 완도군 금당면
12660380,1285038000,12660,12850,12,12,보길면,Bogil-myeon,완도군,전남광주통합특별시,전남광주통합특별시 완도군 보길면
12660390,1285039000,12660,12850,12,12,생일면,Saengil-myeon,완도군,전남광주통합특별시,전남광주통합특별시 완도군 생일면
12670110,1286025000,12670,12860,12,12,진도읍,Jindo-eup,진도군,전남광주통합특별시,전남광주통합특별시 진도군 진도읍
12670310,1286031000,12670,12860,12,12,군내면,Gunnae-myeon,진도군,전남광주통합특별시,전남광주통합특별시 진도군 군내면
12670320,1286032000,12670,12860,12,12,고군면,Gogun-myeon,진도군,전남광주통합특별시,전남광주통합특별시 진도군 고군면
12670330,1286033000,12670,12860,12,12,의신면,Uisin-myeon,진도군,전남광주통합특별시,전남광주통합특별시 진도군 의신면
12670340,1286034000,12670,12860,12,12,임회면,Imhoe-myeon,진도군,전남광주통합특별시,전남광주통합특별시 진도군 임회면
12670350,1286035000,12670,12860,12,12,지산면,Jisan-myeon,진도군,전남광주통합특별시,전남광주통합특별시 진도군 지산면
12670360,1286036000,12670,12860,12,12,조도면,Jodo-myeon,진도군,전남광주통합특별시,전남광주통합특별시 진도군 조도면
12680110,1287025000,12680,12870,12,12,지도읍,Jido-eup,신안군,전남광주통합특별시,전남광주통합특별시 신안군 지도읍
12680120,1287025300,12680,12870,12,12,압해읍,Apae-eup,신안군,전남광주통합특별시,전남광주통합특별시 신안군 압해읍
12680310,1287031000,12680,12870,12,12,증도면,Jeungdo-myeon,신안군,전남광주통합특별시,전남광주통합특별시 신안군 증도면
12680320,1287032000,12680,12870,12,12,임자면,Imja-myeon,신안군,전남광주통합특별시,전남광주통합특별시 신안군 임자면
12680330,1287033000,12680,12870,12,12,자은면,Jaeun-myeon,신안군,전남광주통합특별시,전남광주통합특별시 신안군 자은면
12680340,1287034000,12680,12870,12,12,비금면,Bigeum-myeon,신안군,전남광주통합특별시,전남광주통합특별시 신안군 비금면
12680350,1287035000,12680,12870,12,12,도초면,Docho-myeon,신안군,전남광주통합특별시,전남광주통합특별시 신안군 도초면
12680360,1287036000,12680,12870,12,12,흑산면,Heuksan-myeon,신안군,전남광주통합특별시,전남광주통합특별시 신안군 흑산면
12680370,1287037000,12680,12870,12,12,하의면,Haui-myeon,신안군,전남광주통합특별시,전남광주통합특별시 신안군 하의면
12680380,1287038000,12680,12870,12,12,신의면,Sinui-myeon,신안군,전남광주통합특별시,전남광주통합특별시 신안군 신의면
12680390,1287039000,12680,12870,12,12,장산면,Jangsan-myeon,신안군,전남광주통합특별시,전남광주통합특별시 신안군 장산면
12680400,1287040000,12680,12870,12,12,안좌면,Anjwa-myeon,신안군,전남광주통합특별시,전남광주통합특별시 신안군 안좌면
12680410,1287041000,12680,12870,12,12,팔금면,Palgeum-myeon,신안군,전남광주통합특별시,전남광주통합특별시 신안군 팔금면
12680420,1287042000,12680,12870,12,12,암태면,Amtae-myeon,신안군,전남광주통합특별시,전남광주통합특별시 신안군 암태면
21010510,2611051000,21010,26110,21,26,중앙동,Jungang-dong,중구,부산광역시,부산광역시 중구 중앙동
21010520,2611052000,21010,26110,21,26,동광동,Donggwang-dong,중구,부산광역시,부산광역시 중구 동광동
21010530,2611053000,21010,26110,21,26,대청동,Daecheong-dong,중구,부산광역시,부산광역시 중구 대청동
21010540,2611054500,21010,26110,21,26,보수동,Bosu-dong,중구,부산광역시,부산광역시 중구 보수동
21010560,2611056000,21010,26110,21,26,부평동,Bupyeong-dong,중구,부산광역시,부산광역시 중구 부평동
21010570,2611057000,21010,26110,21,26,광복동,Gwangbok-dong,중구,부산광역시,부산광역시 중구 광복동
21010580,2611058000,21010,26110,21,26,남포동,Nampo-dong,중구,부산광역시,부산광역시 중구 남포동
21010590,2611059000,21010,26110,21,26,영주1동,Yeongju1-dong,중구,부산광역시,부산광역시 중구 영주1동
21010600,2611060000,21010,26110,21,26,영주2동,Yeongju2-dong,중구,부산광역시,부산광역시 중구 영주2동
21020510,2614051000,21020,26140,21,26,동대신1동,Dongdaesin1-dong,서구,부산광역시,부산광역시 서구 동대신1동
21020520,2614052000,21020,26140,21,26,동대신2동,Dongdaesin2-dong,서구,부산광역시,부산광역시 서구 동대신2동
21020530,2614053000,21020,26140,21,26,동대신3동,Dongdaesin3-dong,서구,부산광역시,부산광역시 서구 동대신3동
21020540,2614054000,21020,26140,21,26,서대신1동,Seodaesin1-dong,서구,부산광역시,부산광역시 서구 서대신1동
21020560,2614056000,21020,26140,21,26,서대신3동,Seodaesin3-dong,서구,부산광역시,부산광역시 서구 서대신3동
21020570,2614057000,21020,26140,21,26,서대신4동,Seodaesin4-dong,서구,부산광역시,부산광역시 서구 서대신4동
21020590,2614059000,21020,26140,21,26,부민동,Bumin-dong,서구,부산광역시,부산광역시 서구 부민동
21020610,2614061500,21020,26140,21,26,아미동,Ami-dong,서구,부산광역시,부산광역시 서구 아미동
21020630,2614063000,21020,26140,21,26,초장동,Chojang-dong,서구,부산광역시,부산광역시 서구 초장동
21020640,2614064000,21020,26140,21,26,충무동,Chungmu-dong,서구,부산광역시,부산광역시 서구 충무동
21020650,2614065000,21020,26140,21,26,남부민1동,Nambumin1-dong,서구,부산광역시,부산광역시 서구 남부민1동
21020680,2614068000,21020,26140,21,26,암남동,Amnam-dong,서구,부산광역시,부산광역시 서구 암남동
21020690,2614066000,21020,26140,21,26,남부민2동,Nambumin2-dong,서구,부산광역시,부산광역시 서구 남부민2동
21030510,2617051000,21030,26170,21,26,초량1동,Choryang1-dong,동구,부산광역시,부산광역시 동구 초량1동
21030520,2617052000,21030,26170,21,26,초량2동,Choryang2-dong,동구,부산광역시,부산광역시 동구 초량2동
21030530,2617053000,21030,26170,21,26,초량3동,Choryang3-dong,동구,부산광역시,부산광역시 동구 초량3동
21030550,2617055000,21030,26170,21,26,초량6동,Choryang6-dong,동구,부산광역시,부산광역시 동구 초량6동
21030560,2617056000,21030,26170,21,26,수정1동,Sujeong1-dong,동구,부산광역시,부산광역시 동구 수정1동
21030570,2617057000,21030,26170,21,26,수정2동,Sujeong2-dong,동구,부산광역시,부산광역시 동구 수정2동
21030590,2617059000,21030,26170,21,26,수정4동,Sujeong4-dong,동구,부산광역시,부산광역시 동구 수정4동
21030600,2617060000,21030,26170,21,26,수정5동,Sujeong5-dong,동구,부산광역시,부산광역시 동구 수정5동
21030660,2617066000,21030,26170,21,26,범일2동,Beomil2-dong,동구,부산광역시,부산광역시 동구 범일2동
21030680,2617068000,21030,26170,21,26,범일5동,Beomil5-dong,동구,부산광역시,부산광역시 동구 범일5동
21030700,2617064500,21030,26170,21,26,좌천동,Jwacheon-dong,동구,부산광역시,부산광역시 동구 좌천동
21030710,2617065000,21030,26170,21,26,범일1동,Beomil1-dong,동구,부산광역시,부산광역시 동구 범일1동
21040530,2620053000,21040,26200,21,26,남항동,Namhang-dong,영도구,부산광역시,부산광역시 영도구 남항동
21040540,2620054000,21040,26200,21,26,영선1동,Yeongseon1-dong,영도구,부산광역시,부산광역시 영도구 영선1동
21040550,2620055000,21040,26200,21,26,영선2동,Yeongseon2-dong,영도구,부산광역시,부산광역시 영도구 영선2동
21040590,2620059000,21040,26200,21,26,봉래1동,Bongnae1-dong,영도구,부산광역시,부산광역시 영도구 봉래1동
21040630,2620063000,21040,26200,21,26,청학1동,Cheonghak1-dong,영도구,부산광역시,부산광역시 영도구 청학1동
21040640,2620064000,21040,26200,21,26,청학2동,Cheonghak2-dong,영도구,부산광역시,부산광역시 영도구 청학2동
21040650,2620065000,21040,26200,21,26,동삼1동,Dongsam1-dong,영도구,부산광역시,부산광역시 영도구 동삼1동
21040660,2620066000,21040,26200,21,26,동삼2동,Dongsam2-dong,영도구,부산광역시,부산광역시 영도구 동삼2동
21040670,2620067000,21040,26200,21,26,동삼3동,Dongsam3-dong,영도구,부산광역시,부산광역시 영도구 동삼3동
21040680,2620058500,21040,26200,21,26,신선동,Sinseon-dong,영도구,부산광역시,부산광역시 영도구 신선동
21040690,2620060500,21040,26200,21,26,봉래2동,Bongnae2-dong,영도구,부산광역시,부산광역시 영도구 봉래2동
21050520,2623052000,21050,26230,21,26,부전2동,Bujeon2-dong,부산진구,부산광역시,부산광역시 부산진구 부전2동
21050540,2623054000,21050,26230,21,26,연지동,Yeonji-dong,부산진구,부산광역시,부산광역시 부산진구 연지동
21050550,2623055000,21050,26230,21,26,초읍동,Choeup-dong,부산진구,부산광역시,부산광역시 부산진구 초읍동
21050560,2623056000,21050,26230,21,26,양정1동,Yangjeong1-dong,부산진구,부산광역시,부산광역시 부산진구 양정1동
21050570,2623057000,21050,26230,21,26,양정2동,Yangjeong2-dong,부산진구,부산광역시,부산광역시 부산진구 양정2동
21050610,2623061000,21050,26230,21,26,전포2동,Jeonpo2-dong,부산진구,부산광역시,부산광역시 부산진구 전포2동
21050640,2623064000,21050,26230,21,26,부암1동,Buam1-dong,부산진구,부산광역시,부산광역시 부산진구 부암1동
21050660,2623066000,21050,26230,21,26,부암3동,Buam3-dong,부산진구,부산광역시,부산광역시 부산진구 부암3동
21050680,2623068000,21050,26230,21,26,당감2동,Danggam2-dong,부산진구,부산광역시,부산광역시 부산진구 당감2동
21050700,2623070000,21050,26230,21,26,당감4동,Danggam4-dong,부산진구,부산광역시,부산광역시 부산진구 당감4동
21050720,2623072000,21050,26230,21,26,가야2동,Gaya2-dong,부산진구,부산광역시,부산광역시 부산진구 가야2동
21050740,2623074000,21050,26230,21,26,개금1동,Gaegeum1-dong,부산진구,부산광역시,부산광역시 부산진구 개금1동
21050750,2623075000,21050,26230,21,26,개금2동,Gaegeum2-dong,부산진구,부산광역시,부산광역시 부산진구 개금2동
21050760,2623076000,21050,26230,21,26,개금3동,Gaegeum3-dong,부산진구,부산광역시,부산광역시 부산진구 개금3동
21050770,2623077000,21050,26230,21,26,범천1동,Beomcheon1-dong,부산진구,부산광역시,부산광역시 부산진구 범천1동
21050800,2623067000,21050,26230,21,26,당감1동,Danggam1-dong,부산진구,부산광역시,부산광역시 부산진구 당감1동
21050810,2623071000,21050,26230,21,26,가야제1동,Gayaje1-dong,부산진구,부산광역시,부산광역시 부산진구 가야제1동
21050820,2623051000,21050,26230,21,26,부전1동,Bujeon1-dong,부산진구,부산광역시,부산광역시 부산진구 부전1동
21050830,2623060000,21050,26230,21,26,전포1동,Jeonpo1-dong,부산진구,부산광역시,부산광역시 부산진구 전포1동
21050840,2623078000,21050,26230,21,26,범천2동,Beomcheon2-dong,부산진구,부산광역시,부산광역시 부산진구 범천2동
21060510,2626051000,21060,26260,21,26,수민동,Sumin-dong,동래구,부산광역시,부산광역시 동래구 수민동
21060520,2626052000,21060,26260,21,26,복산동,Boksan-dong,동래구,부산광역시,부산광역시 동래구 복산동
21060550,2626055000,21060,26260,21,26,온천1동,Oncheon1-dong,동래구,부산광역시,부산광역시 동래구 온천1동
21060560,2626056000,21060,26260,21,26,온천2동,Oncheon2-dong,동래구,부산광역시,부산광역시 동래구 온천2동
21060570,2626057000,21060,26260,21,26,온천3동,Oncheon3-dong,동래구,부산광역시,부산광역시 동래구 온천3동
21060580,2626058000,21060,26260,21,26,사직1동,Sajik1-dong,동래구,부산광역시,부산광역시 동래구 사직1동
21060590,2626059000,21060,26260,21,26,사직2동,Sajik2-dong,동래구,부산광역시,부산광역시 동래구 사직2동
21060600,2626060000,21060,26260,21,26,사직3동,Sajik3-dong,동래구,부산광역시,부산광역시 동래구 사직3동
21060610,2626074000,21060,26260,21,26,안락1동,Allak1-dong,동래구,부산광역시,부산광역시 동래구 안락1동
21060620,2626075000,21060,26260,21,26,안락2동,Allak2-dong,동래구,부산광역시,부산광역시 동래구 안락2동
21060630,2626076100,21060,26260,21,26,명장1동,Myeongjang1-dong,동래구,부산광역시,부산광역시 동래구 명장1동
21060640,2626076200,21060,26260,21,26,명장2동,Myeongjang2-dong,동래구,부산광역시,부산광역시 동래구 명장2동
21060650,2626054500,21060,26260,21,26,명륜동,Myeongnyun-dong,동래구,부산광역시,부산광역시 동래구 명륜동
21070530,2629053000,21070,26290,21,26,대연3동,Daeyeon3-dong,남구,부산광역시,부산광역시 남구 대연3동
21070540,2629054000,21070,26290,21,26,대연4동,Daeyeon4-dong,남구,부산광역시,부산광역시 남구 대연4동
21070550,2629055000,21070,26290,21,26,대연5동,Daeyeon5-dong,남구,부산광역시,부산광역시 남구 대연5동
21070560,2629056000,21070,26290,21,26,대연6동,Daeyeon6-dong,남구,부산광역시,부산광역시 남구 대연6동
21070570,2629057000,21070,26290,21,26,용호1동,Yongho1-dong,남구,부산광역시,부산광역시 남구 용호1동
21070580,2629058000,21070,26290,21,26,용호2동,Yongho2-dong,남구,부산광역시,부산광역시 남구 용호2동
21070590,2629059000,21070,26290,21,26,용호3동,Yongho3-dong,남구,부산광역시,부산광역시 남구 용호3동
21070600,2629060000,21070,26290,21,26,용호4동,Yongho4-dong,남구,부산광역시,부산광역시 남구 용호4동
21070610,2629061000,21070,26290,21,26,용당동,Yongdang-dong,남구,부산광역시,부산광역시 남구 용당동
21070620,2629062000,21070,26290,21,26,감만1동,Gamman1-dong,남구,부산광역시,부산광역시 남구 감만1동
21070630,2629063000,21070,26290,21,26,감만2동,Gamman2-dong,남구,부산광역시,부산광역시 남구 감만2동
21070660,2629068000,21070,26290,21,26,문현1동,Munhyeon1-dong,남구,부산광역시,부산광역시 남구 문현1동
21070670,2629069000,21070,26290,21,26,문현2동,Munhyeon2-dong,남구,부산광역시,부산광역시 남구 문현2동
21070680,2629070000,21070,26290,21,26,문현3동,Munhyeon3-dong,남구,부산광역시,부산광역시 남구 문현3동
21070690,2629071000,21070,26290,21,26,문현4동,Munhyeon4-dong,남구,부산광역시,부산광역시 남구 문현4동
21070700,2629051000,21070,26290,21,26,대연1동,Daeyeon1-dong,남구,부산광역시,부산광역시 남구 대연1동
21070710,2629064500,21070,26290,21,26,우암동,Uam-dong,남구,부산광역시,부산광역시 남구 우암동
21080510,2632051000,21080,26320,21,26,구포1동,Gupo1-dong,북구,부산광역시,부산광역시 북구 구포1동
21080520,2632052000,21080,26320,21,26,구포2동,Gupo2-dong,북구,부산광역시,부산광역시 북구 구포2동
21080530,2632052100,21080,26320,21,26,구포3동,Gupo3-dong,북구,부산광역시,부산광역시 북구 구포3동
21080540,2632053000,21080,26320,21,26,금곡동,Geumgok-dong,북구,부산광역시,부산광역시 북구 금곡동
21080550,2632054100,21080,26320,21,26,화명1동,Hwamyeong1-dong,북구,부산광역시,부산광역시 북구 화명1동
21080560,2632055000,21080,26320,21,26,덕천1동,Deokcheon1-dong,북구,부산광역시,부산광역시 북구 덕천1동
21080570,2632056000,21080,26320,21,26,덕천2동,Deokcheon2-dong,북구,부산광역시,부산광역시 북구 덕천2동
21080580,2632056100,21080,26320,21,26,덕천3동,Deokcheon3-dong,북구,부산광역시,부산광역시 북구 덕천3동
21080590,2632057100,21080,26320,21,26,만덕1동,Mandeok1-dong,북구,부산광역시,부산광역시 북구 만덕1동
21080600,2632057200,21080,26320,21,26,만덕2동,Mandeok2-dong,북구,부산광역시,부산광역시 북구 만덕2동
21080610,2632057300,21080,26320,21,26,만덕3동,Mandeok3-dong,북구,부산광역시,부산광역시 북구 만덕3동
21080620,2632054200,21080,26320,21,26,화명2동,Hwamyeong2-dong,북구,부산광역시,부산광역시 북구 화명2동
21080630,2632054300,21080,26320,21,26,화명3동,Hwamyeong3-dong,북구,부산광역시,부산광역시 북구 화명3동
21090530,2635053000,21090,26350,21,26,중1동,Jung1-dong,해운대구,부산광역시,부산광역시 해운대구 중1동
21090540,2635054000,21090,26350,21,26,중2동,Jung2-dong,해운대구,부산광역시,부산광역시 해운대구 중2동
21090560,2635056000,21090,26350,21,26,송정동,Songjeong-dong,해운대구,부산광역시,부산광역시 해운대구 송정동
21090580,2635058000,21090,26350,21,26,반여2동,Banyeo2-dong,해운대구,부산광역시,부산광역시 해운대구 반여2동
21090590,2635059000,21090,26350,21,26,반여3동,Banyeo3-dong,해운대구,부산광역시,부산광역시 해운대구 반여3동
21090620,2635062000,21090,26350,21,26,반송2동,Bansong2-dong,해운대구,부산광역시,부산광역시 해운대구 반송2동
21090640,2635065000,21090,26350,21,26,재송1동,Jaesong1-dong,해운대구,부산광역시,부산광역시 해운대구 재송1동
21090650,2635066000,21090,26350,21,26,재송2동,Jaesong2-dong,해운대구,부산광역시,부산광역시 해운대구 재송2동
21090660,2635055100,21090,26350,21,26,좌1동,Jwa1-dong,해운대구,부산광역시,부산광역시 해운대구 좌1동
21090670,2635055200,21090,26350,21,26,좌2동,Jwa2-dong,해운대구,부산광역시,부산광역시 해운대구 좌2동
21090680,2635055300,21090,26350,21,26,좌3동,Jwa3-dong,해운대구,부산광역시,부산광역시 해운대구 좌3동
21090690,2635055400,21090,26350,21,26,좌4동,Jwa4-dong,해운대구,부산광역시,부산광역시 해운대구 좌4동
21090700,2635057000,21090,26350,21,26,반여1동,Banyeo1-dong,해운대구,부산광역시,부산광역시 해운대구 반여1동
21090710,2635059500,21090,26350,21,26,반여4동,Banyeo4-dong,해운대구,부산광역시,부산광역시 해운대구 반여4동
21090720,2635061000,21090,26350,21,26,반송1동,Bansong1-dong,해운대구,부산광역시,부산광역시 해운대구 반송1동
21090730,2635051000,21090,26350,21,26,우1동,U1-dong,해운대구,부산광역시,부산광역시 해운대구 우1동
21090740,2635052000,21090,26350,21,26,우2동,U2-dong,해운대구,부산광역시,부산광역시 해운대구 우2동
21090750,2635052500,21090,26350,21,26,우3동,U3-dong,해운대구,부산광역시,부산광역시 해운대구 우3동
21100510,2638051000,21100,26380,21,26,괴정1동,Goejeong1-dong,사하구,부산광역시,부산광역시 사하구 괴정1동
21100520,2638052000,21100,26380,21,26,괴정2동,Goejeong2-dong,사하구,부산광역시,부산광역시 사하구 괴정2동
21100530,2638053000,21100,26380,21,26,괴정3동,Goejeong3-dong,사하구,부산광역시,부산광역시 사하구 괴정3동
21100540,2638054000,21100,26380,21,26,괴정4동,Goejeong4-dong,사하구,부산광역시,부산광역시 사하구 괴정4동
21100550,2638055000,21100,26380,21,26,당리동,Dangni-dong,사하구,부산광역시,부산광역시 사하구 당리동
21100560,2638056100,21100,26380,21,26,하단1동,Hadan1-dong,사하구,부산광역시,부산광역시 사하구 하단1동
21100570,2638056200,21100,26380,21,26,하단2동,Hadan2-dong,사하구,부산광역시,부산광역시 사하구 하단2동
21100580,2638057100,21100,26380,21,26,신평1동,Sinpyeong1-dong,사하구,부산광역시,부산광역시 사하구 신평1동
21100590,2638057200,21100,26380,21,26,신평2동,Sinpyeong2-dong,사하구,부산광역시,부산광역시 사하구 신평2동
21100600,2638058000,21100,26380,21,26,장림1동,Jangnim1-dong,사하구,부산광역시,부산광역시 사하구 장림1동
21100610,2638059000,21100,26380,21,26,장림2동,Jangnim2-dong,사하구,부산광역시,부산광역시 사하구 장림2동
21100620,2638060100,21100,26380,21,26,다대1동,Dadae1-dong,사하구,부산광역시,부산광역시 사하구 다대1동
21100630,2638060200,21100,26380,21,26,다대2동,Dadae2-dong,사하구,부산광역시,부산광역시 사하구 다대2동
21100640,2638061000,21100,26380,21,26,구평동,Gupyeong-dong,사하구,부산광역시,부산광역시 사하구 구평동
21100650,2638062000,21100,26380,21,26,감천1동,Gamcheon1-dong,사하구,부산광역시,부산광역시 사하구 감천1동
21100660,2638063000,21100,26380,21,26,감천2동,Gamcheon2-dong,사하구,부산광역시,부산광역시 사하구 감천2동
21110510,2641051000,21110,26410,21,26,서1동,Seo1-dong,금정구,부산광역시,부산광역시 금정구 서1동
21110520,2641052000,21110,26410,21,26,서2동,Seo2-dong,금정구,부산광역시,부산광역시 금정구 서2동
21110570,2641057000,21110,26410,21,26,부곡1동,Bugok1-dong,금정구,부산광역시,부산광역시 금정구 부곡1동
21110580,2641058000,21110,26410,21,26,부곡2동,Bugok2-dong,금정구,부산광역시,부산광역시 금정구 부곡2동
21110590,2641059000,21110,26410,21,26,부곡3동,Bugok3-dong,금정구,부산광역시,부산광역시 금정구 부곡3동
21110600,2641059100,21110,26410,21,26,부곡4동,Bugok4-dong,금정구,부산광역시,부산광역시 금정구 부곡4동
21110610,2641060000,21110,26410,21,26,장전1동,Jangjeon1-dong,금정구,부산광역시,부산광역시 금정구 장전1동
21110640,2641063500,21110,26410,21,26,선두구동,Seondugu-dong,금정구,부산광역시,부산광역시 금정구 선두구동
21110670,2641066500,21110,26410,21,26,청룡노포동,Cheongnyongnopo-dong,금정구,부산광역시,부산광역시 금정구 청룡노포동
21110680,2641067000,21110,26410,21,26,남산동,Namsan-dong,금정구,부산광역시,부산광역시 금정구 남산동
21110690,2641068000,21110,26410,21,26,구서1동,Guseo1-dong,금정구,부산광역시,부산광역시 금정구 구서1동
21110700,2641069000,21110,26410,21,26,구서2동,Guseo2-dong,금정구,부산광역시,부산광역시 금정구 구서2동
21110710,2641070000,21110,26410,21,26,금성동,Geumseong-dong,금정구,부산광역시,부산광역시 금정구 금성동
21110720,2641053000,21110,26410,21,26,서3동,Seo3-dong,금정구,부산광역시,부산광역시 금정구 서3동
21110730,2641055500,21110,26410,21,26,금사회동동,Geumsahoedong-dong,금정구,부산광역시,부산광역시 금정구 금사회동동
21110740,2641061000,21110,26410,21,26,장전2동,Jangjeon2-dong,금정구,부산광역시,부산광역시 금정구 장전2동
21120510,2644051000,21120,26440,21,26,대저1동,Daejeo1-dong,강서구,부산광역시,부산광역시 강서구 대저1동
21120520,2644052000,21120,26440,21,26,대저2동,Daejeo2-dong,강서구,부산광역시,부산광역시 강서구 대저2동
21120530,2644053000,21120,26440,21,26,강동동,Gangdong-dong,강서구,부산광역시,부산광역시 강서구 강동동
21120550,2644055000,21120,26440,21,26,가락동,Garak-dong,강서구,부산광역시,부산광역시 강서구 가락동
21120561,2644056000,21120,26440,21,26,녹산동,Noksan-dong,강서구,부산광역시,부산광역시 강서구 녹산동
21120562,2644059000,21120,26440,21,26,신호동,Sinho-dong,강서구,부산광역시,부산광역시 강서구 신호동
21120580,2644058000,21120,26440,21,26,가덕도동,Gadeokdo-dong,강서구,부산광역시,부산광역시 강서구 가덕도동
21120590,2644053500,21120,26440,21,26,명지1동,Myeongji1-dong,강서구,부산광역시,부산광역시 강서구 명지1동
21120600,2644054500,21120,26440,21,26,명지2동,Myeongji2-dong,강서구,부산광역시,부산광역시 강서구 명지2동
21130510,2647061000,21130,26470,21,26,거제1동,Geoje1-dong,연제구,부산광역시,부산광역시 연제구 거제1동
21130520,2647062000,21130,26470,21,26,거제2동,Geoje2-dong,연제구,부산광역시,부산광역시 연제구 거제2동
21130530,2647063000,21130,26470,21,26,거제3동,Geoje3-dong,연제구,부산광역시,부산광역시 연제구 거제3동
21130540,2647064000,21130,26470,21,26,거제4동,Geoje4-dong,연제구,부산광역시,부산광역시 연제구 거제4동
21130550,2647065000,21130,26470,21,26,연산1동,Yeonsan1-dong,연제구,부산광역시,부산광역시 연제구 연산1동
21130560,2647066000,21130,26470,21,26,연산2동,Yeonsan2-dong,연제구,부산광역시,부산광역시 연제구 연산2동
21130570,2647067000,21130,26470,21,26,연산3동,Yeonsan3-dong,연제구,부산광역시,부산광역시 연제구 연산3동
21130580,2647068000,21130,26470,21,26,연산4동,Yeonsan4-dong,연제구,부산광역시,부산광역시 연제구 연산4동
21130590,2647069000,21130,26470,21,26,연산5동,Yeonsan5-dong,연제구,부산광역시,부산광역시 연제구 연산5동
21130600,2647070000,21130,26470,21,26,연산6동,Yeonsan6-dong,연제구,부산광역시,부산광역시 연제구 연산6동
21130620,2647072000,21130,26470,21,26,연산8동,Yeonsan8-dong,연제구,부산광역시,부산광역시 연제구 연산8동
21130630,2647073000,21130,26470,21,26,연산9동,Yeonsan9-dong,연제구,부산광역시,부산광역시 연제구 연산9동
21140510,2650066000,21140,26500,21,26,남천1동,Namcheon1-dong,수영구,부산광역시,부산광역시 수영구 남천1동
21140520,2650067000,21140,26500,21,26,남천2동,Namcheon2-dong,수영구,부산광역시,부산광역시 수영구 남천2동
21140530,2650073000,21140,26500,21,26,수영동,Suyeong-dong,수영구,부산광역시,부산광역시 수영구 수영동
21140540,2650074000,21140,26500,21,26,망미1동,Mangmi1-dong,수영구,부산광역시,부산광역시 수영구 망미1동
21140550,2650075000,21140,26500,21,26,망미2동,Mangmi2-dong,수영구,부산광역시,부산광역시 수영구 망미2동
21140560,2650076000,21140,26500,21,26,광안1동,Gwangan1-dong,수영구,부산광역시,부산광역시 수영구 광안1동
21140570,2650077000,21140,26500,21,26,광안2동,Gwangan2-dong,수영구,부산광역시,부산광역시 수영구 광안2동
21140580,2650078000,21140,26500,21,26,광안3동,Gwangan3-dong,수영구,부산광역시,부산광역시 수영구 광안3동
21140590,2650079000,21140,26500,21,26,광안4동,Gwangan4-dong,수영구,부산광역시,부산광역시 수영구 광안4동
21140600,2650080000,21140,26500,21,26,민락동,Millak-dong,수영구,부산광역시,부산광역시 수영구 민락동
21150510,2653058000,21150,26530,21,26,삼락동,Samnak-dong,사상구,부산광역시,부산광역시 사상구 삼락동
21150520,2653059100,21150,26530,21,26,모라1동,Mora1-dong,사상구,부산광역시,부산광역시 사상구 모라1동
21150540,2653059300,21150,26530,21,26,모라3동,Mora3-dong,사상구,부산광역시,부산광역시 사상구 모라3동
21150550,2653060000,21150,26530,21,26,덕포1동,Deokpo1-dong,사상구,부산광역시,부산광역시 사상구 덕포1동
21150560,2653061000,21150,26530,21,26,덕포2동,Deokpo2-dong,사상구,부산광역시,부산광역시 사상구 덕포2동
21150570,2653062000,21150,26530,21,26,괘법동,Gwaebeop-dong,사상구,부산광역시,부산광역시 사상구 괘법동
21150600,2653065000,21150,26530,21,26,주례1동,Jurye1-dong,사상구,부산광역시,부산광역시 사상구 주례1동
21150610,2653066000,21150,26530,21,26,주례2동,Jurye2-dong,사상구,부산광역시,부산광역시 사상구 주례2동
21150620,2653066100,21150,26530,21,26,주례3동,Jurye3-dong,사상구,부산광역시,부산광역시 사상구 주례3동
21150630,2653067000,21150,26530,21,26,학장동,Hakjang-dong,사상구,부산광역시,부산광역시 사상구 학장동
21150640,2653068000,21150,26530,21,26,엄궁동,Eomgung-dong,사상구,부산광역시,부산광역시 사상구 엄궁동
21150650,2653064500,21150,26530,21,26,감전동,Gamjeon-dong,사상구,부산광역시,부산광역시 사상구 감전동
21510110,2671025000,21510,26710,21,26,기장읍,Gijang-eup,기장군,부산광역시,부산광역시 기장군 기장읍
21510111,2671025900,21510,26710,21,26,일광읍,Ilgwang-eup,기장군,부산광역시,부산광역시 기장군 일광읍
21510120,2671025300,21510,26710,21,26,장안읍,Jangan-eup,기장군,부산광역시,부산광역시 기장군 장안읍
21510130,2671025600,21510,26710,21,26,정관읍,Jeonggwan-eup,기장군,부산광역시,부산광역시 기장군 정관읍
21510330,2671033000,21510,26710,21,26,철마면,Cheolma-myeon,기장군,부산광역시,부산광역시 기장군 철마면
22010540,2711054500,22010,27110,22,27,삼덕동,Samdeok-dong,중구,대구광역시,대구광역시 중구 삼덕동
22010560,2711056500,22010,27110,22,27,성내1동,Seongnae1-dong,중구,대구광역시,대구광역시 중구 성내1동
22010590,2711057500,22010,27110,22,27,성내2동,Seongnae2-dong,중구,대구광역시,대구광역시 중구 성내2동
22010610,2711058500,22010,27110,22,27,성내3동,Seongnae3-dong,중구,대구광역시,대구광역시 중구 성내3동
22010620,2711059500,22010,27110,22,27,대신동,Daesin-dong,중구,대구광역시,대구광역시 중구 대신동
22010640,2711064000,22010,27110,22,27,남산1동,Namsan1-dong,중구,대구광역시,대구광역시 중구 남산1동
22010650,2711065000,22010,27110,22,27,남산2동,Namsan2-dong,중구,대구광역시,대구광역시 중구 남산2동
22010660,2711066000,22010,27110,22,27,남산3동,Namsan3-dong,중구,대구광역시,대구광역시 중구 남산3동
22010670,2711067000,22010,27110,22,27,남산4동,Namsan4-dong,중구,대구광역시,대구광역시 중구 남산4동
22010680,2711068000,22010,27110,22,27,대봉1동,Daebong1-dong,중구,대구광역시,대구광역시 중구 대봉1동
22010690,2711069000,22010,27110,22,27,대봉2동,Daebong2-dong,중구,대구광역시,대구광역시 중구 대봉2동
22010700,2711051700,22010,27110,22,27,동인동,Dongin-dong,중구,대구광역시,대구광역시 중구 동인동
22020510,2714051000,22020,27140,22,27,신암1동,Sinam1-dong,동구,대구광역시,대구광역시 동구 신암1동
22020520,2714052000,22020,27140,22,27,신암2동,Sinam2-dong,동구,대구광역시,대구광역시 동구 신암2동
22020530,2714053000,22020,27140,22,27,신암3동,Sinam3-dong,동구,대구광역시,대구광역시 동구 신암3동
22020540,2714054000,22020,27140,22,27,신암4동,Sinam4-dong,동구,대구광역시,대구광역시 동구 신암4동
22020550,2714054100,22020,27140,22,27,신암5동,Sinam5-dong,동구,대구광역시,대구광역시 동구 신암5동
22020560,2714055500,22020,27140,22,27,신천1·2동,Sincheon1·2-dong,동구,대구광역시,대구광역시 동구 신천1·2동
22020580,2714057000,22020,27140,22,27,신천3동,Sincheon3-dong,동구,대구광역시,대구광역시 동구 신천3동
22020590,2714058000,22020,27140,22,27,신천4동,Sincheon4-dong,동구,대구광역시,대구광역시 동구 신천4동
22020600,2714059000,22020,27140,22,27,효목1동,Hyomok1-dong,동구,대구광역시,대구광역시 동구 효목1동
22020610,2714060000,22020,27140,22,27,효목2동,Hyomok2-dong,동구,대구광역시,대구광역시 동구 효목2동
22020620,2714061500,22020,27140,22,27,도평동,Dopyeong-dong,동구,대구광역시,대구광역시 동구 도평동
22020630,2714062000,22020,27140,22,27,불로·봉무동,Bullo·bongmu-dong,동구,대구광역시,대구광역시 동구 불로·봉무동
22020650,2714064000,22020,27140,22,27,지저동,Jijeo-dong,동구,대구광역시,대구광역시 동구 지저동
22020660,2714065500,22020,27140,22,27,동촌동,Dongchon-dong,동구,대구광역시,대구광역시 동구 동촌동
22020680,2714067000,22020,27140,22,27,방촌동,Bangchon-dong,동구,대구광역시,대구광역시 동구 방촌동
22020690,2714068500,22020,27140,22,27,해안동,Haean-dong,동구,대구광역시,대구광역시 동구 해안동
22020710,2714076000,22020,27140,22,27,공산동,Gongsan-dong,동구,대구광역시,대구광역시 동구 공산동
22020730,2714072000,22020,27140,22,27,안심1동,Ansim1-dong,동구,대구광역시,대구광역시 동구 안심1동
22020740,2714073000,22020,27140,22,27,안심2동,Ansim2-dong,동구,대구광역시,대구광역시 동구 안심2동
22020760,2714074200,22020,27140,22,27,안심3동,Ansim3-dong,동구,대구광역시,대구광역시 동구 안심3동
22020770,2714074700,22020,27140,22,27,안심4동,Ansim4-dong,동구,대구광역시,대구광역시 동구 안심4동
22020780,2714075500,22020,27140,22,27,혁신동,Hyeoksin-dong,동구,대구광역시,대구광역시 동구 혁신동
22030510,2717051000,22030,27170,22,27,내당1동,Naedang1-dong,서구,대구광역시,대구광역시 서구 내당1동
22030520,2717052500,22030,27170,22,27,내당2·3동,Naedang2·3-dong,서구,대구광역시,대구광역시 서구 내당2·3동
22030530,2717054000,22030,27170,22,27,내당4동,Naedang4-dong,서구,대구광역시,대구광역시 서구 내당4동
22030540,2717055000,22030,27170,22,27,비산1동,Bisan1-dong,서구,대구광역시,대구광역시 서구 비산1동
22030550,2717056500,22030,27170,22,27,비산2·3동,Bisan2·3-dong,서구,대구광역시,대구광역시 서구 비산2·3동
22030560,2717058000,22030,27170,22,27,비산4동,Bisan4-dong,서구,대구광역시,대구광역시 서구 비산4동
22030570,2717059000,22030,27170,22,27,비산5동,Bisan5-dong,서구,대구광역시,대구광역시 서구 비산5동
22030580,2717060000,22030,27170,22,27,비산6동,Bisan6-dong,서구,대구광역시,대구광역시 서구 비산6동
22030590,2717061000,22030,27170,22,27,비산7동,Bisan7-dong,서구,대구광역시,대구광역시 서구 비산7동
22030600,2717062000,22030,27170,22,27,평리1동,Pyeongni1-dong,서구,대구광역시,대구광역시 서구 평리1동
22030610,2717063000,22030,27170,22,27,평리2동,Pyeongni2-dong,서구,대구광역시,대구광역시 서구 평리2동
22030620,2717064000,22030,27170,22,27,평리3동,Pyeongni3-dong,서구,대구광역시,대구광역시 서구 평리3동
22030630,2717065000,22030,27170,22,27,평리4동,Pyeongni4-dong,서구,대구광역시,대구광역시 서구 평리4동
22030640,2717066000,22030,27170,22,27,평리5동,Pyeongni5-dong,서구,대구광역시,대구광역시 서구 평리5동
22030650,2717066100,22030,27170,22,27,평리6동,Pyeongni6-dong,서구,대구광역시,대구광역시 서구 평리6동
22030660,2717067500,22030,27170,22,27,상중이동,Sangjungi-dong,서구,대구광역시,대구광역시 서구 상중이동
22030680,2717069500,22030,27170,22,27,원대동,Wondae-dong,서구,대구광역시,대구광역시 서구 원대동
22040510,2720051500,22040,27200,22,27,이천동,Icheon-dong,남구,대구광역시,대구광역시 남구 이천동
22040530,2720053000,22040,27200,22,27,봉덕1동,Bongdeok1-dong,남구,대구광역시,대구광역시 남구 봉덕1동
22040540,2720054000,22040,27200,22,27,봉덕2동,Bongdeok2-dong,남구,대구광역시,대구광역시 남구 봉덕2동
22040550,2720055000,22040,27200,22,27,봉덕3동,Bongdeok3-dong,남구,대구광역시,대구광역시 남구 봉덕3동
22040560,2720056000,22040,27200,22,27,대명1동,Daemyeong1-dong,남구,대구광역시,대구광역시 남구 대명1동
22040570,2720057100,22040,27200,22,27,대명2동,Daemyeong2-dong,남구,대구광역시,대구광역시 남구 대명2동
22040580,2720058600,22040,27200,22,27,대명3동,Daemyeong3-dong,남구,대구광역시,대구광역시 남구 대명3동
22040590,2720059000,22040,27200,22,27,대명4동,Daemyeong4-dong,남구,대구광역시,대구광역시 남구 대명4동
22040600,2720060000,22040,27200,22,27,대명5동,Daemyeong5-dong,남구,대구광역시,대구광역시 남구 대명5동
22040610,2720061000,22040,27200,22,27,대명6동,Daemyeong6-dong,남구,대구광역시,대구광역시 남구 대명6동
22040640,2720064000,22040,27200,22,27,대명9동,Daemyeong9-dong,남구,대구광역시,대구광역시 남구 대명9동
22040650,2720065000,22040,27200,22,27,대명10동,Daemyeong10-dong,남구,대구광역시,대구광역시 남구 대명10동
22040660,2720066000,22040,27200,22,27,대명11동,Daemyeong11-dong,남구,대구광역시,대구광역시 남구 대명11동
22050510,2723051000,22050,27230,22,27,고성동,Goseong-dong,북구,대구광역시,대구광역시 북구 고성동
22050520,2723052600,22050,27230,22,27,칠성동,Chilseong-dong,북구,대구광역시,대구광역시 북구 칠성동
22050550,2723055000,22050,27230,22,27,침산1동,Chimsan1-dong,북구,대구광역시,대구광역시 북구 침산1동
22050560,2723056000,22050,27230,22,27,침산2동,Chimsan2-dong,북구,대구광역시,대구광역시 북구 침산2동
22050570,2723057000,22050,27230,22,27,침산3동,Chimsan3-dong,북구,대구광역시,대구광역시 북구 침산3동
22050610,2723061000,22050,27230,22,27,산격1동,Sangyeok1-dong,북구,대구광역시,대구광역시 북구 산격1동
22050620,2723062000,22050,27230,22,27,산격2동,Sangyeok2-dong,북구,대구광역시,대구광역시 북구 산격2동
22050630,2723063000,22050,27230,22,27,산격3동,Sangyeok3-dong,북구,대구광역시,대구광역시 북구 산격3동
22050640,2723063100,22050,27230,22,27,산격4동,Sangyeok4-dong,북구,대구광역시,대구광역시 북구 산격4동
22050650,2723067100,22050,27230,22,27,복현1동,Bokyeon1-dong,북구,대구광역시,대구광역시 북구 복현1동
22050660,2723067200,22050,27230,22,27,복현2동,Bokyeon2-dong,북구,대구광역시,대구광역시 북구 복현2동
22050700,2723068000,22050,27230,22,27,검단동,Geomdan-dong,북구,대구광역시,대구광역시 북구 검단동
22050710,2723069500,22050,27230,22,27,무태조야동,Mutaejoya-dong,북구,대구광역시,대구광역시 북구 무태조야동
22050740,2723073500,22050,27230,22,27,태전2동,Taejeon2-dong,북구,대구광역시,대구광역시 북구 태전2동
22050750,2723071500,22050,27230,22,27,관문동,Gwanmun-dong,북구,대구광역시,대구광역시 북구 관문동
22050760,2723077000,22050,27230,22,27,읍내동,Eumnae-dong,북구,대구광역시,대구광역시 북구 읍내동
22050770,2723075000,22050,27230,22,27,관음동,Gwaneum-dong,북구,대구광역시,대구광역시 북구 관음동
22050780,2723072500,22050,27230,22,27,태전1동,Taejeon1-dong,북구,대구광역시,대구광역시 북구 태전1동
22050790,2723074500,22050,27230,22,27,구암동,Guam-dong,북구,대구광역시,대구광역시 북구 구암동
22050810,2723079000,22050,27230,22,27,노원동,Nowon-dong,북구,대구광역시,대구광역시 북구 노원동
22050820,2723078000,22050,27230,22,27,동천동,Dongcheon-dong,북구,대구광역시,대구광역시 북구 동천동
22050830,2723080000,22050,27230,22,27,국우동,Gugu-dong,북구,대구광역시,대구광역시 북구 국우동
22050840,2723064500,22050,27230,22,27,대현동,Daehyeon-dong,북구,대구광역시,대구광역시 북구 대현동
22060510,2726051000,22060,27260,22,27,범어1동,Beomeo1-dong,수성구,대구광역시,대구광역시 수성구 범어1동
22060520,2726052000,22060,27260,22,27,범어2동,Beomeo2-dong,수성구,대구광역시,대구광역시 수성구 범어2동
22060530,2726053000,22060,27260,22,27,범어3동,Beomeo3-dong,수성구,대구광역시,대구광역시 수성구 범어3동
22060540,2726054000,22060,27260,22,27,범어4동,Beomeo4-dong,수성구,대구광역시,대구광역시 수성구 범어4동
22060550,2726055000,22060,27260,22,27,만촌1동,Manchon1-dong,수성구,대구광역시,대구광역시 수성구 만촌1동
22060560,2726056000,22060,27260,22,27,만촌2동,Manchon2-dong,수성구,대구광역시,대구광역시 수성구 만촌2동
22060570,2726056100,22060,27260,22,27,만촌3동,Manchon3-dong,수성구,대구광역시,대구광역시 수성구 만촌3동
22060580,2726057000,22060,27260,22,27,수성1가동,Suseong 1-ga-dong,수성구,대구광역시,대구광역시 수성구 수성1가동
22060590,2726058000,22060,27260,22,27,수성2·3가동,Suseong 2·3-ga-dong,수성구,대구광역시,대구광역시 수성구 수성2·3가동
22060600,2726059000,22060,27260,22,27,수성4가동,Suseong 4-ga-dong,수성구,대구광역시,대구광역시 수성구 수성4가동
22060610,2726060100,22060,27260,22,27,황금1동,Hwanggeum1-dong,수성구,대구광역시,대구광역시 수성구 황금1동
22060620,2726060200,22060,27260,22,27,황금2동,Hwanggeum2-dong,수성구,대구광역시,대구광역시 수성구 황금2동
22060630,2726061000,22060,27260,22,27,중동,Jung-dong,수성구,대구광역시,대구광역시 수성구 중동
22060640,2726062000,22060,27260,22,27,상동,Sang-dong,수성구,대구광역시,대구광역시 수성구 상동
22060650,2726063000,22060,27260,22,27,파동,Pa-dong,수성구,대구광역시,대구광역시 수성구 파동
22060660,2726064000,22060,27260,22,27,두산동,Dusan-dong,수성구,대구광역시,대구광역시 수성구 두산동
22060670,2726065100,22060,27260,22,27,지산1동,Jisan1-dong,수성구,대구광역시,대구광역시 수성구 지산1동
22060680,2726065200,22060,27260,22,27,지산2동,Jisan2-dong,수성구,대구광역시,대구광역시 수성구 지산2동
22060690,2726066100,22060,27260,22,27,범물1동,Beommul1-dong,수성구,대구광역시,대구광역시 수성구 범물1동
22060700,2726066200,22060,27260,22,27,범물2동,Beommul2-dong,수성구,대구광역시,대구광역시 수성구 범물2동
22060710,2726067000,22060,27260,22,27,고산1동,Gosan1-dong,수성구,대구광역시,대구광역시 수성구 고산1동
22060720,2726068000,22060,27260,22,27,고산2동,Gosan2-dong,수성구,대구광역시,대구광역시 수성구 고산2동
22060730,2726069000,22060,27260,22,27,고산3동,Gosan3-dong,수성구,대구광역시,대구광역시 수성구 고산3동
22070550,2729055000,22070,27290,22,27,두류3동,Duryu3-dong,달서구,대구광역시,대구광역시 달서구 두류3동
22070560,2729059000,22070,27290,22,27,본리동,Bolli-dong,달서구,대구광역시,대구광역시 달서구 본리동
22070570,2729055500,22070,27290,22,27,감삼동,Gamsam-dong,달서구,대구광역시,대구광역시 달서구 감삼동
22070580,2729056300,22070,27290,22,27,죽전동,Jukjeon-dong,달서구,대구광역시,대구광역시 달서구 죽전동
22070590,2729056800,22070,27290,22,27,장기동,Janggi-dong,달서구,대구광역시,대구광역시 달서구 장기동
22070600,2729057600,22070,27290,22,27,이곡1동,Igok1-dong,달서구,대구광역시,대구광역시 달서구 이곡1동
22070610,2729058500,22070,27290,22,27,신당동,Sindang-dong,달서구,대구광역시,대구광역시 달서구 신당동
22070630,2729060200,22070,27290,22,27,월성2동,Wolseong2-dong,달서구,대구광역시,대구광역시 달서구 월성2동
22070650,2729062400,22070,27290,22,27,상인1동,Sangin1-dong,달서구,대구광역시,대구광역시 달서구 상인1동
22070660,2729062500,22070,27290,22,27,상인2동,Sangin2-dong,달서구,대구광역시,대구광역시 달서구 상인2동
22070670,2729062600,22070,27290,22,27,상인3동,Sangin3-dong,달서구,대구광역시,대구광역시 달서구 상인3동
22070680,2729062800,22070,27290,22,27,도원동,Dowon-dong,달서구,대구광역시,대구광역시 달서구 도원동
22070690,2729063000,22070,27290,22,27,송현1동,Songhyeon1-dong,달서구,대구광역시,대구광역시 달서구 송현1동
22070700,2729064000,22070,27290,22,27,송현2동,Songhyeon2-dong,달서구,대구광역시,대구광역시 달서구 송현2동
22070710,2729065000,22070,27290,22,27,본동,Bon-dong,달서구,대구광역시,대구광역시 달서구 본동
22070720,2729057100,22070,27290,22,27,용산1동,Yongsan1-dong,달서구,대구광역시,대구광역시 달서구 용산1동
22070730,2729057200,22070,27290,22,27,용산2동,Yongsan2-dong,달서구,대구광역시,대구광역시 달서구 용산2동
22070740,2729057700,22070,27290,22,27,이곡2동,Igok2-dong,달서구,대구광역시,대구광역시 달서구 이곡2동
22070750,2729051500,22070,27290,22,27,성당동,Seongdang-dong,달서구,대구광역시,대구광역시 달서구 성당동
22070760,2729053500,22070,27290,22,27,"두류1,2동","Duryu1,2-dong",달서구,대구광역시,"대구광역시 달서구 두류1,2동"
22070770,2729060100,22070,27290,22,27,월성1동,Wolseong1-dong,달서구,대구광역시,대구광역시 달서구 월성1동
22070780,2729061500,22070,27290,22,27,진천동,Jincheon-dong,달서구,대구광역시,대구광역시 달서구 진천동
22070790,2729061700,22070,27290,22,27,유천동,Yucheon-dong,달서구,대구광역시,대구광역시 달서구 유천동
22510110,2771025000,22510,27710,22,27,화원읍,Hwawon-eup,달성군,대구광역시,대구광역시 달성군 화원읍
22510120,2771025300,22510,27710,22,27,논공읍,Nongong-eup,달성군,대구광역시,대구광역시 달성군 논공읍
22510130,2771025600,22510,27710,22,27,다사읍,Dasa-eup,달성군,대구광역시,대구광역시 달성군 다사읍
22510140,2771025900,22510,27710,22,27,유가읍,Yuga-eup,달성군,대구광역시,대구광역시 달성군 유가읍
22510150,2771026200,22510,27710,22,27,옥포읍,Okpo-eup,달성군,대구광역시,대구광역시 달성군 옥포읍
22510160,2771026500,22510,27710,22,27,현풍읍,Hyeonpung-eup,달성군,대구광역시,대구광역시 달성군 현풍읍
22510310,2771031000,22510,27710,22,27,가창면,Gachang-myeon,달성군,대구광역시,대구광역시 달성군 가창면
22510320,2771033000,22510,27710,22,27,하빈면,Habin-myeon,달성군,대구광역시,대구광역시 달성군 하빈면
22510360,2771038000,22510,27710,22,27,구지면,Guji-myeon,달성군,대구광역시,대구광역시 달성군 구지면
22520111,2772025000,22520,27720,22,27,군위읍,Gunwi-eup,군위군,대구광역시,대구광역시 군위군 군위읍
22520311,2772031000,22520,27720,22,27,소보면,Sobo-myeon,군위군,대구광역시,대구광역시 군위군 소보면
22520312,2772032000,22520,27720,22,27,효령면,Hyoryeong-myeon,군위군,대구광역시,대구광역시 군위군 효령면
22520313,2772033000,22520,27720,22,27,부계면,Bugye-myeon,군위군,대구광역시,대구광역시 군위군 부계면
22520314,2772034000,22520,27720,22,27,우보면,Ubo-myeon,군위군,대구광역시,대구광역시 군위군 우보면
22520315,2772035000,22520,27720,22,27,의흥면,Uiheung-myeon,군위군,대구광역시,대구광역시 군위군 의흥면
22520316,2772036000,22520,27720,22,27,산성면,Sanseong-myeon,군위군,대구광역시,대구광역시 군위군 산성면
22520317,2772037000,22520,27720,22,27,삼국유사면,Samgugyusa-myeon,군위군,대구광역시,대구광역시 군위군 삼국유사면
23040510,2818563000,23040,28185,23,28,옥련1동,Ongnyeon1-dong,연수구,인천광역시,인천광역시 연수구 옥련1동
23040520,2818575000,23040,28185,23,28,선학동,Seonhak-dong,연수구,인천광역시,인천광역시 연수구 선학동
23040530,2818576100,23040,28185,23,28,연수1동,Yeonsu1-dong,연수구,인천광역시,인천광역시 연수구 연수1동
23040540,2818576200,23040,28185,23,28,연수2동,Yeonsu2-dong,연수구,인천광역시,인천광역시 연수구 연수2동
23040550,2818576300,23040,28185,23,28,연수3동,Yeonsu3-dong,연수구,인천광역시,인천광역시 연수구 연수3동
23040560,2818576600,23040,28185,23,28,청학동,Cheonghak-dong,연수구,인천광역시,인천광역시 연수구 청학동
23040570,2818578000,23040,28185,23,28,동춘1동,Dongchun1-dong,연수구,인천광역시,인천광역시 연수구 동춘1동
23040580,2818579000,23040,28185,23,28,동춘2동,Dongchun2-dong,연수구,인천광역시,인천광역시 연수구 동춘2동
23040590,2818579500,23040,28185,23,28,동춘3동,Dongchun3-dong,연수구,인천광역시,인천광역시 연수구 동춘3동
23040600,2818564000,23040,28185,23,28,옥련2동,Ongnyeon2-dong,연수구,인천광역시,인천광역시 연수구 옥련2동
23040640,2818582000,23040,28185,23,28,송도1동,Songdo1-dong,연수구,인천광역시,인천광역시 연수구 송도1동
23040650,2818584000,23040,28185,23,28,송도3동,Songdo3-dong,연수구,인천광역시,인천광역시 연수구 송도3동
23040660,2818583000,23040,28185,23,28,송도2동,Songdo2-dong,연수구,인천광역시,인천광역시 연수구 송도2동
23040680,2818585000,23040,28185,23,28,송도4동,Songdo4-dong,연수구,인천광역시,인천광역시 연수구 송도4동
23040690,2818586000,23040,28185,23,28,송도5동,Songdo5-dong,연수구,인천광역시,인천광역시 연수구 송도5동
23050510,2820051000,23050,28200,23,28,구월1동,Guwol1-dong,남동구,인천광역시,인천광역시 남동구 구월1동
23050521,2820052000,23050,28200,23,28,구월2동,Guwol2-dong,남동구,인천광역시,인천광역시 남동구 구월2동
23050530,2820052100,23050,28200,23,28,구월3동,Guwol3-dong,남동구,인천광역시,인천광역시 남동구 구월3동
23050540,2820052200,23050,28200,23,28,구월4동,Guwol4-dong,남동구,인천광역시,인천광역시 남동구 구월4동
23050550,2820053000,23050,28200,23,28,간석1동,Ganseok1-dong,남동구,인천광역시,인천광역시 남동구 간석1동
23050561,2820054000,23050,28200,23,28,간석2동,Ganseok2-dong,남동구,인천광역시,인천광역시 남동구 간석2동
23050570,2820055000,23050,28200,23,28,간석3동,Ganseok3-dong,남동구,인천광역시,인천광역시 남동구 간석3동
23050580,2820055100,23050,28200,23,28,간석4동,Ganseok4-dong,남동구,인천광역시,인천광역시 남동구 간석4동
23050590,2820056000,23050,28200,23,28,만수1동,Mansu1-dong,남동구,인천광역시,인천광역시 남동구 만수1동
23050600,2820057000,23050,28200,23,28,만수2동,Mansu2-dong,남동구,인천광역시,인천광역시 남동구 만수2동
23050610,2820058000,23050,28200,23,28,만수3동,Mansu3-dong,남동구,인천광역시,인천광역시 남동구 만수3동
23050620,2820058100,23050,28200,23,28,만수4동,Mansu4-dong,남동구,인천광역시,인천광역시 남동구 만수4동
23050630,2820058200,23050,28200,23,28,만수5동,Mansu5-dong,남동구,인천광역시,인천광역시 남동구 만수5동
23050640,2820058300,23050,28200,23,28,만수6동,Mansu6-dong,남동구,인천광역시,인천광역시 남동구 만수6동
23050670,2820066000,23050,28200,23,28,남촌도림동,Namchondorim-dong,남동구,인천광역시,인천광역시 남동구 남촌도림동
23050720,2820069000,23050,28200,23,28,논현1동,Nonhyeon1-dong,남동구,인천광역시,인천광역시 남동구 논현1동
23050730,2820070000,23050,28200,23,28,논현2동,Nonhyeon2-dong,남동구,인천광역시,인천광역시 남동구 논현2동
23050740,2820071000,23050,28200,23,28,논현고잔동,Nonhyeongojan-dong,남동구,인천광역시,인천광역시 남동구 논현고잔동
23050750,2820065000,23050,28200,23,28,장수서창동,Jangsuseochang-dong,남동구,인천광역시,인천광역시 남동구 장수서창동
23050760,2820065500,23050,28200,23,28,서창2동,Seochang2-dong,남동구,인천광역시,인천광역시 남동구 서창2동
23060510,2823751000,23060,28237,23,28,부평1동,Bupyeong1-dong,부평구,인천광역시,인천광역시 부평구 부평1동
23060520,2823752000,23060,28237,23,28,부평2동,Bupyeong2-dong,부평구,인천광역시,인천광역시 부평구 부평2동
23060530,2823753000,23060,28237,23,28,부평3동,Bupyeong3-dong,부평구,인천광역시,인천광역시 부평구 부평3동
23060540,2823754000,23060,28237,23,28,부평4동,Bupyeong4-dong,부평구,인천광역시,인천광역시 부평구 부평4동
23060550,2823755000,23060,28237,23,28,부평5동,Bupyeong5-dong,부평구,인천광역시,인천광역시 부평구 부평5동
23060560,2823756000,23060,28237,23,28,부평6동,Bupyeong6-dong,부평구,인천광역시,인천광역시 부평구 부평6동
23060570,2823757000,23060,28237,23,28,산곡1동,Sangok1-dong,부평구,인천광역시,인천광역시 부평구 산곡1동
23060580,2823758000,23060,28237,23,28,산곡2동,Sangok2-dong,부평구,인천광역시,인천광역시 부평구 산곡2동
23060590,2823758100,23060,28237,23,28,산곡3동,Sangok3-dong,부평구,인천광역시,인천광역시 부평구 산곡3동
23060600,2823758200,23060,28237,23,28,산곡4동,Sangok4-dong,부평구,인천광역시,인천광역시 부평구 산곡4동
23060610,2823759100,23060,28237,23,28,청천1동,Cheongcheon1-dong,부평구,인천광역시,인천광역시 부평구 청천1동
23060620,2823759200,23060,28237,23,28,청천2동,Cheongcheon2-dong,부평구,인천광역시,인천광역시 부평구 청천2동
23060630,2823764100,23060,28237,23,28,갈산1동,Galsan1-dong,부평구,인천광역시,인천광역시 부평구 갈산1동
23060640,2823764200,23060,28237,23,28,갈산2동,Galsan2-dong,부평구,인천광역시,인천광역시 부평구 갈산2동
23060650,2823764600,23060,28237,23,28,삼산1동,Samsan1-dong,부평구,인천광역시,인천광역시 부평구 삼산1동
23060660,2823765000,23060,28237,23,28,부개1동,Bugae1-dong,부평구,인천광역시,인천광역시 부평구 부개1동
23060670,2823766000,23060,28237,23,28,부개2동,Bugae2-dong,부평구,인천광역시,인천광역시 부평구 부개2동
23060680,2823766100,23060,28237,23,28,부개3동,Bugae3-dong,부평구,인천광역시,인천광역시 부평구 부개3동
23060690,2823767000,23060,28237,23,28,일신동,Ilsin-dong,부평구,인천광역시,인천광역시 부평구 일신동
23060700,2823768000,23060,28237,23,28,십정1동,Sipjeong1-dong,부평구,인천광역시,인천광역시 부평구 십정1동
23060710,2823769000,23060,28237,23,28,십정2동,Sipjeong2-dong,부평구,인천광역시,인천광역시 부평구 십정2동
23060720,2823764800,23060,28237,23,28,삼산2동,Samsan2-dong,부평구,인천광역시,인천광역시 부평구 삼산2동
23070510,2824560100,23070,28245,23,28,효성1동,Hyoseong1-dong,계양구,인천광역시,인천광역시 계양구 효성1동
23070520,2824560200,23070,28245,23,28,효성2동,Hyoseong2-dong,계양구,인천광역시,인천광역시 계양구 효성2동
23070530,2824561100,23070,28245,23,28,계산1동,Gyesan1-dong,계양구,인천광역시,인천광역시 계양구 계산1동
23070540,2824561200,23070,28245,23,28,계산2동,Gyesan2-dong,계양구,인천광역시,인천광역시 계양구 계산2동
23070550,2824561300,23070,28245,23,28,계산3동,Gyesan3-dong,계양구,인천광역시,인천광역시 계양구 계산3동
23070560,2824562100,23070,28245,23,28,작전1동,Jakjeon1-dong,계양구,인천광역시,인천광역시 계양구 작전1동
23070570,2824562200,23070,28245,23,28,작전2동,Jakjeon2-dong,계양구,인천광역시,인천광역시 계양구 작전2동
23070580,2824564000,23070,28245,23,28,작전서운동,Jakjeonseoun-dong,계양구,인천광역시,인천광역시 계양구 작전서운동
23070610,2824572000,23070,28245,23,28,계양2동,Gyeyang2-dong,계양구,인천광역시,인천광역시 계양구 계양2동
23070620,2824561400,23070,28245,23,28,계산4동,Gyesan4-dong,계양구,인천광역시,인천광역시 계양구 계산4동
23070630,2824571000,23070,28245,23,28,계양1동,Gyeyang1-dong,계양구,인천광역시,인천광역시 계양구 계양1동
23070640,2824573000,23070,28245,23,28,계양3동,Gyeyang3-dong,계양구,인천광역시,인천광역시 계양구 계양3동
23090520,2817751000,23090,28177,23,28,숭의2동,Sungui2-dong,미추홀구,인천광역시,인천광역시 미추홀구 숭의2동
23090540,2817753000,23090,28177,23,28,숭의4동,Sungui4-dong,미추홀구,인천광역시,인천광역시 미추홀구 숭의4동
23090560,2817755000,23090,28177,23,28,용현2동,Yonghyeon2-dong,미추홀구,인천광역시,인천광역시 미추홀구 용현2동
23090570,2817756000,23090,28177,23,28,용현3동,Yonghyeon3-dong,미추홀구,인천광역시,인천광역시 미추홀구 용현3동
23090590,2817757000,23090,28177,23,28,용현5동,Yonghyeon5-dong,미추홀구,인천광역시,인천광역시 미추홀구 용현5동
23090600,2817758000,23090,28177,23,28,학익1동,Hagik1-dong,미추홀구,인천광역시,인천광역시 미추홀구 학익1동
23090610,2817759000,23090,28177,23,28,학익2동,Hagik2-dong,미추홀구,인천광역시,인천광역시 미추홀구 학익2동
23090620,2817760000,23090,28177,23,28,도화1동,Dohwa1-dong,미추홀구,인천광역시,인천광역시 미추홀구 도화1동
23090650,2817762000,23090,28177,23,28,주안1동,Juan1-dong,미추홀구,인천광역시,인천광역시 미추홀구 주안1동
23090660,2817763000,23090,28177,23,28,주안2동,Juan2-dong,미추홀구,인천광역시,인천광역시 미추홀구 주안2동
23090670,2817764000,23090,28177,23,28,주안3동,Juan3-dong,미추홀구,인천광역시,인천광역시 미추홀구 주안3동
23090680,2817765000,23090,28177,23,28,주안4동,Juan4-dong,미추홀구,인천광역시,인천광역시 미추홀구 주안4동
23090690,2817766000,23090,28177,23,28,주안5동,Juan5-dong,미추홀구,인천광역시,인천광역시 미추홀구 주안5동
23090700,2817767000,23090,28177,23,28,주안6동,Juan6-dong,미추홀구,인천광역시,인천광역시 미추홀구 주안6동
23090710,2817768000,23090,28177,23,28,주안7동,Juan7-dong,미추홀구,인천광역시,인천광역시 미추홀구 주안7동
23090720,2817769000,23090,28177,23,28,주안8동,Juan8-dong,미추홀구,인천광역시,인천광역시 미추홀구 주안8동
23090730,2817770000,23090,28177,23,28,관교동,Gwangyo-dong,미추홀구,인천광역시,인천광역시 미추홀구 관교동
23090740,2817771000,23090,28177,23,28,문학동,Munhak-dong,미추홀구,인천광역시,인천광역시 미추홀구 문학동
23090750,2817752000,23090,28177,23,28,숭의1·3동,Sungui1·3-dong,미추홀구,인천광역시,인천광역시 미추홀구 숭의1·3동
23090760,2817754000,23090,28177,23,28,용현1·4동,Yonghyeon1·4-dong,미추홀구,인천광역시,인천광역시 미추홀구 용현1·4동
23090770,2817761000,23090,28177,23,28,도화2·3동,Dohwa2·3-dong,미추홀구,인천광역시,인천광역시 미추홀구 도화2·3동
23100510,2812558000,23100,28125,23,28,만석동,Manseok-dong,제물포구,인천광역시,인천광역시 제물포구 만석동
23100520,2812552000,23100,28125,23,28,연안동,Yeonan-dong,제물포구,인천광역시,인천광역시 제물포구 연안동
23100530,2812551000,23100,28125,23,28,신포동,Sinpo-dong,제물포구,인천광역시,인천광역시 제물포구 신포동
23100540,2812553000,23100,28125,23,28,신흥동,Sinheung-dong,제물포구,인천광역시,인천광역시 제물포구 신흥동
23100550,2812561000,23100,28125,23,28,송현1·2동,Songhyeon1·2-dong,제물포구,인천광역시,인천광역시 제물포구 송현1·2동
23100560,2812554000,23100,28125,23,28,도원동,Dowon-dong,제물포구,인천광역시,인천광역시 제물포구 도원동
23100570,2812555000,23100,28125,23,28,율목동,Yulmok-dong,제물포구,인천광역시,인천광역시 제물포구 율목동
23100580,2812556000,23100,28125,23,28,동인천동,Dongincheon-dong,제물포구,인천광역시,인천광역시 제물포구 동인천동
23100590,2812564000,23100,28125,23,28,송림2동,Songnim2-dong,제물포구,인천광역시,인천광역시 제물포구 송림2동
23100600,2812565000,23100,28125,23,28,송림3·5동,Songnim3·5-dong,제물포구,인천광역시,인천광역시 제물포구 송림3·5동
23100610,2812566000,23100,28125,23,28,송림4동,Songnim4-dong,제물포구,인천광역시,인천광역시 제물포구 송림4동
23100630,2812567000,23100,28125,23,28,송림6동,Songnim6-dong,제물포구,인천광역시,인천광역시 제물포구 송림6동
23100640,2812568000,23100,28125,23,28,금창동,Geumchang-dong,제물포구,인천광역시,인천광역시 제물포구 금창동
23100670,2812557000,23100,28125,23,28,개항동,Gaehang-dong,제물포구,인천광역시,인천광역시 제물포구 개항동
23100671,2812559000,23100,28125,23,28,화수1·화평동,Hwasu1·hwapyeong-dong,제물포구,인천광역시,인천광역시 제물포구 화수1·화평동
23100672,2812560000,23100,28125,23,28,화수2동,Hwasu2-dong,제물포구,인천광역시,인천광역시 제물포구 화수2동
23100673,2812562000,23100,28125,23,28,송현3동,Songhyeon3-dong,제물포구,인천광역시,인천광역시 제물포구 송현3동
23100674,2812563000,23100,28125,23,28,송림1동,Songnim1-dong,제물포구,인천광역시,인천광역시 제물포구 송림1동
23110630,2815556000,23110,28155,23,28,용유동,Yongyu-dong,영종구,인천광역시,인천광역시 영종구 용유동
23110650,2815551000,23110,28155,23,28,영종동,Yeongjong-dong,영종구,인천광역시,인천광역시 영종구 영종동
23110681,2815552000,23110,28155,23,28,영종1동,Yeongjong1-dong,영종구,인천광역시,인천광역시 영종구 영종1동
23110691,2815553000,23110,28155,23,28,영종2동,Yeongjong2-dong,영종구,인천광역시,인천광역시 영종구 영종2동
23110692,2815554000,23110,28155,23,28,운서1동,Unseo1-dong,영종구,인천광역시,인천광역시 영종구 운서1동
23110693,2815555000,23110,28155,23,28,운서2동,Unseo2-dong,영종구,인천광역시,인천광역시 영종구 운서2동
23120800,2829051000,23120,28290,23,28,검단동,Geomdan-dong,검단구,인천광역시,인천광역시 검단구 검단동
23120810,2829052000,23120,28290,23,28,불로대곡동,Bullodaegok-dong,검단구,인천광역시,인천광역시 검단구 불로대곡동
23120840,2829055000,23120,28290,23,28,오류왕길동,Oryuwanggil-dong,검단구,인천광역시,인천광역시 검단구 오류왕길동
23120850,2829054000,23120,28290,23,28,당하동,Dangha-dong,검단구,인천광역시,인천광역시 검단구 당하동
23120860,2829056000,23120,28290,23,28,마전동,Majeon-dong,검단구,인천광역시,인천광역시 검단구 마전동
23120870,2829053000,23120,28290,23,28,원당동,Wondang-dong,검단구,인천광역시,인천광역시 검단구 원당동
23120881,2829057000,23120,28290,23,28,아라1동,Ara1-dong,검단구,인천광역시,인천광역시 검단구 아라1동
23120882,2829058000,23120,28290,23,28,아라2동,Ara2-dong,검단구,인천광역시,인천광역시 검단구 아라2동
23130510,2827551500,23130,28275,23,28,검암경서동,Geomamgyeongseo-dong,서해구,인천광역시,인천광역시 서해구 검암경서동
23130531,2827553000,23130,28275,23,28,연희동,Yeonhui-dong,서해구,인천광역시,인천광역시 서해구 연희동
23130541,2827554200,23130,28275,23,28,가정1동,Gajeong1-dong,서해구,인천광역시,인천광역시 서해구 가정1동
23130550,2827554300,23130,28275,23,28,가정2동,Gajeong2-dong,서해구,인천광역시,인천광역시 서해구 가정2동
23130560,2827554400,23130,28275,23,28,가정3동,Gajeong3-dong,서해구,인천광역시,인천광역시 서해구 가정3동
23130580,2827555000,23130,28275,23,28,석남1동,Seongnam1-dong,서해구,인천광역시,인천광역시 서해구 석남1동
23130590,2827556000,23130,28275,23,28,석남2동,Seongnam2-dong,서해구,인천광역시,인천광역시 서해구 석남2동
23130600,2827556100,23130,28275,23,28,석남3동,Seongnam3-dong,서해구,인천광역시,인천광역시 서해구 석남3동
23130620,2827558000,23130,28275,23,28,가좌1동,Gajwa1-dong,서해구,인천광역시,인천광역시 서해구 가좌1동
23130630,2827559000,23130,28275,23,28,가좌2동,Gajwa2-dong,서해구,인천광역시,인천광역시 서해구 가좌2동
23130640,2827560000,23130,28275,23,28,가좌3동,Gajwa3-dong,서해구,인천광역시,인천광역시 서해구 가좌3동
23130650,2827561000,23130,28275,23,28,가좌4동,Gajwa4-dong,서해구,인천광역시,인천광역시 서해구 가좌4동
23130730,2827557500,23130,28275,23,28,신현원창동,Sinhyeonwonchang-dong,서해구,인천광역시,인천광역시 서해구 신현원창동
23130740,2827553600,23130,28275,23,28,청라1동,Cheongna1-dong,서해구,인천광역시,인천광역시 서해구 청라1동
23130780,2827553700,23130,28275,23,28,청라2동,Cheongna2-dong,서해구,인천광역시,인천광역시 서해구 청라2동
23130790,2827553900,23130,28275,23,28,청라3동,Cheongna3-dong,서해구,인천광역시,인천광역시 서해구 청라3동
23510110,2871025000,23510,28710,23,28,강화읍,Ganghwa-eup,강화군,인천광역시,인천광역시 강화군 강화읍
23510310,2871031000,23510,28710,23,28,선원면,Seonwon-myeon,강화군,인천광역시,인천광역시 강화군 선원면
23510320,2871032000,23510,28710,23,28,불은면,Bureun-myeon,강화군,인천광역시,인천광역시 강화군 불은면
23510330,2871033000,23510,28710,23,28,길상면,Gilsang-myeon,강화군,인천광역시,인천광역시 강화군 길상면
23510340,2871034000,23510,28710,23,28,화도면,Hwado-myeon,강화군,인천광역시,인천광역시 강화군 화도면
23510350,2871035000,23510,28710,23,28,양도면,Yangdo-myeon,강화군,인천광역시,인천광역시 강화군 양도면
23510360,2871036000,23510,28710,23,28,내가면,Naega-myeon,강화군,인천광역시,인천광역시 강화군 내가면
23510370,2871037000,23510,28710,23,28,하점면,Hajeom-myeon,강화군,인천광역시,인천광역시 강화군 하점면
23510380,2871038000,23510,28710,23,28,양사면,Yangsa-myeon,강화군,인천광역시,인천광역시 강화군 양사면
23510390,2871039000,23510,28710,23,28,송해면,Songhae-myeon,강화군,인천광역시,인천광역시 강화군 송해면
23510400,2871040000,23510,28710,23,28,교동면,Gyodong-myeon,강화군,인천광역시,인천광역시 강화군 교동면
23510410,2871041000,23510,28710,23,28,삼산면,Samsan-myeon,강화군,인천광역시,인천광역시 강화군 삼산면
23510420,2871042000,23510,28710,23,28,서도면,Seodo-myeon,강화군,인천광역시,인천광역시 강화군 서도면
23520310,2872031000,23520,28720,23,28,북도면,Bukdo-myeon,옹진군,인천광역시,인천광역시 옹진군 북도면
23520320,2872038000,23520,28720,23,28,연평면,Yeonpyeong-myeon,옹진군,인천광역시,인천광역시 옹진군 연평면
23520330,2872033000,23520,28720,23,28,백령면,Baengnyeong-myeon,옹진군,인천광역시,인천광역시 옹진군 백령면
23520340,2872034000,23520,28720,23,28,대청면,Daecheong-myeon,옹진군,인천광역시,인천광역시 옹진군 대청면
23520350,2872035000,23520,28720,23,28,덕적면,Deokjeok-myeon,옹진군,인천광역시,인천광역시 옹진군 덕적면
23520360,2872037000,23520,28720,23,28,자월면,Jawol-myeon,옹진군,인천광역시,인천광역시 옹진군 자월면
23520370,2872036000,23520,28720,23,28,영흥면,Yeongheung-myeon,옹진군,인천광역시,인천광역시 옹진군 영흥면
25010530,3011053000,25010,30110,25,30,효동,Hyo-dong,동구,대전광역시,대전광역시 동구 효동
25010550,3011055100,25010,30110,25,30,판암1동,Panam1-dong,동구,대전광역시,대전광역시 동구 판암1동
25010560,3011055200,25010,30110,25,30,판암2동,Panam2-dong,동구,대전광역시,대전광역시 동구 판암2동
25010570,3011056000,25010,30110,25,30,용운동,Yongun-dong,동구,대전광역시,대전광역시 동구 용운동
25010600,3011059000,25010,30110,25,30,자양동,Jayang-dong,동구,대전광역시,대전광역시 동구 자양동
25010630,3011062000,25010,30110,25,30,가양1동,Gayang1-dong,동구,대전광역시,대전광역시 동구 가양1동
25010640,3011063000,25010,30110,25,30,가양2동,Gayang2-dong,동구,대전광역시,대전광역시 동구 가양2동
25010650,3011064000,25010,30110,25,30,용전동,Yongjeon-dong,동구,대전광역시,대전광역시 동구 용전동
25010680,3011067000,25010,30110,25,30,홍도동,Hongdo-dong,동구,대전광역시,대전광역시 동구 홍도동
25010730,3011072500,25010,30110,25,30,대청동,Daecheong-dong,동구,대전광역시,대전광역시 동구 대청동
25010750,3011074000,25010,30110,25,30,산내동,Sannae-dong,동구,대전광역시,대전광역시 동구 산내동
25010760,3011051500,25010,30110,25,30,중앙동,Jungang-dong,동구,대전광역시,대전광역시 동구 중앙동
25010770,3011054500,25010,30110,25,30,신인동,Sinin-dong,동구,대전광역시,대전광역시 동구 신인동
25010780,3011058500,25010,30110,25,30,대동,Dae-dong,동구,대전광역시,대전광역시 동구 대동
25010790,3011066500,25010,30110,25,30,성남동,Seongnam-dong,동구,대전광역시,대전광역시 동구 성남동
25010800,3011069500,25010,30110,25,30,삼성동,Samseong-dong,동구,대전광역시,대전광역시 동구 삼성동
25020510,3014053500,25020,30140,25,30,은행선화동,Eunhaengseonhwa-dong,중구,대전광역시,대전광역시 중구 은행선화동
25020530,3014055000,25020,30140,25,30,목동,Mok-dong,중구,대전광역시,대전광역시 중구 목동
25020540,3014056000,25020,30140,25,30,중촌동,Jungchon-dong,중구,대전광역시,대전광역시 중구 중촌동
25020550,3014057500,25020,30140,25,30,대흥동,Daeheung-dong,중구,대전광역시,대전광역시 중구 대흥동
25020560,3014060500,25020,30140,25,30,문창동,Munchang-dong,중구,대전광역시,대전광역시 중구 문창동
25020570,3014062000,25020,30140,25,30,석교동,Seokgyo-dong,중구,대전광역시,대전광역시 중구 석교동
25020580,3014063000,25020,30140,25,30,대사동,Daesa-dong,중구,대전광역시,대전광역시 중구 대사동
25020590,3014064000,25020,30140,25,30,부사동,Busa-dong,중구,대전광역시,대전광역시 중구 부사동
25020600,3014065500,25020,30140,25,30,용두동,Yongdu-dong,중구,대전광역시,대전광역시 중구 용두동
25020620,3014067000,25020,30140,25,30,오류동,Oryu-dong,중구,대전광역시,대전광역시 중구 오류동
25020630,3014068000,25020,30140,25,30,태평1동,Taepyeong1-dong,중구,대전광역시,대전광역시 중구 태평1동
25020640,3014069000,25020,30140,25,30,태평2동,Taepyeong2-dong,중구,대전광역시,대전광역시 중구 태평2동
25020650,3014070000,25020,30140,25,30,유천1동,Yucheon1-dong,중구,대전광역시,대전광역시 중구 유천1동
25020660,3014071000,25020,30140,25,30,유천2동,Yucheon2-dong,중구,대전광역시,대전광역시 중구 유천2동
25020670,3014072000,25020,30140,25,30,문화1동,Munhwa1-dong,중구,대전광역시,대전광역시 중구 문화1동
25020680,3014073000,25020,30140,25,30,문화2동,Munhwa2-dong,중구,대전광역시,대전광역시 중구 문화2동
25020690,3014074000,25020,30140,25,30,산성동,Sanseong-dong,중구,대전광역시,대전광역시 중구 산성동
25030510,3017051000,25030,30170,25,30,복수동,Boksu-dong,서구,대전광역시,대전광역시 서구 복수동
25030511,3017059000,25030,30170,25,30,가수원동,Gasuwon-dong,서구,대전광역시,대전광역시 서구 가수원동
25030512,3017059300,25030,30170,25,30,도안동,Doan-dong,서구,대전광역시,대전광역시 서구 도안동
25030520,3017052000,25030,30170,25,30,도마1동,Doma1-dong,서구,대전광역시,대전광역시 서구 도마1동
25030530,3017053000,25030,30170,25,30,도마2동,Doma2-dong,서구,대전광역시,대전광역시 서구 도마2동
25030540,3017053500,25030,30170,25,30,정림동,Jeongnim-dong,서구,대전광역시,대전광역시 서구 정림동
25030550,3017054000,25030,30170,25,30,변동,Byeon-dong,서구,대전광역시,대전광역시 서구 변동
25030560,3017055000,25030,30170,25,30,용문동,Yongmun-dong,서구,대전광역시,대전광역시 서구 용문동
25030570,3017055500,25030,30170,25,30,탄방동,Tanbang-dong,서구,대전광역시,대전광역시 서구 탄방동
25030590,3017063000,25030,30170,25,30,둔산1동,Dunsan1-dong,서구,대전광역시,대전광역시 서구 둔산1동
25030600,3017064000,25030,30170,25,30,둔산2동,Dunsan2-dong,서구,대전광역시,대전광역시 서구 둔산2동
25030610,3017056000,25030,30170,25,30,괴정동,Goejeong-dong,서구,대전광역시,대전광역시 서구 괴정동
25030620,3017057000,25030,30170,25,30,가장동,Gajang-dong,서구,대전광역시,대전광역시 서구 가장동
25030630,3017057500,25030,30170,25,30,내동,Nae-dong,서구,대전광역시,대전광역시 서구 내동
25030640,3017058100,25030,30170,25,30,갈마1동,Galma1-dong,서구,대전광역시,대전광역시 서구 갈마1동
25030650,3017058200,25030,30170,25,30,갈마2동,Galma2-dong,서구,대전광역시,대전광역시 서구 갈마2동
25030660,3017058600,25030,30170,25,30,월평1동,Wolpyeong1-dong,서구,대전광역시,대전광역시 서구 월평1동
25030670,3017058700,25030,30170,25,30,월평2동,Wolpyeong2-dong,서구,대전광역시,대전광역시 서구 월평2동
25030680,3017058800,25030,30170,25,30,월평3동,Wolpyeong3-dong,서구,대전광역시,대전광역시 서구 월평3동
25030690,3017065000,25030,30170,25,30,만년동,Mannyeon-dong,서구,대전광역시,대전광역시 서구 만년동
25030710,3017060000,25030,30170,25,30,기성동,Giseong-dong,서구,대전광역시,대전광역시 서구 기성동
25030720,3017059600,25030,30170,25,30,관저1동,Gwanjeo1-dong,서구,대전광역시,대전광역시 서구 관저1동
25030730,3017059700,25030,30170,25,30,관저2동,Gwanjeo2-dong,서구,대전광역시,대전광역시 서구 관저2동
25030740,3017066000,25030,30170,25,30,둔산3동,Dunsan3-dong,서구,대전광역시,대전광역시 서구 둔산3동
25040540,3020054000,25040,30200,25,30,온천2동,Oncheon2-dong,유성구,대전광역시,대전광역시 유성구 온천2동
25040550,3020055000,25040,30200,25,30,신성동,Sinseong-dong,유성구,대전광역시,대전광역시 유성구 신성동
25040570,3020057000,25040,30200,25,30,전민동,Jeonmin-dong,유성구,대전광역시,대전광역시 유성구 전민동
25040590,3020054600,25040,30200,25,30,노은1동,Noeun1-dong,유성구,대전광역시,대전광역시 유성구 노은1동
25040610,3020058000,25040,30200,25,30,구즉동,Gujeuk-dong,유성구,대전광역시,대전광역시 유성구 구즉동
25040630,3020060000,25040,30200,25,30,관평동,Gwanpyeong-dong,유성구,대전광역시,대전광역시 유성구 관평동
25040640,3020053000,25040,30200,25,30,온천1동,Oncheon1-dong,유성구,대전광역시,대전광역시 유성구 온천1동
25040660,3020054700,25040,30200,25,30,노은2동,Noeun2-dong,유성구,대전광역시,대전광역시 유성구 노은2동
25040670,3020054800,25040,30200,25,30,노은3동,Noeun3-dong,유성구,대전광역시,대전광역시 유성구 노은3동
25040680,3020052000,25040,30200,25,30,진잠동,Jinjam-dong,유성구,대전광역시,대전광역시 유성구 진잠동
25040690,3020052600,25040,30200,25,30,학하동,Haka-dong,유성구,대전광역시,대전광역시 유성구 학하동
25040700,3020052700,25040,30200,25,30,상대동,Sangdae-dong,유성구,대전광역시,대전광역시 유성구 상대동
25040710,3020061000,25040,30200,25,30,원신흥동,Wonsinheung-dong,유성구,대전광역시,대전광역시 유성구 원신흥동
25050510,3023051000,25050,30230,25,30,오정동,Ojeong-dong,대덕구,대전광역시,대전광역시 대덕구 오정동
25050520,3023052000,25050,30230,25,30,대화동,Daehwa-dong,대덕구,대전광역시,대전광역시 대덕구 대화동
25050530,3023052500,25050,30230,25,30,회덕동,Hoedeok-dong,대덕구,대전광역시,대전광역시 대덕구 회덕동
25050540,3023053300,25050,30230,25,30,비래동,Birae-dong,대덕구,대전광역시,대전광역시 대덕구 비래동
25050550,3023054600,25050,30230,25,30,중리동,Jungni-dong,대덕구,대전광역시,대전광역시 대덕구 중리동
25050560,3023060000,25050,30230,25,30,법1동,Beop1-dong,대덕구,대전광역시,대전광역시 대덕구 법1동
25050570,3023061000,25050,30230,25,30,법2동,Beop2-dong,대덕구,대전광역시,대전광역시 대덕구 법2동
25050580,3023055000,25050,30230,25,30,신탄진동,Sintanjin-dong,대덕구,대전광역시,대전광역시 대덕구 신탄진동
25050590,3023056000,25050,30230,25,30,석봉동,Seokbong-dong,대덕구,대전광역시,대전광역시 대덕구 석봉동
25050600,3023057000,25050,30230,25,30,덕암동,Deogam-dong,대덕구,대전광역시,대전광역시 대덕구 덕암동
25050610,3023058000,25050,30230,25,30,목상동,Moksang-dong,대덕구,대전광역시,대전광역시 대덕구 목상동
25050620,3023054300,25050,30230,25,30,송촌동,Songchon-dong,대덕구,대전광역시,대전광역시 대덕구 송촌동
26010510,3111051000,26010,31110,26,31,학성동,Hakseong-dong,중구,울산광역시,울산광역시 중구 학성동
26010520,3111052000,26010,31110,26,31,반구1동,Bangu1-dong,중구,울산광역시,울산광역시 중구 반구1동
26010530,3111053000,26010,31110,26,31,반구2동,Bangu2-dong,중구,울산광역시,울산광역시 중구 반구2동
26010590,3111059000,26010,31110,26,31,우정동,Ujeong-dong,중구,울산광역시,울산광역시 중구 우정동
26010600,3111060000,26010,31110,26,31,태화동,Taehwa-dong,중구,울산광역시,울산광역시 중구 태화동
26010610,3111061000,26010,31110,26,31,다운동,Daun-dong,중구,울산광역시,울산광역시 중구 다운동
26010620,3111062000,26010,31110,26,31,병영1동,Byeongyeong1-dong,중구,울산광역시,울산광역시 중구 병영1동
26010630,3111063000,26010,31110,26,31,병영2동,Byeongyeong2-dong,중구,울산광역시,울산광역시 중구 병영2동
26010640,3111064000,26010,31110,26,31,약사동,Yaksa-dong,중구,울산광역시,울산광역시 중구 약사동
26010660,3111065000,26010,31110,26,31,성안동,Seongan-dong,중구,울산광역시,울산광역시 중구 성안동
26010670,3111058500,26010,31110,26,31,중앙동,Jungang-dong,중구,울산광역시,울산광역시 중구 중앙동
26010681,3111055500,26010,31110,26,31,복산동,Boksan-dong,중구,울산광역시,울산광역시 중구 복산동
26020510,3114051000,26020,31140,26,31,신정1동,Sinjeong1-dong,남구,울산광역시,울산광역시 남구 신정1동
26020520,3114052000,26020,31140,26,31,신정2동,Sinjeong2-dong,남구,울산광역시,울산광역시 남구 신정2동
26020530,3114053000,26020,31140,26,31,신정3동,Sinjeong3-dong,남구,울산광역시,울산광역시 남구 신정3동
26020540,3114054000,26020,31140,26,31,신정4동,Sinjeong4-dong,남구,울산광역시,울산광역시 남구 신정4동
26020550,3114055000,26020,31140,26,31,신정5동,Sinjeong5-dong,남구,울산광역시,울산광역시 남구 신정5동
26020560,3114056000,26020,31140,26,31,달동,Dal-dong,남구,울산광역시,울산광역시 남구 달동
26020570,3114057000,26020,31140,26,31,삼산동,Samsan-dong,남구,울산광역시,울산광역시 남구 삼산동
26020580,3114058500,26020,31140,26,31,삼호동,Samho-dong,남구,울산광역시,울산광역시 남구 삼호동
26020590,3114059500,26020,31140,26,31,무거동,Mugeo-dong,남구,울산광역시,울산광역시 남구 무거동
26020600,3114060000,26020,31140,26,31,옥동,Ok-dong,남구,울산광역시,울산광역시 남구 옥동
26020610,3114067000,26020,31140,26,31,야음장생포동,Yaeumjangsaengpo-dong,남구,울산광역시,울산광역시 남구 야음장생포동
26020620,3114062500,26020,31140,26,31,대현동,Daehyeon-dong,남구,울산광역시,울산광역시 남구 대현동
26020630,3114063500,26020,31140,26,31,수암동,Suam-dong,남구,울산광역시,울산광역시 남구 수암동
26020640,3114064000,26020,31140,26,31,선암동,Seonam-dong,남구,울산광역시,울산광역시 남구 선암동
26030510,3117051000,26030,31170,26,31,방어동,Bangeo-dong,동구,울산광역시,울산광역시 동구 방어동
26030520,3117052000,26030,31170,26,31,일산동,Ilsan-dong,동구,울산광역시,울산광역시 동구 일산동
26030530,3117053000,26030,31170,26,31,화정동,Hwajeong-dong,동구,울산광역시,울산광역시 동구 화정동
26030540,3117054000,26030,31170,26,31,대송동,Daesong-dong,동구,울산광역시,울산광역시 동구 대송동
26030550,3117055000,26030,31170,26,31,전하1동,Jeonha1-dong,동구,울산광역시,울산광역시 동구 전하1동
26030580,3117058000,26030,31170,26,31,남목1동,Nammok1-dong,동구,울산광역시,울산광역시 동구 남목1동
26030590,3117059000,26030,31170,26,31,남목2동,Nammok2-dong,동구,울산광역시,울산광역시 동구 남목2동
26030600,3117060000,26030,31170,26,31,남목3동,Nammok3-dong,동구,울산광역시,울산광역시 동구 남목3동
26030610,3117056000,26030,31170,26,31,전하2동,Jeonha2-dong,동구,울산광역시,울산광역시 동구 전하2동
26040510,3120051000,26040,31200,26,31,농소1동,Nongso1-dong,북구,울산광역시,울산광역시 북구 농소1동
26040520,3120052000,26040,31200,26,31,농소2동,Nongso2-dong,북구,울산광역시,울산광역시 북구 농소2동
26040530,3120053000,26040,31200,26,31,농소3동,Nongso3-dong,북구,울산광역시,울산광역시 북구 농소3동
26040540,3120054000,26040,31200,26,31,강동동,Gangdong-dong,북구,울산광역시,울산광역시 북구 강동동
26040560,3120056000,26040,31200,26,31,효문동,Hyomun-dong,북구,울산광역시,울산광역시 북구 효문동
26040570,3120057000,26040,31200,26,31,송정동,Songjeong-dong,북구,울산광역시,울산광역시 북구 송정동
26040580,3120058000,26040,31200,26,31,양정동,Yangjeong-dong,북구,울산광역시,울산광역시 북구 양정동
26040590,3120059000,26040,31200,26,31,염포동,Yeompo-dong,북구,울산광역시,울산광역시 북구 염포동
26510110,3171025000,26510,31710,26,31,온산읍,Onsan-eup,울주군,울산광역시,울산광역시 울주군 온산읍
26510120,3171025300,26510,31710,26,31,언양읍,Eonyang-eup,울주군,울산광역시,울산광역시 울주군 언양읍
26510130,3171025600,26510,31710,26,31,온양읍,Onyang-eup,울주군,울산광역시,울산광역시 울주군 온양읍
26510140,3171025900,26510,31710,26,31,범서읍,Beomseo-eup,울주군,울산광역시,울산광역시 울주군 범서읍
26510150,3171026200,26510,31710,26,31,청량읍,Cheongnyang-eup,울주군,울산광역시,울산광역시 울주군 청량읍
26510160,3171026500,26510,31710,26,31,삼남읍,Samnam-eup,울주군,울산광역시,울산광역시 울주군 삼남읍
26510310,3171031000,26510,31710,26,31,서생면,Seosaeng-myeon,울주군,울산광역시,울산광역시 울주군 서생면
26510340,3171034000,26510,31710,26,31,웅촌면,Ungchon-myeon,울주군,울산광역시,울산광역시 울주군 웅촌면
26510360,3171036000,26510,31710,26,31,두동면,Dudong-myeon,울주군,울산광역시,울산광역시 울주군 두동면
26510370,3171037000,26510,31710,26,31,두서면,Duseo-myeon,울주군,울산광역시,울산광역시 울주군 두서면
26510380,3171038000,26510,31710,26,31,상북면,Sangbuk-myeon,울주군,울산광역시,울산광역시 울주군 상북면
26510400,3171040000,26510,31710,26,31,삼동면,Samdong-myeon,울주군,울산광역시,울산광역시 울주군 삼동면
29010110,3611025000,29010,36110,29,36,조치원읍,Jochiwon-eup,세종시,세종특별자치시,세종특별자치시 세종시 조치원읍
29010311,3611031000,29010,36110,29,36,연기면,Yeongi-myeon,세종시,세종특별자치시,세종특별자치시 세종시 연기면
29010312,3611032000,29010,36110,29,36,연동면,Yeondong-myeon,세종시,세종특별자치시,세종특별자치시 세종시 연동면
29010330,3611033000,29010,36110,29,36,부강면,Bugang-myeon,세종시,세종특별자치시,세종특별자치시 세종시 부강면
29010340,3611034000,29010,36110,29,36,금남면,Geumnam-myeon,세종시,세종특별자치시,세종특별자치시 세종시 금남면
29010350,3611035000,29010,36110,29,36,장군면,Janggun-myeon,세종시,세종특별자치시,세종특별자치시 세종시 장군면
29010360,3611036000,29010,36110,29,36,연서면,Yeonseo-myeon,세종시,세종특별자치시,세종특별자치시 세종시 연서면
29010370,3611037000,29010,36110,29,36,전의면,Jeonui-myeon,세종시,세종특별자치시,세종특별자치시 세종시 전의면
29010380,3611038000,29010,36110,29,36,전동면,Jeondong-myeon,세종시,세종특별자치시,세종특별자치시 세종시 전동면
29010390,3611039000,29010,36110,29,36,소정면,Sojeong-myeon,세종시,세종특별자치시,세종특별자치시 세종시 소정면
29010512,3611052500,29010,36110,29,36,해밀동,Haemil-dong,세종시,세종특별자치시,세종특별자치시 세종시 해밀동
29010513,3611055600,29010,36110,29,36,반곡동,Bangok-dong,세종시,세종특별자치시,세종특별자치시 세종시 반곡동
29010514,3611052000,29010,36110,29,36,도담동,Dodam-dong,세종시,세종특별자치시,세종특별자치시 세종시 도담동
29010515,3611052300,29010,36110,29,36,어진동,Eojin-dong,세종시,세종특별자치시,세종특별자치시 세종시 어진동
29010521,3611051500,29010,36110,29,36,새롬동,Saerom-dong,세종시,세종특별자치시,세종특별자치시 세종시 새롬동
29010522,3611051800,29010,36110,29,36,나성동,Naseong-dong,세종시,세종특별자치시,세종특별자치시 세종시 나성동
29010560,3611054000,29010,36110,29,36,종촌동,Jongchon-dong,세종시,세종특별자치시,세종특별자치시 세종시 종촌동
29010590,3611053000,29010,36110,29,36,아름동,Areum-dong,세종시,세종특별자치시,세종특별자치시 세종시 아름동
29010600,3611055000,29010,36110,29,36,고운동,Goun-dong,세종시,세종특별자치시,세종특별자치시 세종시 고운동
29010610,3611051000,29010,36110,29,36,한솔동,Hansol-dong,세종시,세종특별자치시,세종특별자치시 세종시 한솔동
29010640,3611057000,29010,36110,29,36,대평동,Daepyeong-dong,세종시,세종특별자치시,세종특별자치시 세종시 대평동
29010660,3611056000,29010,36110,29,36,보람동,Boram-dong,세종시,세종특별자치시,세종특별자치시 세종시 보람동
29010680,3611058000,29010,36110,29,36,다정동,Dajeong-dong,세종시,세종특별자치시,세종특별자치시 세종시 다정동
29010710,3611055500,29010,36110,29,36,소담동,Sodam-dong,세종시,세종특별자치시,세종특별자치시 세종시 소담동
31011540,4111156000,31011,41111,31,41,파장동,Pajang-dong,수원시장안구,경기도,경기도 수원시장안구 파장동
31011550,4111156600,31011,41111,31,41,율천동,Yulcheon-dong,수원시장안구,경기도,경기도 수원시장안구 율천동
31011560,4111157100,31011,41111,31,41,정자1동,Jeongja1-dong,수원시장안구,경기도,경기도 수원시장안구 정자1동
31011570,4111157200,31011,41111,31,41,정자2동,Jeongja2-dong,수원시장안구,경기도,경기도 수원시장안구 정자2동
31011580,4111158000,31011,41111,31,41,영화동,Yeonghwa-dong,수원시장안구,경기도,경기도 수원시장안구 영화동
31011590,4111159100,31011,41111,31,41,송죽동,Songjuk-dong,수원시장안구,경기도,경기도 수원시장안구 송죽동
31011600,4111159700,31011,41111,31,41,조원1동,Jowon1-dong,수원시장안구,경기도,경기도 수원시장안구 조원1동
31011610,4111160000,31011,41111,31,41,연무동,Yeonmu-dong,수원시장안구,경기도,경기도 수원시장안구 연무동
31011620,4111157300,31011,41111,31,41,정자3동,Jeongja3-dong,수원시장안구,경기도,경기도 수원시장안구 정자3동
31011630,4111159800,31011,41111,31,41,조원2동,Jowon2-dong,수원시장안구,경기도,경기도 수원시장안구 조원2동
31012520,4111352000,31012,41113,31,41,세류1동,Seryu1-dong,수원시권선구,경기도,경기도 수원시권선구 세류1동
31012530,4111353000,31012,41113,31,41,세류2동,Seryu2-dong,수원시권선구,경기도,경기도 수원시권선구 세류2동
31012540,4111354000,31012,41113,31,41,세류3동,Seryu3-dong,수원시권선구,경기도,경기도 수원시권선구 세류3동
31012550,4111355000,31012,41113,31,41,평동,Pyeong-dong,수원시권선구,경기도,경기도 수원시권선구 평동
31012560,4111356000,31012,41113,31,41,서둔동,Seodun-dong,수원시권선구,경기도,경기도 수원시권선구 서둔동
31012570,4111365000,31012,41113,31,41,구운동,Guun-dong,수원시권선구,경기도,경기도 수원시권선구 구운동
31012600,4111367000,31012,41113,31,41,권선1동,Gwonseon1-dong,수원시권선구,경기도,경기도 수원시권선구 권선1동
31012610,4111369000,31012,41113,31,41,곡선동,Gokseon-dong,수원시권선구,경기도,경기도 수원시권선구 곡선동
31012620,4111370000,31012,41113,31,41,입북동,Ipbuk-dong,수원시권선구,경기도,경기도 수원시권선구 입북동
31012640,4111368000,31012,41113,31,41,권선2동,Gwonseon2-dong,수원시권선구,경기도,경기도 수원시권선구 권선2동
31012650,4111366200,31012,41113,31,41,금곡동,Geumgok-dong,수원시권선구,경기도,경기도 수원시권선구 금곡동
31012660,4111366400,31012,41113,31,41,호매실동,Homaesil-dong,수원시권선구,경기도,경기도 수원시권선구 호매실동
31013530,4111570000,31013,41115,31,41,지동,Ji-dong,수원시팔달구,경기도,경기도 수원시팔달구 지동
31013540,4111571000,31013,41115,31,41,우만1동,Uman1-dong,수원시팔달구,경기도,경기도 수원시팔달구 우만1동
31013550,4111572000,31013,41115,31,41,우만2동,Uman2-dong,수원시팔달구,경기도,경기도 수원시팔달구 우만2동
31013560,4111573000,31013,41115,31,41,인계동,Ingye-dong,수원시팔달구,경기도,경기도 수원시팔달구 인계동
31013670,4111565000,31013,41115,31,41,매교동,Maegyo-dong,수원시팔달구,경기도,경기도 수원시팔달구 매교동
31013680,4111566000,31013,41115,31,41,매산동,Maesan-dong,수원시팔달구,경기도,경기도 수원시팔달구 매산동
31013690,4111567000,31013,41115,31,41,고등동,Godeung-dong,수원시팔달구,경기도,경기도 수원시팔달구 고등동
31013700,4111568000,31013,41115,31,41,화서1동,Hwaseo1-dong,수원시팔달구,경기도,경기도 수원시팔달구 화서1동
31013710,4111569000,31013,41115,31,41,화서2동,Hwaseo2-dong,수원시팔달구,경기도,경기도 수원시팔달구 화서2동
31013720,4111574000,31013,41115,31,41,행궁동,Haenggung-dong,수원시팔달구,경기도,경기도 수원시팔달구 행궁동
31014510,4111751000,31014,41117,31,41,매탄1동,Maetan1-dong,수원시영통구,경기도,경기도 수원시영통구 매탄1동
31014520,4111752000,31014,41117,31,41,매탄2동,Maetan2-dong,수원시영통구,경기도,경기도 수원시영통구 매탄2동
31014530,4111753000,31014,41117,31,41,매탄3동,Maetan3-dong,수원시영통구,경기도,경기도 수원시영통구 매탄3동
31014540,4111754000,31014,41117,31,41,매탄4동,Maetan4-dong,수원시영통구,경기도,경기도 수원시영통구 매탄4동
31014600,4111755000,31014,41117,31,41,원천동,Woncheon-dong,수원시영통구,경기도,경기도 수원시영통구 원천동
31014620,4111760000,31014,41117,31,41,광교1동,Gwanggyo1-dong,수원시영통구,경기도,경기도 수원시영통구 광교1동
31014630,4111761000,31014,41117,31,41,광교2동,Gwanggyo2-dong,수원시영통구,경기도,경기도 수원시영통구 광교2동
31014640,4111757000,31014,41117,31,41,영통1동,Yeongtong1-dong,수원시영통구,경기도,경기도 수원시영통구 영통1동
31014650,4111758000,31014,41117,31,41,영통2동,Yeongtong2-dong,수원시영통구,경기도,경기도 수원시영통구 영통2동
31014660,4111758500,31014,41117,31,41,영통3동,Yeongtong3-dong,수원시영통구,경기도,경기도 수원시영통구 영통3동
31014670,4111759300,31014,41117,31,41,망포1동,Mangpo1-dong,수원시영통구,경기도,경기도 수원시영통구 망포1동
31014680,4111759600,31014,41117,31,41,망포2동,Mangpo2-dong,수원시영통구,경기도,경기도 수원시영통구 망포2동
31021510,4113151000,31021,41131,31,41,신흥1동,Sinheung1-dong,성남시수정구,경기도,경기도 성남시수정구 신흥1동
31021520,4113152000,31021,41131,31,41,신흥2동,Sinheung2-dong,성남시수정구,경기도,경기도 성남시수정구 신흥2동
31021530,4113153000,31021,41131,31,41,신흥3동,Sinheung3-dong,성남시수정구,경기도,경기도 성남시수정구 신흥3동
31021540,4113154000,31021,41131,31,41,태평1동,Taepyeong1-dong,성남시수정구,경기도,경기도 성남시수정구 태평1동
31021550,4113155000,31021,41131,31,41,태평2동,Taepyeong2-dong,성남시수정구,경기도,경기도 성남시수정구 태평2동
31021560,4113156000,31021,41131,31,41,태평3동,Taepyeong3-dong,성남시수정구,경기도,경기도 성남시수정구 태평3동
31021570,4113156100,31021,41131,31,41,태평4동,Taepyeong4-dong,성남시수정구,경기도,경기도 성남시수정구 태평4동
31021580,4113157000,31021,41131,31,41,수진1동,Sujin1-dong,성남시수정구,경기도,경기도 성남시수정구 수진1동
31021590,4113158000,31021,41131,31,41,수진2동,Sujin2-dong,성남시수정구,경기도,경기도 성남시수정구 수진2동
31021600,4113159000,31021,41131,31,41,단대동,Dandae-dong,성남시수정구,경기도,경기도 성남시수정구 단대동
31021610,4113160000,31021,41131,31,41,산성동,Sanseong-dong,성남시수정구,경기도,경기도 성남시수정구 산성동
31021620,4113161000,31021,41131,31,41,양지동,Yangji-dong,성남시수정구,경기도,경기도 성남시수정구 양지동
31021640,4113163000,31021,41131,31,41,신촌동,Sinchon-dong,성남시수정구,경기도,경기도 성남시수정구 신촌동
31021650,4113164000,31021,41131,31,41,고등동,Godeung-dong,성남시수정구,경기도,경기도 성남시수정구 고등동
31021660,4113165000,31021,41131,31,41,시흥동,Siheung-dong,성남시수정구,경기도,경기도 성남시수정구 시흥동
31021670,4113162000,31021,41131,31,41,복정동,Bokjeong-dong,성남시수정구,경기도,경기도 성남시수정구 복정동
31021680,4113162500,31021,41131,31,41,위례동,Wirye-dong,성남시수정구,경기도,경기도 성남시수정구 위례동
31022510,4113351000,31022,41133,31,41,성남동,Seongnam-dong,성남시중원구,경기도,경기도 성남시중원구 성남동
31022530,4113353000,31022,41133,31,41,금광1동,Geumgwang1-dong,성남시중원구,경기도,경기도 성남시중원구 금광1동
31022540,4113354000,31022,41133,31,41,금광2동,Geumgwang2-dong,성남시중원구,경기도,경기도 성남시중원구 금광2동
31022550,4113355000,31022,41133,31,41,은행1동,Eunhaeng1-dong,성남시중원구,경기도,경기도 성남시중원구 은행1동
31022560,4113356000,31022,41133,31,41,은행2동,Eunhaeng2-dong,성남시중원구,경기도,경기도 성남시중원구 은행2동
31022570,4113357000,31022,41133,31,41,상대원1동,Sangdaewon1-dong,성남시중원구,경기도,경기도 성남시중원구 상대원1동
31022580,4113358000,31022,41133,31,41,상대원2동,Sangdaewon2-dong,성남시중원구,경기도,경기도 성남시중원구 상대원2동
31022590,4113359000,31022,41133,31,41,상대원3동,Sangdaewon3-dong,성남시중원구,경기도,경기도 성남시중원구 상대원3동
31022600,4113366000,31022,41133,31,41,하대원동,Hadaewon-dong,성남시중원구,경기도,경기도 성남시중원구 하대원동
31022610,4113367000,31022,41133,31,41,도촌동,Dochon-dong,성남시중원구,경기도,경기도 성남시중원구 도촌동
31022620,4113352500,31022,41133,31,41,중앙동,Jungang-dong,성남시중원구,경기도,경기도 성남시중원구 중앙동
31023510,4113551000,31023,41135,31,41,분당동,Bundang-dong,성남시분당구,경기도,경기도 성남시분당구 분당동
31023520,4113554000,31023,41135,31,41,수내3동,Sunae3-dong,성남시분당구,경기도,경기도 성남시분당구 수내3동
31023530,4113552000,31023,41135,31,41,수내1동,Sunae1-dong,성남시분당구,경기도,경기도 성남시분당구 수내1동
31023540,4113553000,31023,41135,31,41,수내2동,Sunae2-dong,성남시분당구,경기도,경기도 성남시분당구 수내2동
31023550,4113556000,31023,41135,31,41,정자2동,Jeongja2-dong,성남시분당구,경기도,경기도 성남시분당구 정자2동
31023560,4113557000,31023,41135,31,41,정자3동,Jeongja3-dong,성남시분당구,경기도,경기도 성남시분당구 정자3동
31023580,4113558000,31023,41135,31,41,서현1동,Seohyeon1-dong,성남시분당구,경기도,경기도 성남시분당구 서현1동
31023590,4113559000,31023,41135,31,41,서현2동,Seohyeon2-dong,성남시분당구,경기도,경기도 성남시분당구 서현2동
31023600,4113560000,31023,41135,31,41,이매1동,Imae1-dong,성남시분당구,경기도,경기도 성남시분당구 이매1동
31023610,4113561000,31023,41135,31,41,이매2동,Imae2-dong,성남시분당구,경기도,경기도 성남시분당구 이매2동
31023620,4113562000,31023,41135,31,41,야탑1동,Yatap1-dong,성남시분당구,경기도,경기도 성남시분당구 야탑1동
31023630,4113564000,31023,41135,31,41,야탑3동,Yatap3-dong,성남시분당구,경기도,경기도 성남시분당구 야탑3동
31023640,4113563000,31023,41135,31,41,야탑2동,Yatap2-dong,성남시분당구,경기도,경기도 성남시분당구 야탑2동
31023670,4113567000,31023,41135,31,41,구미동,Gumi-dong,성남시분당구,경기도,경기도 성남시분당구 구미동
31023680,4113568000,31023,41135,31,41,운중동,Unjung-dong,성남시분당구,경기도,경기도 성남시분당구 운중동
31023710,4113566200,31023,41135,31,41,금곡동,Geumgok-dong,성남시분당구,경기도,경기도 성남시분당구 금곡동
31023720,4113566500,31023,41135,31,41,구미1동,Gumi1-dong,성남시분당구,경기도,경기도 성남시분당구 구미1동
31023740,4113565500,31023,41135,31,41,삼평동,Sampyeong-dong,성남시분당구,경기도,경기도 성남시분당구 삼평동
31023750,4113565000,31023,41135,31,41,판교동,Pangyo-dong,성남시분당구,경기도,경기도 성남시분당구 판교동
31023760,4113565700,31023,41135,31,41,백현동,Baekyeon-dong,성남시분당구,경기도,경기도 성남시분당구 백현동
31023770,4113555000,31023,41135,31,41,정자1동,Jeongja1-dong,성남시분당구,경기도,경기도 성남시분당구 정자1동
31023780,4113554500,31023,41135,31,41,정자동,Jeongja-dong,성남시분당구,경기도,경기도 성남시분당구 정자동
31030520,4115052000,31030,41150,31,41,의정부2동,Uijeongbu2-dong,의정부시,경기도,경기도 의정부시 의정부2동
31030550,4115054500,31030,41150,31,41,호원1동,Howon1-dong,의정부시,경기도,경기도 의정부시 호원1동
31030560,4115056100,31030,41150,31,41,장암동,Jangam-dong,의정부시,경기도,경기도 의정부시 장암동
31030570,4115056700,31030,41150,31,41,신곡1동,Singok1-dong,의정부시,경기도,경기도 의정부시 신곡1동
31030580,4115056800,31030,41150,31,41,신곡2동,Singok2-dong,의정부시,경기도,경기도 의정부시 신곡2동
31030591,4115057300,31030,41150,31,41,송산1동,Songsan1-dong,의정부시,경기도,경기도 의정부시 송산1동
31030600,4115058000,31030,41150,31,41,자금동,Jageum-dong,의정부시,경기도,경기도 의정부시 자금동
31030640,4115062000,31030,41150,31,41,녹양동,Nogyang-dong,의정부시,경기도,경기도 의정부시 녹양동
31030650,4115055500,31030,41150,31,41,호원2동,Howon2-dong,의정부시,경기도,경기도 의정부시 호원2동
31030670,4115061500,31030,41150,31,41,흥선동,Heungseon-dong,의정부시,경기도,경기도 의정부시 흥선동
31030680,4115059500,31030,41150,31,41,가능동,Ganeung-dong,의정부시,경기도,경기도 의정부시 가능동
31030690,4115051000,31030,41150,31,41,의정부1동,Uijeongbu1-dong,의정부시,경기도,경기도 의정부시 의정부1동
31030700,4115057600,31030,41150,31,41,송산2동,Songsan2-dong,의정부시,경기도,경기도 의정부시 송산2동
31030710,4115057800,31030,41150,31,41,송산3동,Songsan3-dong,의정부시,경기도,경기도 의정부시 송산3동
31030721,4115063000,31030,41150,31,41,고산동,Gosan-dong,의정부시,경기도,경기도 의정부시 고산동
31041510,4117151000,31041,41171,31,41,안양1동,Anyang1-dong,안양시만안구,경기도,경기도 안양시만안구 안양1동
31041520,4117152000,31041,41171,31,41,안양2동,Anyang2-dong,안양시만안구,경기도,경기도 안양시만안구 안양2동
31041530,4117153000,31041,41171,31,41,안양3동,Anyang3-dong,안양시만안구,경기도,경기도 안양시만안구 안양3동
31041540,4117154000,31041,41171,31,41,안양4동,Anyang4-dong,안양시만안구,경기도,경기도 안양시만안구 안양4동
31041550,4117155000,31041,41171,31,41,안양5동,Anyang5-dong,안양시만안구,경기도,경기도 안양시만안구 안양5동
31041560,4117156000,31041,41171,31,41,안양6동,Anyang6-dong,안양시만안구,경기도,경기도 안양시만안구 안양6동
31041570,4117157000,31041,41171,31,41,안양7동,Anyang7-dong,안양시만안구,경기도,경기도 안양시만안구 안양7동
31041600,4117159000,31041,41171,31,41,석수1동,Seoksu1-dong,안양시만안구,경기도,경기도 안양시만안구 석수1동
31041610,4117160000,31041,41171,31,41,석수2동,Seoksu2-dong,안양시만안구,경기도,경기도 안양시만안구 석수2동
31041651,4117161100,31041,41171,31,41,충훈동,Chunghun-dong,안양시만안구,경기도,경기도 안양시만안구 충훈동
31041660,4117164000,31041,41171,31,41,박달동,Bakdal-dong,안양시만안구,경기도,경기도 안양시만안구 박달동
31041670,4117165000,31041,41171,31,41,호현동,Hohyeon-dong,안양시만안구,경기도,경기도 안양시만안구 호현동
31041671,4117158200,31041,41171,31,41,명학동,Myeonghak-dong,안양시만안구,경기도,경기도 안양시만안구 명학동
31041672,4117158300,31041,41171,31,41,병목안동,Byeongmogan-dong,안양시만안구,경기도,경기도 안양시만안구 병목안동
31042510,4117351000,31042,41173,31,41,비산1동,Bisan1-dong,안양시동안구,경기도,경기도 안양시동안구 비산1동
31042520,4117352000,31042,41173,31,41,비산2동,Bisan2-dong,안양시동안구,경기도,경기도 안양시동안구 비산2동
31042530,4117353000,31042,41173,31,41,비산3동,Bisan3-dong,안양시동안구,경기도,경기도 안양시동안구 비산3동
31042540,4117354000,31042,41173,31,41,부흥동,Buheung-dong,안양시동안구,경기도,경기도 안양시동안구 부흥동
31042550,4117354600,31042,41173,31,41,달안동,Daran-dong,안양시동안구,경기도,경기도 안양시동안구 달안동
31042580,4117356600,31042,41173,31,41,부림동,Burim-dong,안양시동안구,경기도,경기도 안양시동안구 부림동
31042590,4117357000,31042,41173,31,41,평촌동,Pyeongchon-dong,안양시동안구,경기도,경기도 안양시동안구 평촌동
31042600,4117357600,31042,41173,31,41,평안동,Pyeongan-dong,안양시동안구,경기도,경기도 안양시동안구 평안동
31042610,4117357800,31042,41173,31,41,귀인동,Gwiin-dong,안양시동안구,경기도,경기도 안양시동안구 귀인동
31042620,4117358000,31042,41173,31,41,호계1동,Hogye1-dong,안양시동안구,경기도,경기도 안양시동안구 호계1동
31042630,4117359000,31042,41173,31,41,호계2동,Hogye2-dong,안양시동안구,경기도,경기도 안양시동안구 호계2동
31042640,4117360000,31042,41173,31,41,호계3동,Hogye3-dong,안양시동안구,경기도,경기도 안양시동안구 호계3동
31042650,4117361000,31042,41173,31,41,범계동,Beomgye-dong,안양시동안구,경기도,경기도 안양시동안구 범계동
31042660,4117362000,31042,41173,31,41,신촌동,Sinchon-dong,안양시동안구,경기도,경기도 안양시동안구 신촌동
31042670,4117363000,31042,41173,31,41,갈산동,Galsan-dong,안양시동안구,경기도,경기도 안양시동안구 갈산동
31042681,4117355200,31042,41173,31,41,관양동,Gwanyang-dong,안양시동안구,경기도,경기도 안양시동안구 관양동
31042691,4117355900,31042,41173,31,41,인덕원동,Indeogwon-dong,안양시동안구,경기도,경기도 안양시동안구 인덕원동
31051511,4119251000,31051,41192,31,41,심곡1동,Simgok1-dong,부천시원미구,경기도,경기도 부천시원미구 심곡1동
31051521,4119252000,31051,41192,31,41,심곡2동,Simgok2-dong,부천시원미구,경기도,경기도 부천시원미구 심곡2동
31051531,4119253000,31051,41192,31,41,심곡3동,Simgok3-dong,부천시원미구,경기도,경기도 부천시원미구 심곡3동
31051541,4119255000,31051,41192,31,41,원미2동,Wonmi2-dong,부천시원미구,경기도,경기도 부천시원미구 원미2동
31051551,4119256000,31051,41192,31,41,소사동,Sosa-dong,부천시원미구,경기도,경기도 부천시원미구 소사동
31051561,4119254000,31051,41192,31,41,원미1동,Wonmi1-dong,부천시원미구,경기도,경기도 부천시원미구 원미1동
31051571,4119257000,31051,41192,31,41,역곡1동,Yeokgok1-dong,부천시원미구,경기도,경기도 부천시원미구 역곡1동
31051581,4119258000,31051,41192,31,41,역곡2동,Yeokgok2-dong,부천시원미구,경기도,경기도 부천시원미구 역곡2동
31051591,4119259000,31051,41192,31,41,춘의동,Chunui-dong,부천시원미구,경기도,경기도 부천시원미구 춘의동
31051601,4119260000,31051,41192,31,41,도당동,Dodang-dong,부천시원미구,경기도,경기도 부천시원미구 도당동
31051611,4119262000,31051,41192,31,41,중동,Jung-dong,부천시원미구,경기도,경기도 부천시원미구 중동
31051621,4119267000,31051,41192,31,41,상동,Sang-dong,부천시원미구,경기도,경기도 부천시원미구 상동
31051631,4119261000,31051,41192,31,41,약대동,Yakdae-dong,부천시원미구,경기도,경기도 부천시원미구 약대동
31051641,4119263000,31051,41192,31,41,중1동,Jung1-dong,부천시원미구,경기도,경기도 부천시원미구 중1동
31051651,4119264000,31051,41192,31,41,중2동,Jung2-dong,부천시원미구,경기도,경기도 부천시원미구 중2동
31051661,4119265000,31051,41192,31,41,중3동,Jung3-dong,부천시원미구,경기도,경기도 부천시원미구 중3동
31051671,4119266000,31051,41192,31,41,중4동,Jung4-dong,부천시원미구,경기도,경기도 부천시원미구 중4동
31051681,4119268000,31051,41192,31,41,상1동,Sang1-dong,부천시원미구,경기도,경기도 부천시원미구 상1동
31051691,4119269000,31051,41192,31,41,상2동,Sang2-dong,부천시원미구,경기도,경기도 부천시원미구 상2동
31051701,4119270000,31051,41192,31,41,상3동,Sang3-dong,부천시원미구,경기도,경기도 부천시원미구 상3동
31052511,4119451000,31052,41194,31,41,심곡본1동,Simgokbon1-dong,부천시소사구,경기도,경기도 부천시소사구 심곡본1동
31052521,4119452000,31052,41194,31,41,심곡본동,Simgokbon-dong,부천시소사구,경기도,경기도 부천시소사구 심곡본동
31052531,4119459000,31052,41194,31,41,송내1동,Songnae1-dong,부천시소사구,경기도,경기도 부천시소사구 송내1동
31052541,4119460000,31052,41194,31,41,송내2동,Songnae2-dong,부천시소사구,경기도,경기도 부천시소사구 송내2동
31052551,4119453000,31052,41194,31,41,소사본동,Sosabon-dong,부천시소사구,경기도,경기도 부천시소사구 소사본동
31052561,4119454000,31052,41194,31,41,소사본1동,Sosabon1-dong,부천시소사구,경기도,경기도 부천시소사구 소사본1동
31052571,4119455000,31052,41194,31,41,범박동,Beombak-dong,부천시소사구,경기도,경기도 부천시소사구 범박동
31052581,4119456000,31052,41194,31,41,옥길동,Okgil-dong,부천시소사구,경기도,경기도 부천시소사구 옥길동
31052591,4119457000,31052,41194,31,41,괴안동,Goean-dong,부천시소사구,경기도,경기도 부천시소사구 괴안동
31052601,4119458000,31052,41194,31,41,역곡3동,Yeokgok3-dong,부천시소사구,경기도,경기도 부천시소사구 역곡3동
31053511,4119651000,31053,41196,31,41,성곡동,Seonggok-dong,부천시오정구,경기도,경기도 부천시오정구 성곡동
31053521,4119654000,31053,41196,31,41,고강본동,Gogangbon-dong,부천시오정구,경기도,경기도 부천시오정구 고강본동
31053531,4119655000,31053,41196,31,41,고강1동,Gogang1-dong,부천시오정구,경기도,경기도 부천시오정구 고강1동
31053541,4119652000,31053,41196,31,41,원종1동,Wonjong1-dong,부천시오정구,경기도,경기도 부천시오정구 원종1동
31053551,4119653000,31053,41196,31,41,원종2동,Wonjong2-dong,부천시오정구,경기도,경기도 부천시오정구 원종2동
31053561,4119656000,31053,41196,31,41,오정동,Ojeong-dong,부천시오정구,경기도,경기도 부천시오정구 오정동
31053571,4119657000,31053,41196,31,41,신흥동,Sinheung-dong,부천시오정구,경기도,경기도 부천시오정구 신흥동
31060510,4121051000,31060,41210,31,41,광명1동,Gwangmyeong1-dong,광명시,경기도,경기도 광명시 광명1동
31060520,4121052000,31060,41210,31,41,광명2동,Gwangmyeong2-dong,광명시,경기도,경기도 광명시 광명2동
31060530,4121054000,31060,41210,31,41,광명3동,Gwangmyeong3-dong,광명시,경기도,경기도 광명시 광명3동
31060540,4121055000,31060,41210,31,41,광명4동,Gwangmyeong4-dong,광명시,경기도,경기도 광명시 광명4동
31060550,4121056000,31060,41210,31,41,광명5동,Gwangmyeong5-dong,광명시,경기도,경기도 광명시 광명5동
31060560,4121057000,31060,41210,31,41,광명6동,Gwangmyeong6-dong,광명시,경기도,경기도 광명시 광명6동
31060570,4121058000,31060,41210,31,41,광명7동,Gwangmyeong7-dong,광명시,경기도,경기도 광명시 광명7동
31060580,4121059000,31060,41210,31,41,철산1동,Cheolsan1-dong,광명시,경기도,경기도 광명시 철산1동
31060590,4121060000,31060,41210,31,41,철산2동,Cheolsan2-dong,광명시,경기도,경기도 광명시 철산2동
31060600,4121061000,31060,41210,31,41,철산3동,Cheolsan3-dong,광명시,경기도,경기도 광명시 철산3동
31060610,4121062000,31060,41210,31,41,철산4동,Cheolsan4-dong,광명시,경기도,경기도 광명시 철산4동
31060620,4121063100,31060,41210,31,41,하안1동,Haan1-dong,광명시,경기도,경기도 광명시 하안1동
31060630,4121063200,31060,41210,31,41,하안2동,Haan2-dong,광명시,경기도,경기도 광명시 하안2동
31060640,4121063300,31060,41210,31,41,하안3동,Haan3-dong,광명시,경기도,경기도 광명시 하안3동
31060650,4121063400,31060,41210,31,41,하안4동,Haan4-dong,광명시,경기도,경기도 광명시 하안4동
31060660,4121064000,31060,41210,31,41,소하1동,Soha1-dong,광명시,경기도,경기도 광명시 소하1동
31060680,4121066000,31060,41210,31,41,학온동,Hagon-dong,광명시,경기도,경기도 광명시 학온동
31060690,4121065000,31060,41210,31,41,소하2동,Soha2-dong,광명시,경기도,경기도 광명시 소하2동
31060700,4121065500,31060,41210,31,41,일직동,Iljik-dong,광명시,경기도,경기도 광명시 일직동
31070110,4122025000,31070,41220,31,41,팽성읍,Paengseong-eup,평택시,경기도,경기도 평택시 팽성읍
31070120,4122025300,31070,41220,31,41,안중읍,Anjung-eup,평택시,경기도,경기도 평택시 안중읍
31070130,4122025600,31070,41220,31,41,포승읍,Poseung-eup,평택시,경기도,경기도 평택시 포승읍
31070140,4122025900,31070,41220,31,41,청북읍,Cheongbuk-eup,평택시,경기도,경기도 평택시 청북읍
31070310,4122031000,31070,41220,31,41,진위면,Jinwi-myeon,평택시,경기도,경기도 평택시 진위면
31070320,4122032000,31070,41220,31,41,서탄면,Seotan-myeon,평택시,경기도,경기도 평택시 서탄면
31070330,4122033000,31070,41220,31,41,고덕면,Godeok-myeon,평택시,경기도,경기도 평택시 고덕면
31070340,4122034000,31070,41220,31,41,오성면,Oseong-myeon,평택시,경기도,경기도 평택시 오성면
31070370,4122037000,31070,41220,31,41,현덕면,Hyeondeok-myeon,평택시,경기도,경기도 평택시 현덕면
31070510,4122051000,31070,41220,31,41,중앙동,Jungang-dong,평택시,경기도,경기도 평택시 중앙동
31070520,4122052000,31070,41220,31,41,서정동,Seojeong-dong,평택시,경기도,경기도 평택시 서정동
31070530,4122053500,31070,41220,31,41,송탄동,Songtan-dong,평택시,경기도,경기도 평택시 송탄동
31070550,4122055000,31070,41220,31,41,지산동,Jisan-dong,평택시,경기도,경기도 평택시 지산동
31070560,4122056000,31070,41220,31,41,송북동,Songbuk-dong,평택시,경기도,경기도 평택시 송북동
31070570,4122057000,31070,41220,31,41,신장1동,Sinjang1-dong,평택시,경기도,경기도 평택시 신장1동
31070580,4122058000,31070,41220,31,41,신장2동,Sinjang2-dong,평택시,경기도,경기도 평택시 신장2동
31070590,4122059000,31070,41220,31,41,신평동,Sinpyeong-dong,평택시,경기도,경기도 평택시 신평동
31070600,4122060000,31070,41220,31,41,원평동,Wonpyeong-dong,평택시,경기도,경기도 평택시 원평동
31070610,4122061000,31070,41220,31,41,통복동,Tongbok-dong,평택시,경기도,경기도 평택시 통복동
31070640,4122064000,31070,41220,31,41,세교동,Segyo-dong,평택시,경기도,경기도 평택시 세교동
31070650,4122063000,31070,41220,31,41,비전2동,Bijeon2-dong,평택시,경기도,경기도 평택시 비전2동
31070660,4122063500,31070,41220,31,41,용이동,Yongi-dong,평택시,경기도,경기도 평택시 용이동
31070670,4122062000,31070,41220,31,41,비전1동,Bijeon1-dong,평택시,경기도,경기도 평택시 비전1동
31070680,4122065000,31070,41220,31,41,동삭동,Dongsak-dong,평택시,경기도,경기도 평택시 동삭동
31070690,4122066000,31070,41220,31,41,고덕동,Godeok-dong,평택시,경기도,경기도 평택시 고덕동
31080510,4125051000,31080,41250,31,41,생연1동,Saengyeon1-dong,동두천시,경기도,경기도 동두천시 생연1동
31080520,4125052000,31080,41250,31,41,생연2동,Saengyeon2-dong,동두천시,경기도,경기도 동두천시 생연2동
31080530,4125053500,31080,41250,31,41,중앙동,Jungang-dong,동두천시,경기도,경기도 동두천시 중앙동
31080550,4125055000,31080,41250,31,41,보산동,Bosan-dong,동두천시,경기도,경기도 동두천시 보산동
31080560,4125056500,31080,41250,31,41,불현동,Bulhyeon-dong,동두천시,경기도,경기도 동두천시 불현동
31080580,4125058000,31080,41250,31,41,소요동,Soyo-dong,동두천시,경기도,경기도 동두천시 소요동
31080600,4125060000,31080,41250,31,41,상패동,Sangpae-dong,동두천시,경기도,경기도 동두천시 상패동
31080610,4125056600,31080,41250,31,41,송내동,Songnae-dong,동두천시,경기도,경기도 동두천시 송내동
31091510,4127151000,31091,41271,31,41,일동,Il-dong,안산시상록구,경기도,경기도 안산시상록구 일동
31091540,4127154000,31091,41271,31,41,본오1동,Bono1-dong,안산시상록구,경기도,경기도 안산시상록구 본오1동
31091550,4127155000,31091,41271,31,41,본오2동,Bono2-dong,안산시상록구,경기도,경기도 안산시상록구 본오2동
31091560,4127156000,31091,41271,31,41,본오3동,Bono3-dong,안산시상록구,경기도,경기도 안산시상록구 본오3동
31091570,4127157000,31091,41271,31,41,부곡동,Bugok-dong,안산시상록구,경기도,경기도 안산시상록구 부곡동
31091580,4127158000,31091,41271,31,41,월피동,Wolpi-dong,안산시상록구,경기도,경기도 안산시상록구 월피동
31091620,4127159000,31091,41271,31,41,성포동,Seongpo-dong,안산시상록구,경기도,경기도 안산시상록구 성포동
31091710,4127160000,31091,41271,31,41,반월동,Banwol-dong,안산시상록구,경기도,경기도 안산시상록구 반월동
31091730,4127161000,31091,41271,31,41,안산동,Ansan-dong,안산시상록구,경기도,경기도 안산시상록구 안산동
31091740,4127151500,31091,41271,31,41,이동,I-dong,안산시상록구,경기도,경기도 안산시상록구 이동
31091760,4127152500,31091,41271,31,41,사동,Sa-dong,안산시상록구,경기도,경기도 안산시상록구 사동
31091770,4127153200,31091,41271,31,41,사이동,Sai-dong,안산시상록구,경기도,경기도 안산시상록구 사이동
31091780,4127153700,31091,41271,31,41,해양동,Haeyang-dong,안산시상록구,경기도,경기도 안산시상록구 해양동
31092590,4127351000,31092,41273,31,41,와동,Wa-dong,안산시단원구,경기도,경기도 안산시단원구 와동
31092660,4127357000,31092,41273,31,41,초지동,Choji-dong,안산시단원구,경기도,경기도 안산시단원구 초지동
31092680,4127358000,31092,41273,31,41,선부1동,Seonbu1-dong,안산시단원구,경기도,경기도 안산시단원구 선부1동
31092690,4127359000,31092,41273,31,41,선부2동,Seonbu2-dong,안산시단원구,경기도,경기도 안산시단원구 선부2동
31092700,4127360000,31092,41273,31,41,선부3동,Seonbu3-dong,안산시단원구,경기도,경기도 안산시단원구 선부3동
31092720,4127361000,31092,41273,31,41,대부동,Daebu-dong,안산시단원구,경기도,경기도 안산시단원구 대부동
31092730,4127353500,31092,41273,31,41,호수동,Hosu-dong,안산시단원구,경기도,경기도 안산시단원구 호수동
31092740,4127352500,31092,41273,31,41,고잔동,Gojan-dong,안산시단원구,경기도,경기도 안산시단원구 고잔동
31092750,4127353200,31092,41273,31,41,중앙동,Jungang-dong,안산시단원구,경기도,경기도 안산시단원구 중앙동
31092760,4127354500,31092,41273,31,41,원곡동,Wongok-dong,안산시단원구,경기도,경기도 안산시단원구 원곡동
31092770,4127356500,31092,41273,31,41,신길동,Singil-dong,안산시단원구,경기도,경기도 안산시단원구 신길동
31092780,4127355500,31092,41273,31,41,백운동,Baegun-dong,안산시단원구,경기도,경기도 안산시단원구 백운동
31101510,4128151000,31101,41281,31,41,주교동,Jugyo-dong,고양시덕양구,경기도,경기도 고양시덕양구 주교동
31101512,4128157600,31101,41281,31,41,삼송1동,Samsong1-dong,고양시덕양구,경기도,경기도 고양시덕양구 삼송1동
31101513,4128157700,31101,41281,31,41,삼송2동,Samsong2-dong,고양시덕양구,경기도,경기도 고양시덕양구 삼송2동
31101514,4128165500,31101,41281,31,41,행신3동,Haengsin3-dong,고양시덕양구,경기도,경기도 고양시덕양구 행신3동
31101515,4128165600,31101,41281,31,41,행신4동,Haengsin4-dong,고양시덕양구,경기도,경기도 고양시덕양구 행신4동
31101520,4128152000,31101,41281,31,41,원신동,Wonsin-dong,고양시덕양구,경기도,경기도 고양시덕양구 원신동
31101530,4128153000,31101,41281,31,41,흥도동,Heungdo-dong,고양시덕양구,경기도,경기도 고양시덕양구 흥도동
31101540,4128154000,31101,41281,31,41,성사1동,Seongsa1-dong,고양시덕양구,경기도,경기도 고양시덕양구 성사1동
31101550,4128155000,31101,41281,31,41,성사2동,Seongsa2-dong,고양시덕양구,경기도,경기도 고양시덕양구 성사2동
31101560,4128156000,31101,41281,31,41,효자동,Hyoja-dong,고양시덕양구,경기도,경기도 고양시덕양구 효자동
31101580,4128158000,31101,41281,31,41,창릉동,Changneung-dong,고양시덕양구,경기도,경기도 고양시덕양구 창릉동
31101590,4128159000,31101,41281,31,41,고양동,Goyang-dong,고양시덕양구,경기도,경기도 고양시덕양구 고양동
31101600,4128160000,31101,41281,31,41,관산동,Gwansan-dong,고양시덕양구,경기도,경기도 고양시덕양구 관산동
31101610,4128161000,31101,41281,31,41,능곡동,Neunggok-dong,고양시덕양구,경기도,경기도 고양시덕양구 능곡동
31101620,4128162100,31101,41281,31,41,화정1동,Hwajeong1-dong,고양시덕양구,경기도,경기도 고양시덕양구 화정1동
31101630,4128162200,31101,41281,31,41,화정2동,Hwajeong2-dong,고양시덕양구,경기도,경기도 고양시덕양구 화정2동
31101640,4128163000,31101,41281,31,41,행주동,Haengju-dong,고양시덕양구,경기도,경기도 고양시덕양구 행주동
31101650,4128164000,31101,41281,31,41,행신1동,Haengsin1-dong,고양시덕양구,경기도,경기도 고양시덕양구 행신1동
31101660,4128165000,31101,41281,31,41,행신2동,Haengsin2-dong,고양시덕양구,경기도,경기도 고양시덕양구 행신2동
31101670,4128166000,31101,41281,31,41,화전동,Hwajeon-dong,고양시덕양구,경기도,경기도 고양시덕양구 화전동
31101680,4128167000,31101,41281,31,41,대덕동,Daedeok-dong,고양시덕양구,경기도,경기도 고양시덕양구 대덕동
31103510,4128551000,31103,41285,31,41,식사동,Siksa-dong,고양시일산동구,경기도,경기도 고양시일산동구 식사동
31103511,4128552500,31103,41285,31,41,중산1동,Jungsan1-dong,고양시일산동구,경기도,경기도 고양시일산동구 중산1동
31103512,4128552600,31103,41285,31,41,중산2동,Jungsan2-dong,고양시일산동구,경기도,경기도 고양시일산동구 중산2동
31103530,4128553000,31103,41285,31,41,정발산동,Jeongbalsan-dong,고양시일산동구,경기도,경기도 고양시일산동구 정발산동
31103540,4128554000,31103,41285,31,41,풍산동,Pungsan-dong,고양시일산동구,경기도,경기도 고양시일산동구 풍산동
31103550,4128555100,31103,41285,31,41,백석1동,Baekseok1-dong,고양시일산동구,경기도,경기도 고양시일산동구 백석1동
31103560,4128556000,31103,41285,31,41,마두1동,Madu1-dong,고양시일산동구,경기도,경기도 고양시일산동구 마두1동
31103570,4128557000,31103,41285,31,41,마두2동,Madu2-dong,고양시일산동구,경기도,경기도 고양시일산동구 마두2동
31103580,4128558000,31103,41285,31,41,장항1동,Janghang1-dong,고양시일산동구,경기도,경기도 고양시일산동구 장항1동
31103590,4128559000,31103,41285,31,41,장항2동,Janghang2-dong,고양시일산동구,경기도,경기도 고양시일산동구 장항2동
31103600,4128560000,31103,41285,31,41,고봉동,Gobong-dong,고양시일산동구,경기도,경기도 고양시일산동구 고봉동
31103610,4128555200,31103,41285,31,41,백석2동,Baekseok2-dong,고양시일산동구,경기도,경기도 고양시일산동구 백석2동
31104510,4128751000,31104,41287,31,41,일산1동,Ilsan1-dong,고양시일산서구,경기도,경기도 고양시일산서구 일산1동
31104511,4128754500,31104,41287,31,41,탄현1동,Tanhyeon1-dong,고양시일산서구,경기도,경기도 고양시일산서구 탄현1동
31104512,4128754600,31104,41287,31,41,탄현2동,Tanhyeon2-dong,고양시일산서구,경기도,경기도 고양시일산서구 탄현2동
31104513,4128760000,31104,41287,31,41,덕이동,Deogi-dong,고양시일산서구,경기도,경기도 고양시일산서구 덕이동
31104514,4128761000,31104,41287,31,41,가좌동,Gajwa-dong,고양시일산서구,경기도,경기도 고양시일산서구 가좌동
31104520,4128752000,31104,41287,31,41,일산2동,Ilsan2-dong,고양시일산서구,경기도,경기도 고양시일산서구 일산2동
31104530,4128753000,31104,41287,31,41,일산3동,Ilsan3-dong,고양시일산서구,경기도,경기도 고양시일산서구 일산3동
31104550,4128755000,31104,41287,31,41,주엽1동,Juyeop1-dong,고양시일산서구,경기도,경기도 고양시일산서구 주엽1동
31104560,4128756000,31104,41287,31,41,주엽2동,Juyeop2-dong,고양시일산서구,경기도,경기도 고양시일산서구 주엽2동
31104570,4128757000,31104,41287,31,41,대화동,Daehwa-dong,고양시일산서구,경기도,경기도 고양시일산서구 대화동
31104580,4128758000,31104,41287,31,41,송포동,Songpo-dong,고양시일산서구,경기도,경기도 고양시일산서구 송포동
31110510,4129051000,31110,41290,31,41,중앙동,Jungang-dong,과천시,경기도,경기도 과천시 중앙동
31110521,4129052000,31110,41290,31,41,갈현동,Galhyeon-dong,과천시,경기도,경기도 과천시 갈현동
31110522,4129051500,31110,41290,31,41,원문동,Wonmun-dong,과천시,경기도,경기도 과천시 원문동
31110530,4129053000,31110,41290,31,41,별양동,Byeoryang-dong,과천시,경기도,경기도 과천시 별양동
31110540,4129054000,31110,41290,31,41,부림동,Burim-dong,과천시,경기도,경기도 과천시 부림동
31110550,4129055000,31110,41290,31,41,과천동,Gwacheon-dong,과천시,경기도,경기도 과천시 과천동
31110560,4129056000,31110,41290,31,41,문원동,Munwon-dong,과천시,경기도,경기도 과천시 문원동
31120510,4131051000,31120,41310,31,41,갈매동,Galmae-dong,구리시,경기도,경기도 구리시 갈매동
31120520,4131052000,31120,41310,31,41,동구동,Donggu-dong,구리시,경기도,경기도 구리시 동구동
31120530,4131053000,31120,41310,31,41,인창동,Inchang-dong,구리시,경기도,경기도 구리시 인창동
31120540,4131054100,31120,41310,31,41,교문1동,Gyomun1-dong,구리시,경기도,경기도 구리시 교문1동
31120550,4131054200,31120,41310,31,41,교문2동,Gyomun2-dong,구리시,경기도,경기도 구리시 교문2동
31120560,4131057000,31120,41310,31,41,수택1동,Sutaek1-dong,구리시,경기도,경기도 구리시 수택1동
31120570,4131058000,31120,41310,31,41,수택2동,Sutaek2-dong,구리시,경기도,경기도 구리시 수택2동
31120580,4131059000,31120,41310,31,41,수택3동,Sutaek3-dong,구리시,경기도,경기도 구리시 수택3동
31130110,4136025000,31130,41360,31,41,와부읍,Wabu-eup,남양주시,경기도,경기도 남양주시 와부읍
31130120,4136025300,31130,41360,31,41,진접읍,Jinjeop-eup,남양주시,경기도,경기도 남양주시 진접읍
31130130,4136025600,31130,41360,31,41,화도읍,Hwado-eup,남양주시,경기도,경기도 남양주시 화도읍
31130140,4136025900,31130,41360,31,41,진건읍,Jingeon-eup,남양주시,경기도,경기도 남양주시 진건읍
31130150,4136026200,31130,41360,31,41,오남읍,Onam-eup,남양주시,경기도,경기도 남양주시 오남읍
31130160,4136026500,31130,41360,31,41,퇴계원읍,Toegyewon-eup,남양주시,경기도,경기도 남양주시 퇴계원읍
31130310,4136031000,31130,41360,31,41,별내면,Byeollae-myeon,남양주시,경기도,경기도 남양주시 별내면
31130340,4136034000,31130,41360,31,41,수동면,Sudong-myeon,남양주시,경기도,경기도 남양주시 수동면
31130350,4136036000,31130,41360,31,41,조안면,Joan-myeon,남양주시,경기도,경기도 남양주시 조안면
31130510,4136051000,31130,41360,31,41,호평동,Hopyeong-dong,남양주시,경기도,경기도 남양주시 호평동
31130520,4136052000,31130,41360,31,41,평내동,Pyeongnae-dong,남양주시,경기도,경기도 남양주시 평내동
31130530,4136053000,31130,41360,31,41,금곡동,Geumgok-dong,남양주시,경기도,경기도 남양주시 금곡동
31130540,4136054000,31130,41360,31,41,양정동,Yangjeong-dong,남양주시,경기도,경기도 남양주시 양정동
31130570,4136057000,31130,41360,31,41,별내동,Byeollae-dong,남양주시,경기도,경기도 남양주시 별내동
31130580,4136054500,31130,41360,31,41,다산1동,Dasan1-dong,남양주시,경기도,경기도 남양주시 다산1동
31130590,4136056500,31130,41360,31,41,다산2동,Dasan2-dong,남양주시,경기도,경기도 남양주시 다산2동
31140510,4137051000,31140,41370,31,41,중앙동,Jungang-dong,오산시,경기도,경기도 오산시 중앙동
31140530,4137053000,31140,41370,31,41,남촌동,Namchon-dong,오산시,경기도,경기도 오산시 남촌동
31140550,4137055000,31140,41370,31,41,세마동,Sema-dong,오산시,경기도,경기도 오산시 세마동
31140560,4137056000,31140,41370,31,41,초평동,Chopyeong-dong,오산시,경기도,경기도 오산시 초평동
31140571,4137054300,31140,41370,31,41,신장1동,Sinjang1-dong,오산시,경기도,경기도 오산시 신장1동
31140572,4137054600,31140,41370,31,41,신장2동,Sinjang2-dong,오산시,경기도,경기도 오산시 신장2동
31140581,4137052300,31140,41370,31,41,대원1동,Daewon1-dong,오산시,경기도,경기도 오산시 대원1동
31140582,4137052600,31140,41370,31,41,대원2동,Daewon2-dong,오산시,경기도,경기도 오산시 대원2동
31150510,4139051000,31150,41390,31,41,대야동,Daeya-dong,시흥시,경기도,경기도 시흥시 대야동
31150520,4139052000,31150,41390,31,41,신천동,Sincheon-dong,시흥시,경기도,경기도 시흥시 신천동
31150530,4139053100,31150,41390,31,41,신현동,Sinhyeon-dong,시흥시,경기도,경기도 시흥시 신현동
31150540,4139054000,31150,41390,31,41,은행동,Eunhaeng-dong,시흥시,경기도,경기도 시흥시 은행동
31150550,4139055000,31150,41390,31,41,매화동,Maehwa-dong,시흥시,경기도,경기도 시흥시 매화동
31150560,4139057000,31150,41390,31,41,목감동,Mokgam-dong,시흥시,경기도,경기도 시흥시 목감동
31150590,4139062100,31150,41390,31,41,과림동,Gwarim-dong,시흥시,경기도,경기도 시흥시 과림동
31150611,4139059200,31150,41390,31,41,정왕2동,Jeongwang2-dong,시흥시,경기도,경기도 시흥시 정왕2동
31150620,4139059300,31150,41390,31,41,정왕3동,Jeongwang3-dong,시흥시,경기도,경기도 시흥시 정왕3동
31150640,4139058900,31150,41390,31,41,정왕본동,Jeongwangbon-dong,시흥시,경기도,경기도 시흥시 정왕본동
31150650,4139059100,31150,41390,31,41,정왕1동,Jeongwang1-dong,시흥시,경기도,경기도 시흥시 정왕1동
31150670,4139064000,31150,41390,31,41,능곡동,Neunggok-dong,시흥시,경기도,경기도 시흥시 능곡동
31150680,4139058100,31150,41390,31,41,군자동,Gunja-dong,시흥시,경기도,경기도 시흥시 군자동
31150690,4139058200,31150,41390,31,41,월곶동,Wolgot-dong,시흥시,경기도,경기도 시흥시 월곶동
31150700,4139063000,31150,41390,31,41,연성동,Yeonseong-dong,시흥시,경기도,경기도 시흥시 연성동
31150710,4139063100,31150,41390,31,41,장곡동,Janggok-dong,시흥시,경기도,경기도 시흥시 장곡동
31150720,4139059400,31150,41390,31,41,정왕4동,Jeongwang4-dong,시흥시,경기도,경기도 시흥시 정왕4동
31150740,4139059600,31150,41390,31,41,배곧1동,Baegot1-dong,시흥시,경기도,경기도 시흥시 배곧1동
31150750,4139059700,31150,41390,31,41,배곧2동,Baegot2-dong,시흥시,경기도,경기도 시흥시 배곧2동
31150760,4139065000,31150,41390,31,41,거북섬동,Geobukseom-dong,시흥시,경기도,경기도 시흥시 거북섬동
31160510,4141051000,31160,41410,31,41,군포1동,Gunpo1-dong,군포시,경기도,경기도 군포시 군포1동
31160520,4141052000,31160,41410,31,41,군포2동,Gunpo2-dong,군포시,경기도,경기도 군포시 군포2동
31160540,4141054000,31160,41410,31,41,산본1동,Sanbon1-dong,군포시,경기도,경기도 군포시 산본1동
31160550,4141055000,31160,41410,31,41,산본2동,Sanbon2-dong,군포시,경기도,경기도 군포시 산본2동
31160560,4141056000,31160,41410,31,41,금정동,Geumjeong-dong,군포시,경기도,경기도 군포시 금정동
31160570,4141057000,31160,41410,31,41,재궁동,Jaegung-dong,군포시,경기도,경기도 군포시 재궁동
31160580,4141058000,31160,41410,31,41,오금동,Ogeum-dong,군포시,경기도,경기도 군포시 오금동
31160590,4141059000,31160,41410,31,41,수리동,Suri-dong,군포시,경기도,경기도 군포시 수리동
31160600,4141060000,31160,41410,31,41,궁내동,Gungnae-dong,군포시,경기도,경기도 군포시 궁내동
31160610,4141062000,31160,41410,31,41,광정동,Gwangjeong-dong,군포시,경기도,경기도 군포시 광정동
31160630,4141061000,31160,41410,31,41,대야동,Daeya-dong,군포시,경기도,경기도 군포시 대야동
31160640,4141063000,31160,41410,31,41,송부동,Songbu-dong,군포시,경기도,경기도 군포시 송부동
31170510,4143051000,31170,41430,31,41,고천동,Gocheon-dong,의왕시,경기도,경기도 의왕시 고천동
31170520,4143052000,31170,41430,31,41,부곡동,Bugok-dong,의왕시,경기도,경기도 의왕시 부곡동
31170530,4143053000,31170,41430,31,41,오전동,Ojeon-dong,의왕시,경기도,경기도 의왕시 오전동
31170540,4143054000,31170,41430,31,41,내손1동,Naeson1-dong,의왕시,경기도,경기도 의왕시 내손1동
31170550,4143055000,31170,41430,31,41,내손2동,Naeson2-dong,의왕시,경기도,경기도 의왕시 내손2동
31170560,4143056000,31170,41430,31,41,청계동,Cheonggye-dong,의왕시,경기도,경기도 의왕시 청계동
31180510,4145051000,31180,41450,31,41,천현동,Cheonhyeon-dong,하남시,경기도,경기도 하남시 천현동
31180520,4145052000,31180,41450,31,41,신장1동,Sinjang1-dong,하남시,경기도,경기도 하남시 신장1동
31180530,4145053000,31180,41450,31,41,신장2동,Sinjang2-dong,하남시,경기도,경기도 하남시 신장2동
31180540,4145054000,31180,41450,31,41,덕풍1동,Deokpung1-dong,하남시,경기도,경기도 하남시 덕풍1동
31180550,4145055000,31180,41450,31,41,덕풍2동,Deokpung2-dong,하남시,경기도,경기도 하남시 덕풍2동
31180560,4145056000,31180,41450,31,41,덕풍3동,Deokpung3-dong,하남시,경기도,경기도 하남시 덕풍3동
31180590,4145059000,31180,41450,31,41,춘궁동,Chungung-dong,하남시,경기도,경기도 하남시 춘궁동
31180600,4145060000,31180,41450,31,41,초이동,Choi-dong,하남시,경기도,경기도 하남시 초이동
31180611,4145063000,31180,41450,31,41,미사3동,Misa3-dong,하남시,경기도,경기도 하남시 미사3동
31180620,4145061000,31180,41450,31,41,미사1동,Misa1-dong,하남시,경기도,경기도 하남시 미사1동
31180630,4145062000,31180,41450,31,41,미사2동,Misa2-dong,하남시,경기도,경기도 하남시 미사2동
31180650,4145058500,31180,41450,31,41,위례동,Wirye-dong,하남시,경기도,경기도 하남시 위례동
31180660,4145058000,31180,41450,31,41,감북동,Gambuk-dong,하남시,경기도,경기도 하남시 감북동
31180670,4145058200,31180,41450,31,41,감일동,Gamil-dong,하남시,경기도,경기도 하남시 감일동
31191110,4146125000,31191,41461,31,41,포곡읍,Pogok-eup,용인시처인구,경기도,경기도 용인시처인구 포곡읍
31191120,4146125300,31191,41461,31,41,모현읍,Mohyeon-eup,용인시처인구,경기도,경기도 용인시처인구 모현읍
31191130,4146125600,31191,41461,31,41,이동읍,Idong-eup,용인시처인구,경기도,경기도 용인시처인구 이동읍
31191140,4146125900,31191,41461,31,41,남사읍,Namsa-eup,용인시처인구,경기도,경기도 용인시처인구 남사읍
31191340,4146134000,31191,41461,31,41,원삼면,Wonsam-myeon,용인시처인구,경기도,경기도 용인시처인구 원삼면
31191350,4146135000,31191,41461,31,41,백암면,Baegam-myeon,용인시처인구,경기도,경기도 용인시처인구 백암면
31191510,4146151000,31191,41461,31,41,중앙동,Jungang-dong,용인시처인구,경기도,경기도 용인시처인구 중앙동
31191540,4146154000,31191,41461,31,41,동부동,Dongbu-dong,용인시처인구,경기도,경기도 용인시처인구 동부동
31191550,4146152500,31191,41461,31,41,역북동,Yeokbuk-dong,용인시처인구,경기도,경기도 용인시처인구 역북동
31191560,4146152600,31191,41461,31,41,삼가동,Samga-dong,용인시처인구,경기도,경기도 용인시처인구 삼가동
31191570,4146153500,31191,41461,31,41,유림1동,Yurim1-dong,용인시처인구,경기도,경기도 용인시처인구 유림1동
31191580,4146153600,31191,41461,31,41,유림2동,Yurim2-dong,용인시처인구,경기도,경기도 용인시처인구 유림2동
31191581,4146126200,31191,41461,31,41,양지읍,Yangji-eup,용인시처인구,경기도,경기도 용인시처인구 양지읍
31192520,4146352000,31192,41463,31,41,구갈동,Gugal-dong,용인시기흥구,경기도,경기도 용인시기흥구 구갈동
31192540,4146354000,31192,41463,31,41,기흥동,Giheung-dong,용인시기흥구,경기도,경기도 용인시기흥구 기흥동
31192550,4146355000,31192,41463,31,41,서농동,Seonong-dong,용인시기흥구,경기도,경기도 용인시기흥구 서농동
31192560,4146356000,31192,41463,31,41,구성동,Guseong-dong,용인시기흥구,경기도,경기도 용인시기흥구 구성동
31192570,4146357000,31192,41463,31,41,마북동,Mabuk-dong,용인시기흥구,경기도,경기도 용인시기흥구 마북동
31192590,4146359000,31192,41463,31,41,보정동,Bojeong-dong,용인시기흥구,경기도,경기도 용인시기흥구 보정동
31192600,4146358600,31192,41463,31,41,상하동,Sangha-dong,용인시기흥구,경기도,경기도 용인시기흥구 상하동
31192610,4146351000,31192,41463,31,41,신갈동,Singal-dong,용인시기흥구,경기도,경기도 용인시기흥구 신갈동
31192630,4146351600,31192,41463,31,41,영덕1동,Yeongdeok1-dong,용인시기흥구,경기도,경기도 용인시기흥구 영덕1동
31192640,4146351700,31192,41463,31,41,영덕2동,Yeongdeok2-dong,용인시기흥구,경기도,경기도 용인시기흥구 영덕2동
31192650,4146353000,31192,41463,31,41,상갈동,Sanggal-dong,용인시기흥구,경기도,경기도 용인시기흥구 상갈동
31192660,4146353500,31192,41463,31,41,보라동,Bora-dong,용인시기흥구,경기도,경기도 용인시기흥구 보라동
31192670,4146357200,31192,41463,31,41,동백1동,Dongbaek1-dong,용인시기흥구,경기도,경기도 용인시기흥구 동백1동
31192680,4146357500,31192,41463,31,41,동백2동,Dongbaek2-dong,용인시기흥구,경기도,경기도 용인시기흥구 동백2동
31192690,4146357700,31192,41463,31,41,동백3동,Dongbaek3-dong,용인시기흥구,경기도,경기도 용인시기흥구 동백3동
31193510,4146551000,31193,41465,31,41,풍덕천1동,Pungdeokcheon1-dong,용인시수지구,경기도,경기도 용인시수지구 풍덕천1동
31193520,4146552000,31193,41465,31,41,풍덕천2동,Pungdeokcheon2-dong,용인시수지구,경기도,경기도 용인시수지구 풍덕천2동
31193530,4146553000,31193,41465,31,41,신봉동,Sinbong-dong,용인시수지구,경기도,경기도 용인시수지구 신봉동
31193550,4146555000,31193,41465,31,41,죽전2동,Jukjeon2-dong,용인시수지구,경기도,경기도 용인시수지구 죽전2동
31193560,4146556000,31193,41465,31,41,동천동,Dongcheon-dong,용인시수지구,경기도,경기도 용인시수지구 동천동
31193580,4146558000,31193,41465,31,41,상현2동,Sanghyeon2-dong,용인시수지구,경기도,경기도 용인시수지구 상현2동
31193590,4146559000,31193,41465,31,41,성복동,Seongbok-dong,용인시수지구,경기도,경기도 용인시수지구 성복동
31193600,4146554000,31193,41465,31,41,죽전1동,Jukjeon1-dong,용인시수지구,경기도,경기도 용인시수지구 죽전1동
31193610,4146555500,31193,41465,31,41,죽전3동,Jukjeon3-dong,용인시수지구,경기도,경기도 용인시수지구 죽전3동
31193620,4146557000,31193,41465,31,41,상현1동,Sanghyeon1-dong,용인시수지구,경기도,경기도 용인시수지구 상현1동
31193630,4146558500,31193,41465,31,41,상현3동,Sanghyeon3-dong,용인시수지구,경기도,경기도 용인시수지구 상현3동
31200110,4148025000,31200,41480,31,41,문산읍,Munsan-eup,파주시,경기도,경기도 파주시 문산읍
31200120,4148025300,31200,41480,31,41,파주읍,Paju-eup,파주시,경기도,경기도 파주시 파주읍
31200130,4148025600,31200,41480,31,41,법원읍,Beobwon-eup,파주시,경기도,경기도 파주시 법원읍
31200150,4148026200,31200,41480,31,41,조리읍,Jori-eup,파주시,경기도,경기도 파주시 조리읍
31200310,4148031000,31200,41480,31,41,월롱면,Wollong-myeon,파주시,경기도,경기도 파주시 월롱면
31200320,4148032000,31200,41480,31,41,탄현면,Tanhyeon-myeon,파주시,경기도,경기도 파주시 탄현면
31200350,4148035000,31200,41480,31,41,광탄면,Gwangtan-myeon,파주시,경기도,경기도 파주시 광탄면
31200360,4148036000,31200,41480,31,41,파평면,Papyeong-myeon,파주시,경기도,경기도 파주시 파평면
31200370,4148037000,31200,41480,31,41,적성면,Jeokseong-myeon,파주시,경기도,경기도 파주시 적성면
31200390,4148039000,31200,41480,31,41,장단면,Jangdan-myeon,파주시,경기도,경기도 파주시 장단면
31200511,4148054000,31200,41480,31,41,교하동,Gyoha-dong,파주시,경기도,경기도 파주시 교하동
31200512,4148055000,31200,41480,31,41,운정1동,Unjeong1-dong,파주시,경기도,경기도 파주시 운정1동
31200513,4148057000,31200,41480,31,41,운정3동,Unjeong3-dong,파주시,경기도,경기도 파주시 운정3동
31200514,4148058000,31200,41480,31,41,운정4동,Unjeong4-dong,파주시,경기도,경기도 파주시 운정4동
31200515,4148059000,31200,41480,31,41,운정5동,Unjeong5-dong,파주시,경기도,경기도 파주시 운정5동
31200516,4148060000,31200,41480,31,41,운정6동,Unjeong6-dong,파주시,경기도,경기도 파주시 운정6동
31200520,4148052000,31200,41480,31,41,금촌2동,Geumchon2-dong,파주시,경기도,경기도 파주시 금촌2동
31200530,4148051000,31200,41480,31,41,금촌1동,Geumchon1-dong,파주시,경기도,경기도 파주시 금촌1동
31200540,4148053000,31200,41480,31,41,금촌3동,Geumchon3-dong,파주시,경기도,경기도 파주시 금촌3동
31200570,4148056000,31200,41480,31,41,운정2동,Unjeong2-dong,파주시,경기도,경기도 파주시 운정2동
31210110,4150025000,31210,41500,31,41,장호원읍,Janghowon-eup,이천시,경기도,경기도 이천시 장호원읍
31210120,4150025300,31210,41500,31,41,부발읍,Bubal-eup,이천시,경기도,경기도 이천시 부발읍
31210310,4150031000,31210,41500,31,41,신둔면,Sindun-myeon,이천시,경기도,경기도 이천시 신둔면
31210320,4150032000,31210,41500,31,41,백사면,Baeksa-myeon,이천시,경기도,경기도 이천시 백사면
31210330,4150033000,31210,41500,31,41,호법면,Hobeop-myeon,이천시,경기도,경기도 이천시 호법면
31210340,4150034000,31210,41500,31,41,마장면,Majang-myeon,이천시,경기도,경기도 이천시 마장면
31210350,4150035000,31210,41500,31,41,대월면,Daewol-myeon,이천시,경기도,경기도 이천시 대월면
31210360,4150036000,31210,41500,31,41,모가면,Moga-myeon,이천시,경기도,경기도 이천시 모가면
31210370,4150037000,31210,41500,31,41,설성면,Seolseong-myeon,이천시,경기도,경기도 이천시 설성면
31210380,4150038000,31210,41500,31,41,율면,Yul-myeon,이천시,경기도,경기도 이천시 율면
31210510,4150051000,31210,41500,31,41,창전동,Changjeon-dong,이천시,경기도,경기도 이천시 창전동
31210520,4150052000,31210,41500,31,41,중리동,Jungni-dong,이천시,경기도,경기도 이천시 중리동
31210530,4150053000,31210,41500,31,41,관고동,Gwango-dong,이천시,경기도,경기도 이천시 관고동
31210540,4150051500,31210,41500,31,41,증포동,Jeungpo-dong,이천시,경기도,경기도 이천시 증포동
31220110,4155025000,31220,41550,31,41,공도읍,Gongdo-eup,안성시,경기도,경기도 안성시 공도읍
31220310,4155031000,31220,41550,31,41,보개면,Bogae-myeon,안성시,경기도,경기도 안성시 보개면
31220320,4155032000,31220,41550,31,41,금광면,Geumgwang-myeon,안성시,경기도,경기도 안성시 금광면
31220330,4155033000,31220,41550,31,41,서운면,Seoun-myeon,안성시,경기도,경기도 안성시 서운면
31220340,4155034000,31220,41550,31,41,미양면,Miyang-myeon,안성시,경기도,경기도 안성시 미양면
31220350,4155035000,31220,41550,31,41,대덕면,Daedeok-myeon,안성시,경기도,경기도 안성시 대덕면
31220360,4155036000,31220,41550,31,41,양성면,Yangseong-myeon,안성시,경기도,경기도 안성시 양성면
31220380,4155038000,31220,41550,31,41,원곡면,Wongok-myeon,안성시,경기도,경기도 안성시 원곡면
31220390,4155039000,31220,41550,31,41,일죽면,Iljuk-myeon,안성시,경기도,경기도 안성시 일죽면
31220400,4155040000,31220,41550,31,41,죽산면,Juksan-myeon,안성시,경기도,경기도 안성시 죽산면
31220410,4155041000,31220,41550,31,41,삼죽면,Samjuk-myeon,안성시,경기도,경기도 안성시 삼죽면
31220420,4155042000,31220,41550,31,41,고삼면,Gosam-myeon,안성시,경기도,경기도 안성시 고삼면
31220510,4155051000,31220,41550,31,41,안성1동,Anseong1-dong,안성시,경기도,경기도 안성시 안성1동
31220520,4155052000,31220,41550,31,41,안성2동,Anseong2-dong,안성시,경기도,경기도 안성시 안성2동
31220530,4155053000,31220,41550,31,41,안성3동,Anseong3-dong,안성시,경기도,경기도 안성시 안성3동
31230110,4157025000,31230,41570,31,41,통진읍,Tongjin-eup,김포시,경기도,경기도 김포시 통진읍
31230120,4157025300,31230,41570,31,41,고촌읍,Gochon-eup,김포시,경기도,경기도 김포시 고촌읍
31230130,4157025600,31230,41570,31,41,양촌읍,Yangchon-eup,김포시,경기도,경기도 김포시 양촌읍
31230340,4157034000,31230,41570,31,41,대곶면,Daegot-myeon,김포시,경기도,경기도 김포시 대곶면
31230350,4157035000,31230,41570,31,41,월곶면,Wolgot-myeon,김포시,경기도,경기도 김포시 월곶면
31230360,4157036000,31230,41570,31,41,하성면,Haseong-myeon,김포시,경기도,경기도 김포시 하성면
31230530,4157054000,31230,41570,31,41,사우동,Sau-dong,김포시,경기도,경기도 김포시 사우동
31230540,4157055000,31230,41570,31,41,풍무동,Pungmu-dong,김포시,경기도,경기도 김포시 풍무동
31230560,4157056000,31230,41570,31,41,장기동,Janggi-dong,김포시,경기도,경기도 김포시 장기동
31230600,4157058000,31230,41570,31,41,운양동,Unyang-dong,김포시,경기도,경기도 김포시 운양동
31230610,4157051500,31230,41570,31,41,김포본동,Gimpobon-dong,김포시,경기도,경기도 김포시 김포본동
31230620,4157052500,31230,41570,31,41,장기본동,Janggibon-dong,김포시,경기도,경기도 김포시 장기본동
31230630,4157057000,31230,41570,31,41,구래동,Gurae-dong,김포시,경기도,경기도 김포시 구래동
31230640,4157057500,31230,41570,31,41,마산동,Masan-dong,김포시,경기도,경기도 김포시 마산동
31241721,4159125000,31241,41591,31,41,우정읍,Ujeong-eup,화성시만세구,경기도,경기도 화성시만세구 우정읍
31241722,4159125300,31241,41591,31,41,향남읍,Hyangnam-eup,화성시만세구,경기도,경기도 화성시만세구 향남읍
31241723,4159125600,31241,41591,31,41,남양읍,Namyang-eup,화성시만세구,경기도,경기도 화성시만세구 남양읍
31241724,4159131000,31241,41591,31,41,마도면,Mado-myeon,화성시만세구,경기도,경기도 화성시만세구 마도면
31241725,4159132000,31241,41591,31,41,송산면,Songsan-myeon,화성시만세구,경기도,경기도 화성시만세구 송산면
31241726,4159133000,31241,41591,31,41,서신면,Seosin-myeon,화성시만세구,경기도,경기도 화성시만세구 서신면
31241727,4159134000,31241,41591,31,41,팔탄면,Paltan-myeon,화성시만세구,경기도,경기도 화성시만세구 팔탄면
31241728,4159135000,31241,41591,31,41,장안면,Jangan-myeon,화성시만세구,경기도,경기도 화성시만세구 장안면
31241729,4159136000,31241,41591,31,41,양감면,Yanggam-myeon,화성시만세구,경기도,경기도 화성시만세구 양감면
31241730,4159151000,31241,41591,31,41,새솔동,Saesol-dong,화성시만세구,경기도,경기도 화성시만세구 새솔동
31242731,4159325000,31242,41593,31,41,봉담읍,Bongdam-eup,화성시효행구,경기도,경기도 화성시효행구 봉담읍
31242732,4159331000,31242,41593,31,41,매송면,Maesong-myeon,화성시효행구,경기도,경기도 화성시효행구 매송면
31242733,4159332000,31242,41593,31,41,비봉면,Bibong-myeon,화성시효행구,경기도,경기도 화성시효행구 비봉면
31242734,4159333000,31242,41593,31,41,정남면,Jeongnam-myeon,화성시효행구,경기도,경기도 화성시효행구 정남면
31242735,4159351000,31242,41593,31,41,기배동,Gibae-dong,화성시효행구,경기도,경기도 화성시효행구 기배동
31243736,4159551000,31243,41595,31,41,진안동,Jinan-dong,화성시병점구,경기도,경기도 화성시병점구 진안동
31243737,4159552000,31243,41595,31,41,병점1동,Byeongjeom1-dong,화성시병점구,경기도,경기도 화성시병점구 병점1동
31243738,4159553000,31243,41595,31,41,병점2동,Byeongjeom2-dong,화성시병점구,경기도,경기도 화성시병점구 병점2동
31243739,4159554000,31243,41595,31,41,반월동,Banwol-dong,화성시병점구,경기도,경기도 화성시병점구 반월동
31243740,4159555000,31243,41595,31,41,화산동,Hwasan-dong,화성시병점구,경기도,경기도 화성시병점구 화산동
31244741,4159751000,31244,41597,31,41,동탄1동,Dongtan1-dong,화성시동탄구,경기도,경기도 화성시동탄구 동탄1동
31244742,4159752000,31244,41597,31,41,동탄2동,Dongtan2-dong,화성시동탄구,경기도,경기도 화성시동탄구 동탄2동
31244743,4159753000,31244,41597,31,41,동탄3동,Dongtan3-dong,화성시동탄구,경기도,경기도 화성시동탄구 동탄3동
31244744,4159754000,31244,41597,31,41,동탄4동,Dongtan4-dong,화성시동탄구,경기도,경기도 화성시동탄구 동탄4동
31244745,4159755000,31244,41597,31,41,동탄5동,Dongtan5-dong,화성시동탄구,경기도,경기도 화성시동탄구 동탄5동
31244746,4159756000,31244,41597,31,41,동탄6동,Dongtan6-dong,화성시동탄구,경기도,경기도 화성시동탄구 동탄6동
31244747,4159757000,31244,41597,31,41,동탄7동,Dongtan7-dong,화성시동탄구,경기도,경기도 화성시동탄구 동탄7동
31244748,4159758000,31244,41597,31,41,동탄8동,Dongtan8-dong,화성시동탄구,경기도,경기도 화성시동탄구 동탄8동
31244749,4159759000,31244,41597,31,41,동탄9동,Dongtan9-dong,화성시동탄구,경기도,경기도 화성시동탄구 동탄9동
31250120,4161025300,31250,41610,31,41,초월읍,Chowol-eup,광주시,경기도,경기도 광주시 초월읍
31250140,4161025900,31250,41610,31,41,곤지암읍,Gonjiam-eup,광주시,경기도,경기도 광주시 곤지암읍
31250340,4161033000,31250,41610,31,41,도척면,Docheok-myeon,광주시,경기도,경기도 광주시 도척면
31250350,4161034000,31250,41610,31,41,퇴촌면,Toechon-myeon,광주시,경기도,경기도 광주시 퇴촌면
31250360,4161035000,31250,41610,31,41,남종면,Namjong-myeon,광주시,경기도,경기도 광주시 남종면
31250380,4161037000,31250,41610,31,41,남한산성면,Namhansanseong-myeon,광주시,경기도,경기도 광주시 남한산성면
31250511,4161058000,31250,41610,31,41,오포1동,Opo1-dong,광주시,경기도,경기도 광주시 오포1동
31250512,4161059000,31250,41610,31,41,오포2동,Opo2-dong,광주시,경기도,경기도 광주시 오포2동
31250513,4161060000,31250,41610,31,41,신현동,Sinhyeon-dong,광주시,경기도,경기도 광주시 신현동
31250514,4161061000,31250,41610,31,41,능평동,Neungpyeong-dong,광주시,경기도,경기도 광주시 능평동
31250540,4161051000,31250,41610,31,41,경안동,Gyeongan-dong,광주시,경기도,경기도 광주시 경안동
31250550,4161052000,31250,41610,31,41,송정동,Songjeong-dong,광주시,경기도,경기도 광주시 송정동
31250560,4161054000,31250,41610,31,41,쌍령동,Ssangnyeong-dong,광주시,경기도,경기도 광주시 쌍령동
31250570,4161055000,31250,41610,31,41,탄벌동,Tanbeol-dong,광주시,경기도,경기도 광주시 탄벌동
31250580,4161056000,31250,41610,31,41,광남1동,Gwangnam1-dong,광주시,경기도,경기도 광주시 광남1동
31250590,4161057000,31250,41610,31,41,광남2동,Gwangnam2-dong,광주시,경기도,경기도 광주시 광남2동
31260110,4163025000,31260,41630,31,41,백석읍,Baekseok-eup,양주시,경기도,경기도 양주시 백석읍
31260310,4163031000,31260,41630,31,41,은현면,Eunhyeon-myeon,양주시,경기도,경기도 양주시 은현면
31260320,4163032000,31260,41630,31,41,남면,Nam-myeon,양주시,경기도,경기도 양주시 남면
31260330,4163033000,31260,41630,31,41,광적면,Gwangjeok-myeon,양주시,경기도,경기도 양주시 광적면
31260340,4163034000,31260,41630,31,41,장흥면,Jangheung-myeon,양주시,경기도,경기도 양주시 장흥면
31260510,4163051000,31260,41630,31,41,양주1동,Yangju1-dong,양주시,경기도,경기도 양주시 양주1동
31260520,4163052000,31260,41630,31,41,양주2동,Yangju2-dong,양주시,경기도,경기도 양주시 양주2동
31260530,4163053000,31260,41630,31,41,회천1동,Hoecheon1-dong,양주시,경기도,경기도 양주시 회천1동
31260540,4163054000,31260,41630,31,41,회천2동,Hoecheon2-dong,양주시,경기도,경기도 양주시 회천2동
31260550,4163055000,31260,41630,31,41,회천3동,Hoecheon3-dong,양주시,경기도,경기도 양주시 회천3동
31260561,4163057000,31260,41630,31,41,옥정1동,Okjeong1-dong,양주시,경기도,경기도 양주시 옥정1동
31260571,4163058000,31260,41630,31,41,옥정2동,Okjeong2-dong,양주시,경기도,경기도 양주시 옥정2동
31270110,4165025000,31270,41650,31,41,소흘읍,Soheul-eup,포천시,경기도,경기도 포천시 소흘읍
31270310,4165031000,31270,41650,31,41,군내면,Gunnae-myeon,포천시,경기도,경기도 포천시 군내면
31270320,4165032000,31270,41650,31,41,내촌면,Naechon-myeon,포천시,경기도,경기도 포천시 내촌면
31270330,4165033000,31270,41650,31,41,가산면,Gasan-myeon,포천시,경기도,경기도 포천시 가산면
31270340,4165034000,31270,41650,31,41,신북면,Sinbuk-myeon,포천시,경기도,경기도 포천시 신북면
31270350,4165035000,31270,41650,31,41,창수면,Changsu-myeon,포천시,경기도,경기도 포천시 창수면
31270360,4165036000,31270,41650,31,41,영중면,Yeongjung-myeon,포천시,경기도,경기도 포천시 영중면
31270370,4165037000,31270,41650,31,41,일동면,Ildong-myeon,포천시,경기도,경기도 포천시 일동면
31270380,4165038000,31270,41650,31,41,이동면,Idong-myeon,포천시,경기도,경기도 포천시 이동면
31270390,4165039000,31270,41650,31,41,영북면,Yeongbuk-myeon,포천시,경기도,경기도 포천시 영북면
31270400,4165040000,31270,41650,31,41,관인면,Gwanin-myeon,포천시,경기도,경기도 포천시 관인면
31270410,4165041000,31270,41650,31,41,화현면,Hwahyeon-myeon,포천시,경기도,경기도 포천시 화현면
31270510,4165051000,31270,41650,31,41,포천동,Pocheon-dong,포천시,경기도,경기도 포천시 포천동
31270520,4165052000,31270,41650,31,41,선단동,Seondan-dong,포천시,경기도,경기도 포천시 선단동
31280110,4167025000,31280,41670,31,41,가남읍,Ganam-eup,여주시,경기도,경기도 여주시 가남읍
31280310,4167031000,31280,41670,31,41,점동면,Jeomdong-myeon,여주시,경기도,경기도 여주시 점동면
31280330,4167032000,31280,41670,31,41,흥천면,Heungcheon-myeon,여주시,경기도,경기도 여주시 흥천면
31280340,4167033000,31280,41670,31,41,금사면,Geumsa-myeon,여주시,경기도,경기도 여주시 금사면
31280350,4167038000,31280,41670,31,41,산북면,Sanbuk-myeon,여주시,경기도,경기도 여주시 산북면
31280360,4167035000,31280,41670,31,41,대신면,Daesin-myeon,여주시,경기도,경기도 여주시 대신면
31280370,4167036000,31280,41670,31,41,북내면,Bungnae-myeon,여주시,경기도,경기도 여주시 북내면
31280380,4167037000,31280,41670,31,41,강천면,Gangcheon-myeon,여주시,경기도,경기도 여주시 강천면
31280390,4167034500,31280,41670,31,41,세종대왕면,Sejongdaewang-myeon,여주시,경기도,경기도 여주시 세종대왕면
31280510,4167051000,31280,41670,31,41,여흥동,Yeoheung-dong,여주시,경기도,경기도 여주시 여흥동
31280520,4167052000,31280,41670,31,41,중앙동,Jungang-dong,여주시,경기도,경기도 여주시 중앙동
31280530,4167053000,31280,41670,31,41,오학동,Ohak-dong,여주시,경기도,경기도 여주시 오학동
31550110,4180025000,31550,41800,31,41,연천읍,Yeoncheon-eup,연천군,경기도,경기도 연천군 연천읍
31550120,4180025300,31550,41800,31,41,전곡읍,Jeongok-eup,연천군,경기도,경기도 연천군 전곡읍
31550310,4180031000,31550,41800,31,41,군남면,Gunnam-myeon,연천군,경기도,경기도 연천군 군남면
31550320,4180032000,31550,41800,31,41,청산면,Cheongsan-myeon,연천군,경기도,경기도 연천군 청산면
31550330,4180033000,31550,41800,31,41,백학면,Baekak-myeon,연천군,경기도,경기도 연천군 백학면
31550340,4180034000,31550,41800,31,41,미산면,Misan-myeon,연천군,경기도,경기도 연천군 미산면
31550350,4180035000,31550,41800,31,41,왕징면,Wangjing-myeon,연천군,경기도,경기도 연천군 왕징면
31550360,4180036000,31550,41800,31,41,신서면,Sinseo-myeon,연천군,경기도,경기도 연천군 신서면
31550370,4180037000,31550,41800,31,41,중면,Jung-myeon,연천군,경기도,경기도 연천군 중면
31550380,4180038000,31550,41800,31,41,장남면,Jangnam-myeon,연천군,경기도,경기도 연천군 장남면
31570110,4182025000,31570,41820,31,41,가평읍,Gapyeong-eup,가평군,경기도,경기도 가평군 가평읍
31570310,4182031000,31570,41820,31,41,설악면,Seorak-myeon,가평군,경기도,경기도 가평군 설악면
31570320,4182032500,31570,41820,31,41,청평면,Cheongpyeong-myeon,가평군,경기도,경기도 가평군 청평면
31570330,4182033000,31570,41820,31,41,상면,Sang-myeon,가평군,경기도,경기도 가평군 상면
31570350,4182035000,31570,41820,31,41,북면,Buk-myeon,가평군,경기도,경기도 가평군 북면
31570360,4182034500,31570,41820,31,41,조종면,Jojong-myeon,가평군,경기도,경기도 가평군 조종면
31580110,4183025000,31580,41830,31,41,양평읍,Yangpyeong-eup,양평군,경기도,경기도 양평군 양평읍
31580310,4183031000,31580,41830,31,41,강상면,Gangsang-myeon,양평군,경기도,경기도 양평군 강상면
31580320,4183032000,31580,41830,31,41,강하면,Gangha-myeon,양평군,경기도,경기도 양평군 강하면
31580330,4183033000,31580,41830,31,41,양서면,Yangseo-myeon,양평군,경기도,경기도 양평군 양서면
31580340,4183034000,31580,41830,31,41,옥천면,Okcheon-myeon,양평군,경기도,경기도 양평군 옥천면
31580350,4183035000,31580,41830,31,41,서종면,Seojong-myeon,양평군,경기도,경기도 양평군 서종면
31580360,4183036000,31580,41830,31,41,단월면,Danwol-myeon,양평군,경기도,경기도 양평군 단월면
31580370,4183037000,31580,41830,31,41,청운면,Cheongun-myeon,양평군,경기도,경기도 양평군 청운면
31580380,4183038000,31580,41830,31,41,양동면,Yangdong-myeon,양평군,경기도,경기도 양평군 양동면
31580390,4183039500,31580,41830,31,41,지평면,Jipyeong-myeon,양평군,경기도,경기도 양평군 지평면
31580400,4183040000,31580,41830,31,41,용문면,Yongmun-myeon,양평군,경기도,경기도 양평군 용문면
31580410,4183041000,31580,41830,31,41,개군면,Gaegun-myeon,양평군,경기도,경기도 양평군 개군면
32010110,5111025000,32010,51110,32,51,신북읍,Sinbuk-eup,춘천시,강원특별자치도,강원특별자치도 춘천시 신북읍
32010310,5111031000,32010,51110,32,51,동면,Dong-myeon,춘천시,강원특별자치도,강원특별자치도 춘천시 동면
32010320,5111032000,32010,51110,32,51,동산면,Dongsan-myeon,춘천시,강원특별자치도,강원특별자치도 춘천시 동산면
32010330,5111033000,32010,51110,32,51,신동면,Sindong-myeon,춘천시,강원특별자치도,강원특별자치도 춘천시 신동면
32010340,5111039000,32010,51110,32,51,동내면,Dongnae-myeon,춘천시,강원특별자치도,강원특별자치도 춘천시 동내면
32010350,5111034000,32010,51110,32,51,남면,Nam-myeon,춘천시,강원특별자치도,강원특별자치도 춘천시 남면
32010360,5111040000,32010,51110,32,51,남산면,Namsan-myeon,춘천시,강원특별자치도,강원특별자치도 춘천시 남산면
32010370,5111035000,32010,51110,32,51,서면,Seo-myeon,춘천시,강원특별자치도,강원특별자치도 춘천시 서면
32010380,5111036000,32010,51110,32,51,사북면,Sabuk-myeon,춘천시,강원특별자치도,강원특별자치도 춘천시 사북면
32010390,5111038000,32010,51110,32,51,북산면,Buksan-myeon,춘천시,강원특별자치도,강원특별자치도 춘천시 북산면
32010520,5111052000,32010,51110,32,51,교동,Gyo-dong,춘천시,강원특별자치도,강원특별자치도 춘천시 교동
32010530,5111053000,32010,51110,32,51,조운동,Joun-dong,춘천시,강원특별자치도,강원특별자치도 춘천시 조운동
32010540,5111054500,32010,51110,32,51,약사명동,Yaksamyeong-dong,춘천시,강원특별자치도,강원특별자치도 춘천시 약사명동
32010570,5111057000,32010,51110,32,51,근화동,Geunhwa-dong,춘천시,강원특별자치도,강원특별자치도 춘천시 근화동
32010580,5111058000,32010,51110,32,51,소양동,Soyang-dong,춘천시,강원특별자치도,강원특별자치도 춘천시 소양동
32010600,5111060000,32010,51110,32,51,후평1동,Hupyeong1-dong,춘천시,강원특별자치도,강원특별자치도 춘천시 후평1동
32010610,5111061000,32010,51110,32,51,후평2동,Hupyeong2-dong,춘천시,강원특별자치도,강원특별자치도 춘천시 후평2동
32010620,5111061100,32010,51110,32,51,후평3동,Hupyeong3-dong,춘천시,강원특별자치도,강원특별자치도 춘천시 후평3동
32010630,5111062000,32010,51110,32,51,효자1동,Hyoja1-dong,춘천시,강원특별자치도,강원특별자치도 춘천시 효자1동
32010640,5111063000,32010,51110,32,51,효자2동,Hyoja2-dong,춘천시,강원특별자치도,강원특별자치도 춘천시 효자2동
32010650,5111064000,32010,51110,32,51,효자3동,Hyoja3-dong,춘천시,강원특별자치도,강원특별자치도 춘천시 효자3동
32010660,5111065000,32010,51110,32,51,석사동,Seoksa-dong,춘천시,강원특별자치도,강원특별자치도 춘천시 석사동
32010670,5111066000,32010,51110,32,51,퇴계동,Toegye-dong,춘천시,강원특별자치도,강원특별자치도 춘천시 퇴계동
32010680,5111067500,32010,51110,32,51,강남동,Gangnam-dong,춘천시,강원특별자치도,강원특별자치도 춘천시 강남동
32010710,5111070500,32010,51110,32,51,신사우동,Sinsau-dong,춘천시,강원특별자치도,강원특별자치도 춘천시 신사우동
32020110,5113025000,32020,51130,32,51,문막읍,Munmak-eup,원주시,강원특별자치도,강원특별자치도 원주시 문막읍
32020310,5113031000,32020,51130,32,51,소초면,Socho-myeon,원주시,강원특별자치도,강원특별자치도 원주시 소초면
32020320,5113032000,32020,51130,32,51,호저면,Hojeo-myeon,원주시,강원특별자치도,강원특별자치도 원주시 호저면
32020330,5113033000,32020,51130,32,51,지정면,Jijeong-myeon,원주시,강원특별자치도,강원특별자치도 원주시 지정면
32020340,5113035000,32020,51130,32,51,부론면,Buron-myeon,원주시,강원특별자치도,강원특별자치도 원주시 부론면
32020350,5113036000,32020,51130,32,51,귀래면,Gwirae-myeon,원주시,강원특별자치도,강원특별자치도 원주시 귀래면
32020360,5113037000,32020,51130,32,51,흥업면,Heungeop-myeon,원주시,강원특별자치도,강원특별자치도 원주시 흥업면
32020370,5113038000,32020,51130,32,51,판부면,Panbu-myeon,원주시,강원특별자치도,강원특별자치도 원주시 판부면
32020380,5113039000,32020,51130,32,51,신림면,Sillim-myeon,원주시,강원특별자치도,강원특별자치도 원주시 신림면
32020510,5113051500,32020,51130,32,51,중앙동,Jungang-dong,원주시,강원특별자치도,강원특별자치도 원주시 중앙동
32020520,5113052000,32020,51130,32,51,원인동,Wonin-dong,원주시,강원특별자치도,강원특별자치도 원주시 원인동
32020530,5113053000,32020,51130,32,51,개운동,Gaeun-dong,원주시,강원특별자치도,강원특별자치도 원주시 개운동
32020540,5113054100,32020,51130,32,51,명륜1동,Myeongnyun1-dong,원주시,강원특별자치도,강원특별자치도 원주시 명륜1동
32020550,5113054200,32020,51130,32,51,명륜2동,Myeongnyun2-dong,원주시,강원특별자치도,강원특별자치도 원주시 명륜2동
32020560,5113055000,32020,51130,32,51,단구동,Dangu-dong,원주시,강원특별자치도,강원특별자치도 원주시 단구동
32020570,5113056000,32020,51130,32,51,일산동,Ilsan-dong,원주시,강원특별자치도,강원특별자치도 원주시 일산동
32020580,5113057500,32020,51130,32,51,학성동,Hakseong-dong,원주시,강원특별자치도,강원특별자치도 원주시 학성동
32020600,5113059000,32020,51130,32,51,단계동,Dangye-dong,원주시,강원특별자치도,강원특별자치도 원주시 단계동
32020610,5113060000,32020,51130,32,51,우산동,Usan-dong,원주시,강원특별자치도,강원특별자치도 원주시 우산동
32020620,5113061000,32020,51130,32,51,태장1동,Taejang1-dong,원주시,강원특별자치도,강원특별자치도 원주시 태장1동
32020630,5113062000,32020,51130,32,51,태장2동,Taejang2-dong,원주시,강원특별자치도,강원특별자치도 원주시 태장2동
32020640,5113063500,32020,51130,32,51,봉산동,Bongsan-dong,원주시,강원특별자치도,강원특별자치도 원주시 봉산동
32020660,5113065000,32020,51130,32,51,행구동,Haenggu-dong,원주시,강원특별자치도,강원특별자치도 원주시 행구동
32020670,5113066000,32020,51130,32,51,무실동,Musil-dong,원주시,강원특별자치도,강원특별자치도 원주시 무실동
32020680,5113067500,32020,51130,32,51,반곡관설동,Bangokgwanseol-dong,원주시,강원특별자치도,강원특별자치도 원주시 반곡관설동
32030110,5115025000,32030,51150,32,51,주문진읍,Jumunjin-eup,강릉시,강원특별자치도,강원특별자치도 강릉시 주문진읍
32030310,5115031000,32030,51150,32,51,성산면,Seongsan-myeon,강릉시,강원특별자치도,강원특별자치도 강릉시 성산면
32030320,5115032000,32030,51150,32,51,왕산면,Wangsan-myeon,강릉시,강원특별자치도,강원특별자치도 강릉시 왕산면
32030330,5115033000,32030,51150,32,51,구정면,Gujeong-myeon,강릉시,강원특별자치도,강원특별자치도 강릉시 구정면
32030340,5115034000,32030,51150,32,51,강동면,Gangdong-myeon,강릉시,강원특별자치도,강원특별자치도 강릉시 강동면
32030350,5115035000,32030,51150,32,51,옥계면,Okgye-myeon,강릉시,강원특별자치도,강원특별자치도 강릉시 옥계면
32030360,5115036000,32030,51150,32,51,사천면,Sacheon-myeon,강릉시,강원특별자치도,강원특별자치도 강릉시 사천면
32030370,5115037000,32030,51150,32,51,연곡면,Yeongok-myeon,강릉시,강원특별자치도,강원특별자치도 강릉시 연곡면
32030510,5115051000,32030,51150,32,51,홍제동,Hongje-dong,강릉시,강원특별자치도,강원특별자치도 강릉시 홍제동
32030520,5115052000,32030,51150,32,51,중앙동,Jungang-dong,강릉시,강원특별자치도,강원특별자치도 강릉시 중앙동
32030540,5115054000,32030,51150,32,51,옥천동,Okcheon-dong,강릉시,강원특별자치도,강원특별자치도 강릉시 옥천동
32030550,5115055000,32030,51150,32,51,교1동,Gyo1-dong,강릉시,강원특별자치도,강원특별자치도 강릉시 교1동
32030560,5115056000,32030,51150,32,51,교2동,Gyo2-dong,강릉시,강원특별자치도,강원특별자치도 강릉시 교2동
32030570,5115057100,32030,51150,32,51,포남1동,Ponam1-dong,강릉시,강원특별자치도,강원특별자치도 강릉시 포남1동
32030580,5115057200,32030,51150,32,51,포남2동,Ponam2-dong,강릉시,강원특별자치도,강원특별자치도 강릉시 포남2동
32030590,5115058000,32030,51150,32,51,초당동,Chodang-dong,강릉시,강원특별자치도,강원특별자치도 강릉시 초당동
32030600,5115059000,32030,51150,32,51,송정동,Songjeong-dong,강릉시,강원특별자치도,강원특별자치도 강릉시 송정동
32030610,5115060000,32030,51150,32,51,내곡동,Naegok-dong,강릉시,강원특별자치도,강원특별자치도 강릉시 내곡동
32030620,5115061500,32030,51150,32,51,강남동,Gangnam-dong,강릉시,강원특별자치도,강원특별자치도 강릉시 강남동
32030650,5115064500,32030,51150,32,51,성덕동,Seongdeok-dong,강릉시,강원특별자치도,강원특별자치도 강릉시 성덕동
32030670,5115066500,32030,51150,32,51,경포동,Gyeongpo-dong,강릉시,강원특별자치도,강원특별자치도 강릉시 경포동
32040510,5117051000,32040,51170,32,51,천곡동,Cheongok-dong,동해시,강원특별자치도,강원특별자치도 동해시 천곡동
32040520,5117052000,32040,51170,32,51,송정동,Songjeong-dong,동해시,강원특별자치도,강원특별자치도 동해시 송정동
32040530,5117053000,32040,51170,32,51,북삼동,Buksam-dong,동해시,강원특별자치도,강원특별자치도 동해시 북삼동
32040540,5117054000,32040,51170,32,51,부곡동,Bugok-dong,동해시,강원특별자치도,강원특별자치도 동해시 부곡동
32040550,5117055000,32040,51170,32,51,동호동,Dongho-dong,동해시,강원특별자치도,강원특별자치도 동해시 동호동
32040570,5117057000,32040,51170,32,51,발한동,Balhan-dong,동해시,강원특별자치도,강원특별자치도 동해시 발한동
32040590,5117059000,32040,51170,32,51,묵호동,Muko-dong,동해시,강원특별자치도,강원특별자치도 동해시 묵호동
32040600,5117060000,32040,51170,32,51,북평동,Bukpyeong-dong,동해시,강원특별자치도,강원특별자치도 동해시 북평동
32040630,5117063000,32040,51170,32,51,망상동,Mangsang-dong,동해시,강원특별자치도,강원특별자치도 동해시 망상동
32040650,5117065000,32040,51170,32,51,삼화동,Samhwa-dong,동해시,강원특별자치도,강원특별자치도 동해시 삼화동
32050510,5119051500,32050,51190,32,51,황지동,Hwangji-dong,태백시,강원특별자치도,강원특별자치도 태백시 황지동
32050520,5119052500,32050,51190,32,51,황연동,Hwangyeon-dong,태백시,강원특별자치도,강원특별자치도 태백시 황연동
32050530,5119053500,32050,51190,32,51,삼수동,Samsu-dong,태백시,강원특별자치도,강원특별자치도 태백시 삼수동
32050540,5119054000,32050,51190,32,51,상장동,Sangjang-dong,태백시,강원특별자치도,강원특별자치도 태백시 상장동
32050550,5119060500,32050,51190,32,51,구문소동,Gumunso-dong,태백시,강원특별자치도,강원특별자치도 태백시 구문소동
32050560,5119059500,32050,51190,32,51,장성동,Jangseong-dong,태백시,강원특별자치도,강원특별자치도 태백시 장성동
32050580,5119061500,32050,51190,32,51,철암동,Cheoram-dong,태백시,강원특별자치도,강원특별자치도 태백시 철암동
32050620,5119058500,32050,51190,32,51,문곡소도동,Mungoksodo-dong,태백시,강원특별자치도,강원특별자치도 태백시 문곡소도동
32060510,5121051000,32060,51210,32,51,영랑동,Yeongnang-dong,속초시,강원특별자치도,강원특별자치도 속초시 영랑동
32060520,5121052000,32060,51210,32,51,동명동,Dongmyeong-dong,속초시,강원특별자치도,강원특별자치도 속초시 동명동
32060540,5121054000,32060,51210,32,51,금호동,Geumho-dong,속초시,강원특별자치도,강원특별자치도 속초시 금호동
32060560,5121056000,32060,51210,32,51,교동,Gyo-dong,속초시,강원특별자치도,강원특별자치도 속초시 교동
32060570,5121057000,32060,51210,32,51,노학동,Nohak-dong,속초시,강원특별자치도,강원특별자치도 속초시 노학동
32060580,5121058000,32060,51210,32,51,조양동,Joyang-dong,속초시,강원특별자치도,강원특별자치도 속초시 조양동
32060590,5121059000,32060,51210,32,51,청호동,Cheongho-dong,속초시,강원특별자치도,강원특별자치도 속초시 청호동
32060600,5121060000,32060,51210,32,51,대포동,Daepo-dong,속초시,강원특별자치도,강원특별자치도 속초시 대포동
32070110,5123025000,32070,51230,32,51,도계읍,Dogye-eup,삼척시,강원특별자치도,강원특별자치도 삼척시 도계읍
32070120,5123025300,32070,51230,32,51,원덕읍,Wondeok-eup,삼척시,강원특별자치도,강원특별자치도 삼척시 원덕읍
32070310,5123031000,32070,51230,32,51,근덕면,Geundeok-myeon,삼척시,강원특별자치도,강원특별자치도 삼척시 근덕면
32070320,5123032000,32070,51230,32,51,하장면,Hajang-myeon,삼척시,강원특별자치도,강원특별자치도 삼척시 하장면
32070330,5123033000,32070,51230,32,51,노곡면,Nogok-myeon,삼척시,강원특별자치도,강원특별자치도 삼척시 노곡면
32070340,5123034000,32070,51230,32,51,미로면,Miro-myeon,삼척시,강원특별자치도,강원특별자치도 삼척시 미로면
32070350,5123035000,32070,51230,32,51,가곡면,Gagok-myeon,삼척시,강원특별자치도,강원특별자치도 삼척시 가곡면
32070360,5123036000,32070,51230,32,51,신기면,Singi-myeon,삼척시,강원특별자치도,강원특별자치도 삼척시 신기면
32070510,5123051000,32070,51230,32,51,남양동,Namyang-dong,삼척시,강원특별자치도,강원특별자치도 삼척시 남양동
32070520,5123057000,32070,51230,32,51,성내동,Seongnae-dong,삼척시,강원특별자치도,강원특별자치도 삼척시 성내동
32070530,5123053000,32070,51230,32,51,교동,Gyo-dong,삼척시,강원특별자치도,강원특별자치도 삼척시 교동
32070540,5123054000,32070,51230,32,51,정라동,Jeongna-dong,삼척시,강원특별자치도,강원특별자치도 삼척시 정라동
32510110,5172025000,32510,51720,32,51,홍천읍,Hongcheon-eup,홍천군,강원특별자치도,강원특별자치도 홍천군 홍천읍
32510310,5172031000,32510,51720,32,51,화촌면,Hwachon-myeon,홍천군,강원특별자치도,강원특별자치도 홍천군 화촌면
32510320,5172032000,32510,51720,32,51,두촌면,Duchon-myeon,홍천군,강원특별자치도,강원특별자치도 홍천군 두촌면
32510330,5172033000,32510,51720,32,51,내촌면,Naechon-myeon,홍천군,강원특별자치도,강원특별자치도 홍천군 내촌면
32510340,5172034000,32510,51720,32,51,서석면,Seoseok-myeon,홍천군,강원특별자치도,강원특별자치도 홍천군 서석면
32510360,5172036000,32510,51720,32,51,남면,Nam-myeon,홍천군,강원특별자치도,강원특별자치도 홍천군 남면
32510370,5172037000,32510,51720,32,51,서면,Seo-myeon,홍천군,강원특별자치도,강원특별자치도 홍천군 서면
32510380,5172038000,32510,51720,32,51,북방면,Bukbang-myeon,홍천군,강원특별자치도,강원특별자치도 홍천군 북방면
32510390,5172039000,32510,51720,32,51,내면,Nae-myeon,홍천군,강원특별자치도,강원특별자치도 홍천군 내면
32510400,5172035200,32510,51720,32,51,영귀미면,Yeonggwimi-myeon,홍천군,강원특별자치도,강원특별자치도 홍천군 영귀미면
32520110,5173025000,32520,51730,32,51,횡성읍,Hoengseong-eup,횡성군,강원특별자치도,강원특별자치도 횡성군 횡성읍
32520310,5173031000,32520,51730,32,51,우천면,Ucheon-myeon,횡성군,강원특별자치도,강원특별자치도 횡성군 우천면
32520320,5173032000,32520,51730,32,51,안흥면,Anheung-myeon,횡성군,강원특별자치도,강원특별자치도 횡성군 안흥면
32520330,5173033000,32520,51730,32,51,둔내면,Dunnae-myeon,횡성군,강원특별자치도,강원특별자치도 횡성군 둔내면
32520340,5173034000,32520,51730,32,51,갑천면,Gapcheon-myeon,횡성군,강원특별자치도,강원특별자치도 횡성군 갑천면
32520350,5173035000,32520,51730,32,51,청일면,Cheongil-myeon,횡성군,강원특별자치도,강원특별자치도 횡성군 청일면
32520360,5173036000,32520,51730,32,51,공근면,Gonggeun-myeon,횡성군,강원특별자치도,강원특별자치도 횡성군 공근면
32520370,5173037000,32520,51730,32,51,서원면,Seowon-myeon,횡성군,강원특별자치도,강원특별자치도 횡성군 서원면
32520380,5173038000,32520,51730,32,51,강림면,Gangnim-myeon,횡성군,강원특별자치도,강원특별자치도 횡성군 강림면
32530110,5175025000,32530,51750,32,51,영월읍,Yeongwol-eup,영월군,강원특별자치도,강원특별자치도 영월군 영월읍
32530120,5175025300,32530,51750,32,51,상동읍,Sangdong-eup,영월군,강원특별자치도,강원특별자치도 영월군 상동읍
32530330,5175033000,32530,51750,32,51,북면,Buk-myeon,영월군,강원특별자치도,강원특별자치도 영월군 북면
32530340,5175034000,32530,51750,32,51,남면,Nam-myeon,영월군,강원특별자치도,강원특별자치도 영월군 남면
32530360,5175036000,32530,51750,32,51,주천면,Jucheon-myeon,영월군,강원특별자치도,강원특별자치도 영월군 주천면
32530380,5175032500,32530,51750,32,51,김삿갓면,Gimsatgat-myeon,영월군,강원특별자치도,강원특별자치도 영월군 김삿갓면
32530390,5175035500,32530,51750,32,51,한반도면,Hanbando-myeon,영월군,강원특별자치도,강원특별자치도 영월군 한반도면
32530400,5175038000,32530,51750,32,51,무릉도원면,Mureungdowon-myeon,영월군,강원특별자치도,강원특별자치도 영월군 무릉도원면
32530410,5175031200,32530,51750,32,51,산솔면,Sansol-myeon,영월군,강원특별자치도,강원특별자치도 영월군 산솔면
32540110,5176025000,32540,51760,32,51,평창읍,Pyeongchang-eup,평창군,강원특별자치도,강원특별자치도 평창군 평창읍
32540310,5176031000,32540,51760,32,51,미탄면,Mitan-myeon,평창군,강원특별자치도,강원특별자치도 평창군 미탄면
32540320,5176032000,32540,51760,32,51,방림면,Bangnim-myeon,평창군,강원특별자치도,강원특별자치도 평창군 방림면
32540330,5176033000,32540,51760,32,51,대화면,Daehwa-myeon,평창군,강원특별자치도,강원특별자치도 평창군 대화면
32540340,5176034000,32540,51760,32,51,봉평면,Bongpyeong-myeon,평창군,강원특별자치도,강원특별자치도 평창군 봉평면
32540350,5176035000,32540,51760,32,51,용평면,Yongpyeong-myeon,평창군,강원특별자치도,강원특별자치도 평창군 용평면
32540360,5176036000,32540,51760,32,51,진부면,Jinbu-myeon,평창군,강원특별자치도,강원특별자치도 평창군 진부면
32540370,5176038000,32540,51760,32,51,대관령면,Daegwallyeong-myeon,평창군,강원특별자치도,강원특별자치도 평창군 대관령면
32550110,5177025000,32550,51770,32,51,정선읍,Jeongseon-eup,정선군,강원특별자치도,강원특별자치도 정선군 정선읍
32550120,5177025300,32550,51770,32,51,고한읍,Gohan-eup,정선군,강원특별자치도,강원특별자치도 정선군 고한읍
32550130,5177025600,32550,51770,32,51,사북읍,Sabuk-eup,정선군,강원특별자치도,강원특별자치도 정선군 사북읍
32550140,5177025900,32550,51770,32,51,신동읍,Sindong-eup,정선군,강원특별자치도,강원특별자치도 정선군 신동읍
32550320,5177032000,32550,51770,32,51,남면,Nam-myeon,정선군,강원특별자치도,강원특별자치도 정선군 남면
32550340,5177034000,32550,51770,32,51,북평면,Bukpyeong-myeon,정선군,강원특별자치도,강원특별자치도 정선군 북평면
32550350,5177035000,32550,51770,32,51,임계면,Imgye-myeon,정선군,강원특별자치도,강원특별자치도 정선군 임계면
32550360,5177036000,32550,51770,32,51,화암면,Hwaam-myeon,정선군,강원특별자치도,강원특별자치도 정선군 화암면
32550370,5177037000,32550,51770,32,51,여량면,Yeoryang-myeon,정선군,강원특별자치도,강원특별자치도 정선군 여량면
32560110,5178025000,32560,51780,32,51,철원읍,Cheorwon-eup,철원군,강원특별자치도,강원특별자치도 철원군 철원읍
32560120,5178025300,32560,51780,32,51,김화읍,Gimhwa-eup,철원군,강원특별자치도,강원특별자치도 철원군 김화읍
32560130,5178025600,32560,51780,32,51,갈말읍,Galmal-eup,철원군,강원특별자치도,강원특별자치도 철원군 갈말읍
32560140,5178025900,32560,51780,32,51,동송읍,Dongsong-eup,철원군,강원특별자치도,강원특별자치도 철원군 동송읍
32560210,5178033000,32560,51780,32,51,근북면,Geunbuk-myeon,철원군,강원특별자치도,강원특별자치도 철원군 근북면
32560310,5178031000,32560,51780,32,51,서면,Seo-myeon,철원군,강원특별자치도,강원특별자치도 철원군 서면
32560320,5178032000,32560,51780,32,51,근남면,Geunnam-myeon,철원군,강원특별자치도,강원특별자치도 철원군 근남면
32570110,5179025000,32570,51790,32,51,화천읍,Hwacheon-eup,화천군,강원특별자치도,강원특별자치도 화천군 화천읍
32570310,5179031000,32570,51790,32,51,간동면,Gandong-myeon,화천군,강원특별자치도,강원특별자치도 화천군 간동면
32570320,5179032000,32570,51790,32,51,하남면,Hanam-myeon,화천군,강원특별자치도,강원특별자치도 화천군 하남면
32570330,5179033000,32570,51790,32,51,상서면,Sangseo-myeon,화천군,강원특별자치도,강원특별자치도 화천군 상서면
32570340,5179034000,32570,51790,32,51,사내면,Sanae-myeon,화천군,강원특별자치도,강원특별자치도 화천군 사내면
32580110,5180025000,32580,51800,32,51,양구읍,Yanggu-eup,양구군,강원특별자치도,강원특별자치도 양구군 양구읍
32580320,5180032000,32580,51800,32,51,동면,Dong-myeon,양구군,강원특별자치도,강원특별자치도 양구군 동면
32580330,5180033000,32580,51800,32,51,방산면,Bangsan-myeon,양구군,강원특별자치도,강원특별자치도 양구군 방산면
32580340,5180034000,32580,51800,32,51,해안면,Haean-myeon,양구군,강원특별자치도,강원특별자치도 양구군 해안면
32580350,5180031500,32580,51800,32,51,국토정중앙면,Guktojeongjungang-myeon,양구군,강원특별자치도,강원특별자치도 양구군 국토정중앙면
32590110,5181025000,32590,51810,32,51,인제읍,Inje-eup,인제군,강원특별자치도,강원특별자치도 인제군 인제읍
32590310,5181031000,32590,51810,32,51,남면,Nam-myeon,인제군,강원특별자치도,강원특별자치도 인제군 남면
32590320,5181032000,32590,51810,32,51,북면,Buk-myeon,인제군,강원특별자치도,강원특별자치도 인제군 북면
32590330,5181033000,32590,51810,32,51,기린면,Girin-myeon,인제군,강원특별자치도,강원특별자치도 인제군 기린면
32590340,5181034000,32590,51810,32,51,서화면,Seohwa-myeon,인제군,강원특별자치도,강원특별자치도 인제군 서화면
32590350,5181035000,32590,51810,32,51,상남면,Sangnam-myeon,인제군,강원특별자치도,강원특별자치도 인제군 상남면
32600110,5182025000,32600,51820,32,51,간성읍,Ganseong-eup,고성군,강원특별자치도,강원특별자치도 고성군 간성읍
32600120,5182025300,32600,51820,32,51,거진읍,Geojin-eup,고성군,강원특별자치도,강원특별자치도 고성군 거진읍
32600310,5182031000,32600,51820,32,51,현내면,Hyeonnae-myeon,고성군,강원특별자치도,강원특별자치도 고성군 현내면
32600320,5182032000,32600,51820,32,51,죽왕면,Jugwang-myeon,고성군,강원특별자치도,강원특별자치도 고성군 죽왕면
32600330,5182033000,32600,51820,32,51,토성면,Toseong-myeon,고성군,강원특별자치도,강원특별자치도 고성군 토성면
32610110,5183025000,32610,51830,32,51,양양읍,Yangyang-eup,양양군,강원특별자치도,강원특별자치도 양양군 양양읍
32610310,5183031000,32610,51830,32,51,서면,Seo-myeon,양양군,강원특별자치도,강원특별자치도 양양군 서면
32610320,5183032000,32610,51830,32,51,손양면,Sonyang-myeon,양양군,강원특별자치도,강원특별자치도 양양군 손양면
32610330,5183033000,32610,51830,32,51,현북면,Hyeonbuk-myeon,양양군,강원특별자치도,강원특별자치도 양양군 현북면
32610340,5183034000,32610,51830,32,51,현남면,Hyeonnam-myeon,양양군,강원특별자치도,강원특별자치도 양양군 현남면
32610350,5183035000,32610,51830,32,51,강현면,Ganghyeon-myeon,양양군,강원특별자치도,강원특별자치도 양양군 강현면
33020110,4313025000,33020,43130,33,43,주덕읍,Judeok-eup,충주시,충청북도,충청북도 충주시 주덕읍
33020310,4313031000,33020,43130,33,43,살미면,Salmi-myeon,충주시,충청북도,충청북도 충주시 살미면
33020320,4313032500,33020,43130,33,43,수안보면,Suanbo-myeon,충주시,충청북도,충청북도 충주시 수안보면
33020340,4313035000,33020,43130,33,43,신니면,Sinni-myeon,충주시,충청북도,충청북도 충주시 신니면
33020350,4313036000,33020,43130,33,43,노은면,Noeun-myeon,충주시,충청북도,충청북도 충주시 노은면
33020360,4313037000,33020,43130,33,43,앙성면,Angseong-myeon,충주시,충청북도,충청북도 충주시 앙성면
33020380,4313039000,33020,43130,33,43,금가면,Geumga-myeon,충주시,충청북도,충청북도 충주시 금가면
33020390,4313040000,33020,43130,33,43,동량면,Dongnyang-myeon,충주시,충청북도,충청북도 충주시 동량면
33020400,4313041000,33020,43130,33,43,산척면,Sancheok-myeon,충주시,충청북도,충청북도 충주시 산척면
33020410,4313042000,33020,43130,33,43,엄정면,Eomjeong-myeon,충주시,충청북도,충청북도 충주시 엄정면
33020420,4313043000,33020,43130,33,43,소태면,Sotae-myeon,충주시,충청북도,충청북도 충주시 소태면
33020430,4313033500,33020,43130,33,43,대소원면,Daesowon-myeon,충주시,충청북도,충청북도 충주시 대소원면
33020440,4313038500,33020,43130,33,43,중앙탑면,Jungangtap-myeon,충주시,충청북도,충청북도 충주시 중앙탑면
33020510,4313051500,33020,43130,33,43,성내·충인동,Seongnae·chungin-dong,충주시,충청북도,충청북도 충주시 성내·충인동
33020530,4313053500,33020,43130,33,43,교현·안림동,Gyohyeon·allim-dong,충주시,충청북도,충청북도 충주시 교현·안림동
33020540,4313054000,33020,43130,33,43,교현2동,Gyohyeon2-dong,충주시,충청북도,충청북도 충주시 교현2동
33020550,4313055000,33020,43130,33,43,용산동,Yongsan-dong,충주시,충청북도,충청북도 충주시 용산동
33020560,4313056000,33020,43130,33,43,지현동,Jihyeon-dong,충주시,충청북도,충청북도 충주시 지현동
33020570,4313057100,33020,43130,33,43,문화동,Munhwa-dong,충주시,충청북도,충청북도 충주시 문화동
33020580,4313058000,33020,43130,33,43,호암·직동,Hoam·jik-dong,충주시,충청북도,충청북도 충주시 호암·직동
33020600,4313060500,33020,43130,33,43,달천동,Dalcheon-dong,충주시,충청북도,충청북도 충주시 달천동
33020610,4313061000,33020,43130,33,43,봉방동,Bongbang-dong,충주시,충청북도,충청북도 충주시 봉방동
33020620,4313062500,33020,43130,33,43,칠금·금릉동,Chilgeum·geumneung-dong,충주시,충청북도,충청북도 충주시 칠금·금릉동
33020630,4313063000,33020,43130,33,43,연수동,Yeonsu-dong,충주시,충청북도,충청북도 충주시 연수동
33020640,4313064000,33020,43130,33,43,목행·용탄동,Mokaeng·yongtan-dong,충주시,충청북도,충청북도 충주시 목행·용탄동
33030110,4315025000,33030,43150,33,43,봉양읍,Bongyang-eup,제천시,충청북도,충청북도 제천시 봉양읍
33030310,4315031000,33030,43150,33,43,금성면,Geumseong-myeon,제천시,충청북도,충청북도 제천시 금성면
33030320,4315032000,33030,43150,33,43,청풍면,Cheongpung-myeon,제천시,충청북도,충청북도 제천시 청풍면
33030330,4315033000,33030,43150,33,43,수산면,Susan-myeon,제천시,충청북도,충청북도 제천시 수산면
33030340,4315034000,33030,43150,33,43,덕산면,Deoksan-myeon,제천시,충청북도,충청북도 제천시 덕산면
33030350,4315035000,33030,43150,33,43,한수면,Hansu-myeon,제천시,충청북도,충청북도 제천시 한수면
33030360,4315036000,33030,43150,33,43,백운면,Baegun-myeon,제천시,충청북도,충청북도 제천시 백운면
33030370,4315038000,33030,43150,33,43,송학면,Songhak-myeon,제천시,충청북도,충청북도 제천시 송학면
33030510,4315051000,33030,43150,33,43,교동,Gyo-dong,제천시,충청북도,충청북도 제천시 교동
33030560,4315056000,33030,43150,33,43,용두동,Yongdu-dong,제천시,충청북도,충청북도 제천시 용두동
33030590,4315059000,33030,43150,33,43,청전동,Cheongjeon-dong,제천시,충청북도,충청북도 제천시 청전동
33030600,4315060500,33030,43150,33,43,화산동,Hwasan-dong,제천시,충청북도,충청북도 제천시 화산동
33030700,4315053700,33030,43150,33,43,남현동,Namhyeon-dong,제천시,충청북도,충청북도 제천시 남현동
33030710,4315054700,33030,43150,33,43,영서동,Yeongseo-dong,제천시,충청북도,충청북도 제천시 영서동
33030720,4315057700,33030,43150,33,43,신백동,Sinbaek-dong,제천시,충청북도,충청북도 제천시 신백동
33030730,4315051800,33030,43150,33,43,의림지동,Uirimji-dong,제천시,충청북도,충청북도 제천시 의림지동
33030740,4315052800,33030,43150,33,43,중앙동,Jungang-dong,제천시,충청북도,충청북도 제천시 중앙동
33041310,4311131000,33041,43111,33,43,낭성면,Nangseong-myeon,청주시상당구,충청북도,충청북도 청주시상당구 낭성면
33041320,4311132000,33041,43111,33,43,미원면,Miwon-myeon,청주시상당구,충청북도,충청북도 청주시상당구 미원면
33041330,4311133000,33041,43111,33,43,가덕면,Gadeok-myeon,청주시상당구,충청북도,충청북도 청주시상당구 가덕면
33041340,4311134000,33041,43111,33,43,남일면,Namil-myeon,청주시상당구,충청북도,충청북도 청주시상당구 남일면
33041350,4311135000,33041,43111,33,43,문의면,Munui-myeon,청주시상당구,충청북도,충청북도 청주시상당구 문의면
33041510,4311152500,33041,43111,33,43,중앙동,Jungang-dong,청주시상당구,충청북도,충청북도 청주시상당구 중앙동
33041520,4311154500,33041,43111,33,43,성안동,Seongan-dong,청주시상당구,충청북도,충청북도 청주시상당구 성안동
33041530,4311162000,33041,43111,33,43,탑·대성동,Tap·daeseong-dong,청주시상당구,충청북도,충청북도 청주시상당구 탑·대성동
33041540,4311167000,33041,43111,33,43,영운동,Yeongun-dong,청주시상당구,충청북도,충청북도 청주시상당구 영운동
33041550,4311168000,33041,43111,33,43,금천동,Geumcheon-dong,청주시상당구,충청북도,충청북도 청주시상당구 금천동
33041560,4311169000,33041,43111,33,43,용담·명암·산성동,Yongdam·myeongam·sanseong-dong,청주시상당구,충청북도,충청북도 청주시상당구 용담·명암·산성동
33041570,4311172000,33041,43111,33,43,용암1동,Yongam1-dong,청주시상당구,충청북도,충청북도 청주시상당구 용암1동
33041580,4311173000,33041,43111,33,43,용암2동,Yongam2-dong,청주시상당구,충청북도,충청북도 청주시상당구 용암2동
33042310,4311231000,33042,43112,33,43,남이면,Nami-myeon,청주시서원구,충청북도,충청북도 청주시서원구 남이면
33042320,4311232000,33042,43112,33,43,현도면,Hyeondo-myeon,청주시서원구,충청북도,충청북도 청주시서원구 현도면
33042510,4311251000,33042,43112,33,43,사직1동,Sajik1-dong,청주시서원구,충청북도,충청북도 청주시서원구 사직1동
33042520,4311252000,33042,43112,33,43,사직2동,Sajik2-dong,청주시서원구,충청북도,충청북도 청주시서원구 사직2동
33042530,4311253000,33042,43112,33,43,사창동,Sachang-dong,청주시서원구,충청북도,충청북도 청주시서원구 사창동
33042540,4311254000,33042,43112,33,43,모충동,Mochung-dong,청주시서원구,충청북도,충청북도 청주시서원구 모충동
33042550,4311255000,33042,43112,33,43,산남동,Sannam-dong,청주시서원구,충청북도,충청북도 청주시서원구 산남동
33042560,4311256000,33042,43112,33,43,분평동,Bunpyeong-dong,청주시서원구,충청북도,충청북도 청주시서원구 분평동
33042570,4311257000,33042,43112,33,43,수곡1동,Sugok1-dong,청주시서원구,충청북도,충청북도 청주시서원구 수곡1동
33042580,4311258000,33042,43112,33,43,수곡2동,Sugok2-dong,청주시서원구,충청북도,충청북도 청주시서원구 수곡2동
33042590,4311259000,33042,43112,33,43,성화·개신·죽림동,Seonghwa·gaesin·jungnim-dong,청주시서원구,충청북도,충청북도 청주시서원구 성화·개신·죽림동
33043110,4311325000,33043,43113,33,43,오송읍,Osong-eup,청주시흥덕구,충청북도,충청북도 청주시흥덕구 오송읍
33043310,4311331000,33043,43113,33,43,강내면,Gangnae-myeon,청주시흥덕구,충청북도,충청북도 청주시흥덕구 강내면
33043320,4311332000,33043,43113,33,43,옥산면,Oksan-myeon,청주시흥덕구,충청북도,충청북도 청주시흥덕구 옥산면
33043510,4311370000,33043,43113,33,43,운천·신봉동,Uncheon·sinbong-dong,청주시흥덕구,충청북도,충청북도 청주시흥덕구 운천·신봉동
33043520,4311374100,33043,43113,33,43,복대1동,Bokdae1-dong,청주시흥덕구,충청북도,충청북도 청주시흥덕구 복대1동
33043530,4311374200,33043,43113,33,43,복대2동,Bokdae2-dong,청주시흥덕구,충청북도,충청북도 청주시흥덕구 복대2동
33043540,4311374700,33043,43113,33,43,가경동,Gagyeong-dong,청주시흥덕구,충청북도,충청북도 청주시흥덕구 가경동
33043550,4311375100,33043,43113,33,43,봉명1동,Bongmyeong1-dong,청주시흥덕구,충청북도,충청북도 청주시흥덕구 봉명1동
33043560,4311375600,33043,43113,33,43,봉명2·송정동,Bongmyeong2·songjeong-dong,청주시흥덕구,충청북도,충청북도 청주시흥덕구 봉명2·송정동
33043570,4311376000,33043,43113,33,43,강서1동,Gangseo1-dong,청주시흥덕구,충청북도,충청북도 청주시흥덕구 강서1동
33043580,4311377000,33043,43113,33,43,강서2동,Gangseo2-dong,청주시흥덕구,충청북도,충청북도 청주시흥덕구 강서2동
33044110,4311425000,33044,43114,33,43,내수읍,Naesu-eup,청주시청원구,충청북도,충청북도 청주시청원구 내수읍
33044120,4311425300,33044,43114,33,43,오창읍,Ochang-eup,청주시청원구,충청북도,충청북도 청주시청원구 오창읍
33044310,4311431000,33044,43114,33,43,북이면,Bugi-myeon,청주시청원구,충청북도,충청북도 청주시청원구 북이면
33044510,4311455000,33044,43114,33,43,오근장동,Ogeunjang-dong,청주시청원구,충청북도,충청북도 청주시청원구 오근장동
33044520,4311451000,33044,43114,33,43,우암동,Uam-dong,청주시청원구,충청북도,충청북도 청주시청원구 우암동
33044530,4311452000,33044,43114,33,43,내덕1동,Naedeok1-dong,청주시청원구,충청북도,충청북도 청주시청원구 내덕1동
33044540,4311453000,33044,43114,33,43,내덕2동,Naedeok2-dong,청주시청원구,충청북도,충청북도 청주시청원구 내덕2동
33044550,4311454000,33044,43114,33,43,율량·사천동,Yullyang·sacheon-dong,청주시청원구,충청북도,충청북도 청주시청원구 율량·사천동
33520110,4372025000,33520,43720,33,43,보은읍,Boeun-eup,보은군,충청북도,충청북도 보은군 보은읍
33520310,4372031500,33520,43720,33,43,속리산면,Songnisan-myeon,보은군,충청북도,충청북도 보은군 속리산면
33520320,4372032500,33520,43720,33,43,장안면,Jangan-myeon,보은군,충청북도,충청북도 보은군 장안면
33520330,4372033000,33520,43720,33,43,마로면,Maro-myeon,보은군,충청북도,충청북도 보은군 마로면
33520340,4372034000,33520,43720,33,43,탄부면,Tanbu-myeon,보은군,충청북도,충청북도 보은군 탄부면
33520350,4372035000,33520,43720,33,43,삼승면,Samseung-myeon,보은군,충청북도,충청북도 보은군 삼승면
33520360,4372036000,33520,43720,33,43,수한면,Suhan-myeon,보은군,충청북도,충청북도 보은군 수한면
33520370,4372037000,33520,43720,33,43,회남면,Hoenam-myeon,보은군,충청북도,충청북도 보은군 회남면
33520380,4372038500,33520,43720,33,43,회인면,Hoein-myeon,보은군,충청북도,충청북도 보은군 회인면
33520390,4372039000,33520,43720,33,43,내북면,Naebuk-myeon,보은군,충청북도,충청북도 보은군 내북면
33520400,4372040000,33520,43720,33,43,산외면,Sanoe-myeon,보은군,충청북도,충청북도 보은군 산외면
33530110,4373025000,33530,43730,33,43,옥천읍,Okcheon-eup,옥천군,충청북도,충청북도 옥천군 옥천읍
33530310,4373031000,33530,43730,33,43,동이면,Dongi-myeon,옥천군,충청북도,충청북도 옥천군 동이면
33530320,4373032000,33530,43730,33,43,안남면,Annam-myeon,옥천군,충청북도,충청북도 옥천군 안남면
33530330,4373033000,33530,43730,33,43,안내면,Annae-myeon,옥천군,충청북도,충청북도 옥천군 안내면
33530340,4373034000,33530,43730,33,43,청성면,Cheongseong-myeon,옥천군,충청북도,충청북도 옥천군 청성면
33530350,4373035000,33530,43730,33,43,청산면,Cheongsan-myeon,옥천군,충청북도,충청북도 옥천군 청산면
33530360,4373036000,33530,43730,33,43,이원면,Iwon-myeon,옥천군,충청북도,충청북도 옥천군 이원면
33530370,4373037000,33530,43730,33,43,군서면,Gunseo-myeon,옥천군,충청북도,충청북도 옥천군 군서면
33530380,4373038000,33530,43730,33,43,군북면,Gunbuk-myeon,옥천군,충청북도,충청북도 옥천군 군북면
33540110,4374025000,33540,43740,33,43,영동읍,Yeongdong-eup,영동군,충청북도,충청북도 영동군 영동읍
33540310,4374031000,33540,43740,33,43,용산면,Yongsan-myeon,영동군,충청북도,충청북도 영동군 용산면
33540320,4374032000,33540,43740,33,43,황간면,Hwanggan-myeon,영동군,충청북도,충청북도 영동군 황간면
33540330,4374033500,33540,43740,33,43,추풍령면,Chupungnyeong-myeon,영동군,충청북도,충청북도 영동군 추풍령면
33540340,4374034000,33540,43740,33,43,매곡면,Maegok-myeon,영동군,충청북도,충청북도 영동군 매곡면
33540350,4374035000,33540,43740,33,43,상촌면,Sangchon-myeon,영동군,충청북도,충청북도 영동군 상촌면
33540360,4374036000,33540,43740,33,43,양강면,Yanggang-myeon,영동군,충청북도,충청북도 영동군 양강면
33540370,4374037000,33540,43740,33,43,용화면,Yonghwa-myeon,영동군,충청북도,충청북도 영동군 용화면
33540380,4374038000,33540,43740,33,43,학산면,Haksan-myeon,영동군,충청북도,충청북도 영동군 학산면
33540390,4374039000,33540,43740,33,43,양산면,Yangsan-myeon,영동군,충청북도,충청북도 영동군 양산면
33540400,4374040000,33540,43740,33,43,심천면,Simcheon-myeon,영동군,충청북도,충청북도 영동군 심천면
33550110,4375025000,33550,43750,33,43,진천읍,Jincheon-eup,진천군,충청북도,충청북도 진천군 진천읍
33550120,4375025300,33550,43750,33,43,덕산읍,Deoksan-eup,진천군,충청북도,충청북도 진천군 덕산읍
33550320,4375032000,33550,43750,33,43,초평면,Chopyeong-myeon,진천군,충청북도,충청북도 진천군 초평면
33550330,4375033000,33550,43750,33,43,문백면,Munbaek-myeon,진천군,충청북도,충청북도 진천군 문백면
33550340,4375034000,33550,43750,33,43,백곡면,Baekgok-myeon,진천군,충청북도,충청북도 진천군 백곡면
33550350,4375035000,33550,43750,33,43,이월면,Iwol-myeon,진천군,충청북도,충청북도 진천군 이월면
33550360,4375037000,33550,43750,33,43,광혜원면,Gwanghyewon-myeon,진천군,충청북도,충청북도 진천군 광혜원면
33560110,4376025000,33560,43760,33,43,괴산읍,Goesan-eup,괴산군,충청북도,충청북도 괴산군 괴산읍
33560310,4376031000,33560,43760,33,43,감물면,Gammul-myeon,괴산군,충청북도,충청북도 괴산군 감물면
33560320,4376032000,33560,43760,33,43,장연면,Jangyeon-myeon,괴산군,충청북도,충청북도 괴산군 장연면
33560330,4376033000,33560,43760,33,43,연풍면,Yeonpung-myeon,괴산군,충청북도,충청북도 괴산군 연풍면
33560340,4376034000,33560,43760,33,43,칠성면,Chilseong-myeon,괴산군,충청북도,충청북도 괴산군 칠성면
33560350,4376035000,33560,43760,33,43,문광면,Mungwang-myeon,괴산군,충청북도,충청북도 괴산군 문광면
33560360,4376036000,33560,43760,33,43,청천면,Cheongcheon-myeon,괴산군,충청북도,충청북도 괴산군 청천면
33560370,4376037000,33560,43760,33,43,청안면,Cheongan-myeon,괴산군,충청북도,충청북도 괴산군 청안면
33560380,4376039000,33560,43760,33,43,사리면,Sari-myeon,괴산군,충청북도,충청북도 괴산군 사리면
33560390,4376040000,33560,43760,33,43,소수면,Sosu-myeon,괴산군,충청북도,충청북도 괴산군 소수면
33560400,4376041000,33560,43760,33,43,불정면,Buljeong-myeon,괴산군,충청북도,충청북도 괴산군 불정면
33570110,4377025000,33570,43770,33,43,음성읍,Eumseong-eup,음성군,충청북도,충청북도 음성군 음성읍
33570120,4377025300,33570,43770,33,43,금왕읍,Geumwang-eup,음성군,충청북도,충청북도 음성군 금왕읍
33570121,4377025600,33570,43770,33,43,대소읍,Daeso-eup,음성군,충청북도,충청북도 음성군 대소읍
33570310,4377031000,33570,43770,33,43,소이면,Soi-myeon,음성군,충청북도,충청북도 음성군 소이면
33570320,4377032000,33570,43770,33,43,원남면,Wonnam-myeon,음성군,충청북도,충청북도 음성군 원남면
33570330,4377033000,33570,43770,33,43,맹동면,Maengdong-myeon,음성군,충청북도,충청북도 음성군 맹동면
33570350,4377035000,33570,43770,33,43,삼성면,Samseong-myeon,음성군,충청북도,충청북도 음성군 삼성면
33570360,4377036000,33570,43770,33,43,생극면,Saenggeuk-myeon,음성군,충청북도,충청북도 음성군 생극면
33570370,4377037000,33570,43770,33,43,감곡면,Gamgok-myeon,음성군,충청북도,충청북도 음성군 감곡면
33580110,4380025000,33580,43800,33,43,단양읍,Danyang-eup,단양군,충청북도,충청북도 단양군 단양읍
33580120,4380025300,33580,43800,33,43,매포읍,Maepo-eup,단양군,충청북도,충청북도 단양군 매포읍
33580310,4380036000,33580,43800,33,43,단성면,Danseong-myeon,단양군,충청북도,충청북도 단양군 단성면
33580320,4380031000,33580,43800,33,43,대강면,Daegang-myeon,단양군,충청북도,충청북도 단양군 대강면
33580330,4380032000,33580,43800,33,43,가곡면,Gagok-myeon,단양군,충청북도,충청북도 단양군 가곡면
33580340,4380033000,33580,43800,33,43,영춘면,Yeongchun-myeon,단양군,충청북도,충청북도 단양군 영춘면
33580350,4380034000,33580,43800,33,43,어상천면,Eosangcheon-myeon,단양군,충청북도,충청북도 단양군 어상천면
33580360,4380035000,33580,43800,33,43,적성면,Jeokseong-myeon,단양군,충청북도,충청북도 단양군 적성면
33590140,4374525000,33590,43745,33,43,증평읍,Jeungpyeong-eup,증평군,충청북도,충청북도 증평군 증평읍
33590310,4374531000,33590,43745,33,43,도안면,Doan-myeon,증평군,충청북도,충청북도 증평군 도안면
34011110,4413125000,34011,44131,34,44,목천읍,Mokcheon-eup,천안시동남구,충청남도,충청남도 천안시동남구 목천읍
34011310,4413131000,34011,44131,34,44,풍세면,Pungse-myeon,천안시동남구,충청남도,충청남도 천안시동남구 풍세면
34011320,4413132000,34011,44131,34,44,광덕면,Gwangdeok-myeon,천안시동남구,충청남도,충청남도 천안시동남구 광덕면
34011330,4413133000,34011,44131,34,44,북면,Buk-myeon,천안시동남구,충청남도,충청남도 천안시동남구 북면
34011340,4413134000,34011,44131,34,44,성남면,Seongnam-myeon,천안시동남구,충청남도,충청남도 천안시동남구 성남면
34011350,4413135000,34011,44131,34,44,수신면,Susin-myeon,천안시동남구,충청남도,충청남도 천안시동남구 수신면
34011360,4413136000,34011,44131,34,44,병천면,Byeongcheon-myeon,천안시동남구,충청남도,충청남도 천안시동남구 병천면
34011370,4413137000,34011,44131,34,44,동면,Dong-myeon,천안시동남구,충청남도,충청남도 천안시동남구 동면
34011510,4413151000,34011,44131,34,44,중앙동,Jungang-dong,천안시동남구,충청남도,충청남도 천안시동남구 중앙동
34011520,4413152000,34011,44131,34,44,문성동,Munseong-dong,천안시동남구,충청남도,충청남도 천안시동남구 문성동
34011530,4413153000,34011,44131,34,44,원성1동,Wonseong1-dong,천안시동남구,충청남도,충청남도 천안시동남구 원성1동
34011540,4413154000,34011,44131,34,44,원성2동,Wonseong2-dong,천안시동남구,충청남도,충청남도 천안시동남구 원성2동
34011550,4413155000,34011,44131,34,44,봉명동,Bongmyeong-dong,천안시동남구,충청남도,충청남도 천안시동남구 봉명동
34011560,4413156000,34011,44131,34,44,일봉동,Ilbong-dong,천안시동남구,충청남도,충청남도 천안시동남구 일봉동
34011570,4413157000,34011,44131,34,44,신방동,Sinbang-dong,천안시동남구,충청남도,충청남도 천안시동남구 신방동
34011580,4413158000,34011,44131,34,44,청룡동,Cheongnyong-dong,천안시동남구,충청남도,충청남도 천안시동남구 청룡동
34011590,4413159000,34011,44131,34,44,신안동,Sinan-dong,천안시동남구,충청남도,충청남도 천안시동남구 신안동
34012110,4413325000,34012,44133,34,44,성환읍,Seonghwan-eup,천안시서북구,충청남도,충청남도 천안시서북구 성환읍
34012120,4413325300,34012,44133,34,44,성거읍,Seonggeo-eup,천안시서북구,충청남도,충청남도 천안시서북구 성거읍
34012130,4413325600,34012,44133,34,44,직산읍,Jiksan-eup,천안시서북구,충청남도,충청남도 천안시서북구 직산읍
34012310,4413331000,34012,44133,34,44,입장면,Ipjang-myeon,천안시서북구,충청남도,충청남도 천안시서북구 입장면
34012510,4413351000,34012,44133,34,44,성정1동,Seongjeong1-dong,천안시서북구,충청남도,충청남도 천안시서북구 성정1동
34012520,4413352000,34012,44133,34,44,성정2동,Seongjeong2-dong,천안시서북구,충청남도,충청남도 천안시서북구 성정2동
34012530,4413353000,34012,44133,34,44,쌍용1동,Ssangyong1-dong,천안시서북구,충청남도,충청남도 천안시서북구 쌍용1동
34012540,4413354000,34012,44133,34,44,쌍용2동,Ssangyong2-dong,천안시서북구,충청남도,충청남도 천안시서북구 쌍용2동
34012550,4413355000,34012,44133,34,44,쌍용3동,Ssangyong3-dong,천안시서북구,충청남도,충청남도 천안시서북구 쌍용3동
34012580,4413356000,34012,44133,34,44,백석동,Baekseok-dong,천안시서북구,충청남도,충청남도 천안시서북구 백석동
34012600,4413358000,34012,44133,34,44,부성1동,Buseong1-dong,천안시서북구,충청남도,충청남도 천안시서북구 부성1동
34012610,4413359000,34012,44133,34,44,부성2동,Buseong2-dong,천안시서북구,충청남도,충청남도 천안시서북구 부성2동
34012620,4413356600,34012,44133,34,44,불당1동,Buldang1-dong,천안시서북구,충청남도,충청남도 천안시서북구 불당1동
34012630,4413356700,34012,44133,34,44,불당2동,Buldang2-dong,천안시서북구,충청남도,충청남도 천안시서북구 불당2동
34020110,4415025000,34020,44150,34,44,유구읍,Yugu-eup,공주시,충청남도,충청남도 공주시 유구읍
34020310,4415031000,34020,44150,34,44,이인면,Iin-myeon,공주시,충청남도,충청남도 공주시 이인면
34020320,4415032000,34020,44150,34,44,탄천면,Tancheon-myeon,공주시,충청남도,충청남도 공주시 탄천면
34020330,4415033000,34020,44150,34,44,계룡면,Gyeryong-myeon,공주시,충청남도,충청남도 공주시 계룡면
34020340,4415034000,34020,44150,34,44,반포면,Banpo-myeon,공주시,충청남도,충청남도 공주시 반포면
34020360,4415036000,34020,44150,34,44,의당면,Uidang-myeon,공주시,충청남도,충청남도 공주시 의당면
34020370,4415037000,34020,44150,34,44,정안면,Jeongan-myeon,공주시,충청남도,충청남도 공주시 정안면
34020380,4415038000,34020,44150,34,44,우성면,Useong-myeon,공주시,충청남도,충청남도 공주시 우성면
34020390,4415039000,34020,44150,34,44,사곡면,Sagok-myeon,공주시,충청남도,충청남도 공주시 사곡면
34020400,4415040000,34020,44150,34,44,신풍면,Sinpung-myeon,공주시,충청남도,충청남도 공주시 신풍면
34020510,4415051000,34020,44150,34,44,중학동,Junghak-dong,공주시,충청남도,충청남도 공주시 중학동
34020550,4415055000,34020,44150,34,44,금학동,Geumhak-dong,공주시,충청남도,충청남도 공주시 금학동
34020560,4415056000,34020,44150,34,44,옥룡동,Ongnyong-dong,공주시,충청남도,충청남도 공주시 옥룡동
34020570,4415057000,34020,44150,34,44,신관동,Singwan-dong,공주시,충청남도,충청남도 공주시 신관동
34020580,4415054000,34020,44150,34,44,웅진동,Ungjin-dong,공주시,충청남도,충청남도 공주시 웅진동
34020590,4415059000,34020,44150,34,44,월송동,Wolsong-dong,공주시,충청남도,충청남도 공주시 월송동
34030110,4418025000,34030,44180,34,44,웅천읍,Ungcheon-eup,보령시,충청남도,충청남도 보령시 웅천읍
34030310,4418031000,34030,44180,34,44,주포면,Jupo-myeon,보령시,충청남도,충청남도 보령시 주포면
34030320,4418041000,34030,44180,34,44,주교면,Jugyo-myeon,보령시,충청남도,충청남도 보령시 주교면
34030330,4418032000,34030,44180,34,44,오천면,Ocheon-myeon,보령시,충청남도,충청남도 보령시 오천면
34030340,4418033000,34030,44180,34,44,천북면,Cheonbuk-myeon,보령시,충청남도,충청남도 보령시 천북면
34030350,4418034000,34030,44180,34,44,청소면,Cheongso-myeon,보령시,충청남도,충청남도 보령시 청소면
34030360,4418035000,34030,44180,34,44,청라면,Cheongna-myeon,보령시,충청남도,충청남도 보령시 청라면
34030370,4418036000,34030,44180,34,44,남포면,Nampo-myeon,보령시,충청남도,충청남도 보령시 남포면
34030380,4418038000,34030,44180,34,44,주산면,Jusan-myeon,보령시,충청남도,충청남도 보령시 주산면
34030390,4418039000,34030,44180,34,44,미산면,Misan-myeon,보령시,충청남도,충청남도 보령시 미산면
34030400,4418040000,34030,44180,34,44,성주면,Seongju-myeon,보령시,충청남도,충청남도 보령시 성주면
34030510,4418051500,34030,44180,34,44,대천1동,Daecheon1-dong,보령시,충청남도,충청남도 보령시 대천1동
34030520,4418052500,34030,44180,34,44,대천2동,Daecheon2-dong,보령시,충청남도,충청남도 보령시 대천2동
34030530,4418053500,34030,44180,34,44,대천3동,Daecheon3-dong,보령시,충청남도,충청남도 보령시 대천3동
34030540,4418054500,34030,44180,34,44,대천4동,Daecheon4-dong,보령시,충청남도,충청남도 보령시 대천4동
34030560,4418056500,34030,44180,34,44,대천5동,Daecheon5-dong,보령시,충청남도,충청남도 보령시 대천5동
34040110,4420025000,34040,44200,34,44,염치읍,Yeomchi-eup,아산시,충청남도,충청남도 아산시 염치읍
34040120,4420025300,34040,44200,34,44,배방읍,Baebang-eup,아산시,충청남도,충청남도 아산시 배방읍
34040310,4420031000,34040,44200,34,44,송악면,Songak-myeon,아산시,충청남도,충청남도 아산시 송악면
34040330,4420033000,34040,44200,34,44,탕정면,Tangjeong-myeon,아산시,충청남도,충청남도 아산시 탕정면
34040340,4420035000,34040,44200,34,44,음봉면,Eumbong-myeon,아산시,충청남도,충청남도 아산시 음봉면
34040350,4420036000,34040,44200,34,44,둔포면,Dunpo-myeon,아산시,충청남도,충청남도 아산시 둔포면
34040360,4420037000,34040,44200,34,44,영인면,Yeongin-myeon,아산시,충청남도,충청남도 아산시 영인면
34040370,4420038000,34040,44200,34,44,인주면,Inju-myeon,아산시,충청남도,충청남도 아산시 인주면
34040380,4420039000,34040,44200,34,44,선장면,Seonjang-myeon,아산시,충청남도,충청남도 아산시 선장면
34040390,4420040000,34040,44200,34,44,도고면,Dogo-myeon,아산시,충청남도,충청남도 아산시 도고면
34040400,4420041000,34040,44200,34,44,신창면,Sinchang-myeon,아산시,충청남도,충청남도 아산시 신창면
34040510,4420057000,34040,44200,34,44,온양1동,Onyang1-dong,아산시,충청남도,충청남도 아산시 온양1동
34040520,4420058000,34040,44200,34,44,온양2동,Onyang2-dong,아산시,충청남도,충청남도 아산시 온양2동
34040530,4420059000,34040,44200,34,44,온양3동,Onyang3-dong,아산시,충청남도,충청남도 아산시 온양3동
34040540,4420060000,34040,44200,34,44,온양4동,Onyang4-dong,아산시,충청남도,충청남도 아산시 온양4동
34040550,4420061000,34040,44200,34,44,온양5동,Onyang5-dong,아산시,충청남도,충청남도 아산시 온양5동
34040560,4420062000,34040,44200,34,44,온양6동,Onyang6-dong,아산시,충청남도,충청남도 아산시 온양6동
34050110,4421025000,34050,44210,34,44,대산읍,Daesan-eup,서산시,충청남도,충청남도 서산시 대산읍
34050310,4421031000,34050,44210,34,44,인지면,Inji-myeon,서산시,충청남도,충청남도 서산시 인지면
34050320,4421032000,34050,44210,34,44,부석면,Buseok-myeon,서산시,충청남도,충청남도 서산시 부석면
34050330,4421033000,34050,44210,34,44,팔봉면,Palbong-myeon,서산시,충청남도,충청남도 서산시 팔봉면
34050340,4421034000,34050,44210,34,44,지곡면,Jigok-myeon,서산시,충청남도,충청남도 서산시 지곡면
34050350,4421036000,34050,44210,34,44,성연면,Seongyeon-myeon,서산시,충청남도,충청남도 서산시 성연면
34050360,4421037000,34050,44210,34,44,음암면,Eumam-myeon,서산시,충청남도,충청남도 서산시 음암면
34050370,4421038000,34050,44210,34,44,운산면,Unsan-myeon,서산시,충청남도,충청남도 서산시 운산면
34050380,4421039000,34050,44210,34,44,해미면,Haemi-myeon,서산시,충청남도,충청남도 서산시 해미면
34050390,4421040000,34050,44210,34,44,고북면,Gobuk-myeon,서산시,충청남도,충청남도 서산시 고북면
34050510,4421051000,34050,44210,34,44,부춘동,Buchun-dong,서산시,충청남도,충청남도 서산시 부춘동
34050520,4421052500,34050,44210,34,44,동문1동,Dongmun1-dong,서산시,충청남도,충청남도 서산시 동문1동
34050530,4421053500,34050,44210,34,44,동문2동,Dongmun2-dong,서산시,충청남도,충청남도 서산시 동문2동
34050540,4421054000,34050,44210,34,44,수석동,Suseok-dong,서산시,충청남도,충청남도 서산시 수석동
34050550,4421055000,34050,44210,34,44,석남동,Seongnam-dong,서산시,충청남도,충청남도 서산시 석남동
34060110,4423025000,34060,44230,34,44,강경읍,Ganggyeong-eup,논산시,충청남도,충청남도 논산시 강경읍
34060120,4423025300,34060,44230,34,44,연무읍,Yeonmu-eup,논산시,충청남도,충청남도 논산시 연무읍
34060310,4423031000,34060,44230,34,44,성동면,Seongdong-myeon,논산시,충청남도,충청남도 논산시 성동면
34060320,4423032000,34060,44230,34,44,광석면,Gwangseok-myeon,논산시,충청남도,충청남도 논산시 광석면
34060330,4423033000,34060,44230,34,44,노성면,Noseong-myeon,논산시,충청남도,충청남도 논산시 노성면
34060340,4423034000,34060,44230,34,44,상월면,Sangwol-myeon,논산시,충청남도,충청남도 논산시 상월면
34060350,4423035000,34060,44230,34,44,부적면,Bujeok-myeon,논산시,충청남도,충청남도 논산시 부적면
34060360,4423036000,34060,44230,34,44,연산면,Yeonsan-myeon,논산시,충청남도,충청남도 논산시 연산면
34060370,4423038000,34060,44230,34,44,벌곡면,Beolgok-myeon,논산시,충청남도,충청남도 논산시 벌곡면
34060380,4423039000,34060,44230,34,44,양촌면,Yangchon-myeon,논산시,충청남도,충청남도 논산시 양촌면
34060390,4423040000,34060,44230,34,44,가야곡면,Gayagok-myeon,논산시,충청남도,충청남도 논산시 가야곡면
34060400,4423041000,34060,44230,34,44,은진면,Eunjin-myeon,논산시,충청남도,충청남도 논산시 은진면
34060410,4423042000,34060,44230,34,44,채운면,Chaeun-myeon,논산시,충청남도,충청남도 논산시 채운면
34060510,4423051000,34060,44230,34,44,취암동,Chwiam-dong,논산시,충청남도,충청남도 논산시 취암동
34060520,4423052000,34060,44230,34,44,부창동,Buchang-dong,논산시,충청남도,충청남도 논산시 부창동
34070310,4425031000,34070,44250,34,44,두마면,Duma-myeon,계룡시,충청남도,충청남도 계룡시 두마면
34070330,4425031500,34070,44250,34,44,엄사면,Eomsa-myeon,계룡시,충청남도,충청남도 계룡시 엄사면
34070340,4425033000,34070,44250,34,44,신도안면,Sindoan-myeon,계룡시,충청남도,충청남도 계룡시 신도안면
34070510,4425051000,34070,44250,34,44,금암동,Geumam-dong,계룡시,충청남도,충청남도 계룡시 금암동
34080110,4427025000,34080,44270,34,44,합덕읍,Hapdeok-eup,당진시,충청남도,충청남도 당진시 합덕읍
34080120,4427025300,34080,44270,34,44,송악읍,Songak-eup,당진시,충청남도,충청남도 당진시 송악읍
34080310,4427031000,34080,44270,34,44,고대면,Godae-myeon,당진시,충청남도,충청남도 당진시 고대면
34080320,4427032000,34080,44270,34,44,석문면,Seongmun-myeon,당진시,충청남도,충청남도 당진시 석문면
34080330,4427033000,34080,44270,34,44,대호지면,Daehoji-myeon,당진시,충청남도,충청남도 당진시 대호지면
34080340,4427034000,34080,44270,34,44,정미면,Jeongmi-myeon,당진시,충청남도,충청남도 당진시 정미면
34080350,4427035000,34080,44270,34,44,면천면,Myeoncheon-myeon,당진시,충청남도,충청남도 당진시 면천면
34080360,4427036000,34080,44270,34,44,순성면,Sunseong-myeon,당진시,충청남도,충청남도 당진시 순성면
34080370,4427037000,34080,44270,34,44,우강면,Ugang-myeon,당진시,충청남도,충청남도 당진시 우강면
34080380,4427038000,34080,44270,34,44,신평면,Sinpyeong-myeon,당진시,충청남도,충청남도 당진시 신평면
34080390,4427039000,34080,44270,34,44,송산면,Songsan-myeon,당진시,충청남도,충청남도 당진시 송산면
34080510,4427051000,34080,44270,34,44,당진1동,Dangjin1-dong,당진시,충청남도,충청남도 당진시 당진1동
34080520,4427052000,34080,44270,34,44,당진2동,Dangjin2-dong,당진시,충청남도,충청남도 당진시 당진2동
34080530,4427053000,34080,44270,34,44,당진3동,Dangjin3-dong,당진시,충청남도,충청남도 당진시 당진3동
34510110,4471025000,34510,44710,34,44,금산읍,Geumsan-eup,금산군,충청남도,충청남도 금산군 금산읍
34510310,4471031000,34510,44710,34,44,금성면,Geumseong-myeon,금산군,충청남도,충청남도 금산군 금성면
34510320,4471032000,34510,44710,34,44,제원면,Jewon-myeon,금산군,충청남도,충청남도 금산군 제원면
34510330,4471033000,34510,44710,34,44,부리면,Buri-myeon,금산군,충청남도,충청남도 금산군 부리면
34510340,4471034000,34510,44710,34,44,군북면,Gunbuk-myeon,금산군,충청남도,충청남도 금산군 군북면
34510350,4471035000,34510,44710,34,44,남일면,Namil-myeon,금산군,충청남도,충청남도 금산군 남일면
34510360,4471036000,34510,44710,34,44,남이면,Nami-myeon,금산군,충청남도,충청남도 금산군 남이면
34510370,4471037000,34510,44710,34,44,진산면,Jinsan-myeon,금산군,충청남도,충청남도 금산군 진산면
34510380,4471038000,34510,44710,34,44,복수면,Boksu-myeon,금산군,충청남도,충청남도 금산군 복수면
34510390,4471039000,34510,44710,34,44,추부면,Chubu-myeon,금산군,충청남도,충청남도 금산군 추부면
34530110,4476025000,34530,44760,34,44,부여읍,Buyeo-eup,부여군,충청남도,충청남도 부여군 부여읍
34530310,4476031000,34530,44760,34,44,규암면,Gyuam-myeon,부여군,충청남도,충청남도 부여군 규암면
34530320,4476032000,34530,44760,34,44,은산면,Eunsan-myeon,부여군,충청남도,충청남도 부여군 은산면
34530330,4476033000,34530,44760,34,44,외산면,Oesan-myeon,부여군,충청남도,충청남도 부여군 외산면
34530340,4476034000,34530,44760,34,44,내산면,Naesan-myeon,부여군,충청남도,충청남도 부여군 내산면
34530350,4476035000,34530,44760,34,44,구룡면,Guryong-myeon,부여군,충청남도,충청남도 부여군 구룡면
34530360,4476036000,34530,44760,34,44,홍산면,Hongsan-myeon,부여군,충청남도,충청남도 부여군 홍산면
34530370,4476037000,34530,44760,34,44,옥산면,Oksan-myeon,부여군,충청남도,충청남도 부여군 옥산면
34530380,4476038000,34530,44760,34,44,남면,Nam-myeon,부여군,충청남도,충청남도 부여군 남면
34530390,4476039000,34530,44760,34,44,충화면,Chunghwa-myeon,부여군,충청남도,충청남도 부여군 충화면
34530400,4476040000,34530,44760,34,44,양화면,Yanghwa-myeon,부여군,충청남도,충청남도 부여군 양화면
34530410,4476041000,34530,44760,34,44,임천면,Imcheon-myeon,부여군,충청남도,충청남도 부여군 임천면
34530420,4476042000,34530,44760,34,44,장암면,Jangam-myeon,부여군,충청남도,충청남도 부여군 장암면
34530430,4476043000,34530,44760,34,44,세도면,Sedo-myeon,부여군,충청남도,충청남도 부여군 세도면
34530440,4476044000,34530,44760,34,44,석성면,Seokseong-myeon,부여군,충청남도,충청남도 부여군 석성면
34530450,4476045000,34530,44760,34,44,초촌면,Chochon-myeon,부여군,충청남도,충청남도 부여군 초촌면
34540110,4477025000,34540,44770,34,44,장항읍,Janghang-eup,서천군,충청남도,충청남도 서천군 장항읍
34540120,4477025300,34540,44770,34,44,서천읍,Seocheon-eup,서천군,충청남도,충청남도 서천군 서천읍
34540310,4477031000,34540,44770,34,44,마서면,Maseo-myeon,서천군,충청남도,충청남도 서천군 마서면
34540320,4477032000,34540,44770,34,44,화양면,Hwayang-myeon,서천군,충청남도,충청남도 서천군 화양면
34540330,4477033000,34540,44770,34,44,기산면,Gisan-myeon,서천군,충청남도,충청남도 서천군 기산면
34540340,4477034000,34540,44770,34,44,한산면,Hansan-myeon,서천군,충청남도,충청남도 서천군 한산면
34540350,4477035000,34540,44770,34,44,마산면,Masan-myeon,서천군,충청남도,충청남도 서천군 마산면
34540360,4477036000,34540,44770,34,44,시초면,Sicho-myeon,서천군,충청남도,충청남도 서천군 시초면
34540370,4477037000,34540,44770,34,44,문산면,Munsan-myeon,서천군,충청남도,충청남도 서천군 문산면
34540380,4477038000,34540,44770,34,44,판교면,Pangyo-myeon,서천군,충청남도,충청남도 서천군 판교면
34540390,4477039000,34540,44770,34,44,종천면,Jongcheon-myeon,서천군,충청남도,충청남도 서천군 종천면
34540400,4477040000,34540,44770,34,44,비인면,Biin-myeon,서천군,충청남도,충청남도 서천군 비인면
34540410,4477041000,34540,44770,34,44,서면,Seo-myeon,서천군,충청남도,충청남도 서천군 서면
34550110,4479025000,34550,44790,34,44,청양읍,Cheongyang-eup,청양군,충청남도,충청남도 청양군 청양읍
34550310,4479031000,34550,44790,34,44,운곡면,Ungok-myeon,청양군,충청남도,충청남도 청양군 운곡면
34550320,4479032000,34550,44790,34,44,대치면,Daechi-myeon,청양군,충청남도,충청남도 청양군 대치면
34550330,4479033000,34550,44790,34,44,정산면,Jeongsan-myeon,청양군,충청남도,충청남도 청양군 정산면
34550340,4479034000,34550,44790,34,44,목면,Mok-myeon,청양군,충청남도,충청남도 청양군 목면
34550350,4479035000,34550,44790,34,44,청남면,Cheongnam-myeon,청양군,충청남도,충청남도 청양군 청남면
34550360,4479036000,34550,44790,34,44,장평면,Jangpyeong-myeon,청양군,충청남도,충청남도 청양군 장평면
34550370,4479037000,34550,44790,34,44,남양면,Namyang-myeon,청양군,충청남도,충청남도 청양군 남양면
34550380,4479038000,34550,44790,34,44,화성면,Hwaseong-myeon,청양군,충청남도,충청남도 청양군 화성면
34550390,4479039000,34550,44790,34,44,비봉면,Bibong-myeon,청양군,충청남도,충청남도 청양군 비봉면
34560110,4480025000,34560,44800,34,44,홍성읍,Hongseong-eup,홍성군,충청남도,충청남도 홍성군 홍성읍
34560120,4480025300,34560,44800,34,44,광천읍,Gwangcheon-eup,홍성군,충청남도,충청남도 홍성군 광천읍
34560130,4480025600,34560,44800,34,44,홍북읍,Hongbuk-eup,홍성군,충청남도,충청남도 홍성군 홍북읍
34560320,4480032000,34560,44800,34,44,금마면,Geumma-myeon,홍성군,충청남도,충청남도 홍성군 금마면
34560330,4480033000,34560,44800,34,44,홍동면,Hongdong-myeon,홍성군,충청남도,충청남도 홍성군 홍동면
34560340,4480034000,34560,44800,34,44,장곡면,Janggok-myeon,홍성군,충청남도,충청남도 홍성군 장곡면
34560350,4480035000,34560,44800,34,44,은하면,Eunha-myeon,홍성군,충청남도,충청남도 홍성군 은하면
34560360,4480036000,34560,44800,34,44,결성면,Gyeolseong-myeon,홍성군,충청남도,충청남도 홍성군 결성면
34560370,4480037000,34560,44800,34,44,서부면,Seobu-myeon,홍성군,충청남도,충청남도 홍성군 서부면
34560380,4480038000,34560,44800,34,44,갈산면,Galsan-myeon,홍성군,충청남도,충청남도 홍성군 갈산면
34560390,4480039000,34560,44800,34,44,구항면,Guhang-myeon,홍성군,충청남도,충청남도 홍성군 구항면
34570110,4481025000,34570,44810,34,44,예산읍,Yesan-eup,예산군,충청남도,충청남도 예산군 예산읍
34570120,4481025300,34570,44810,34,44,삽교읍,Sapgyo-eup,예산군,충청남도,충청남도 예산군 삽교읍
34570310,4481031000,34570,44810,34,44,대술면,Daesul-myeon,예산군,충청남도,충청남도 예산군 대술면
34570320,4481032000,34570,44810,34,44,신양면,Sinyang-myeon,예산군,충청남도,충청남도 예산군 신양면
34570330,4481033000,34570,44810,34,44,광시면,Gwangsi-myeon,예산군,충청남도,충청남도 예산군 광시면
34570340,4481034000,34570,44810,34,44,대흥면,Daeheung-myeon,예산군,충청남도,충청남도 예산군 대흥면
34570350,4481035000,34570,44810,34,44,응봉면,Eungbong-myeon,예산군,충청남도,충청남도 예산군 응봉면
34570360,4481036000,34570,44810,34,44,덕산면,Deoksan-myeon,예산군,충청남도,충청남도 예산군 덕산면
34570370,4481037000,34570,44810,34,44,봉산면,Bongsan-myeon,예산군,충청남도,충청남도 예산군 봉산면
34570380,4481038000,34570,44810,34,44,고덕면,Godeok-myeon,예산군,충청남도,충청남도 예산군 고덕면
34570390,4481039000,34570,44810,34,44,신암면,Sinam-myeon,예산군,충청남도,충청남도 예산군 신암면
34570400,4481040000,34570,44810,34,44,오가면,Oga-myeon,예산군,충청남도,충청남도 예산군 오가면
34580110,4482525000,34580,44825,34,44,태안읍,Taean-eup,태안군,충청남도,충청남도 태안군 태안읍
34580120,4482525300,34580,44825,34,44,안면읍,Anmyeon-eup,태안군,충청남도,충청남도 태안군 안면읍
34580310,4482531000,34580,44825,34,44,고남면,Gonam-myeon,태안군,충청남도,충청남도 태안군 고남면
34580320,4482532000,34580,44825,34,44,남면,Nam-myeon,태안군,충청남도,충청남도 태안군 남면
34580330,4482533000,34580,44825,34,44,근흥면,Geunheung-myeon,태안군,충청남도,충청남도 태안군 근흥면
34580340,4482534000,34580,44825,34,44,소원면,Sowon-myeon,태안군,충청남도,충청남도 태안군 소원면
34580350,4482535000,34580,44825,34,44,원북면,Wonbuk-myeon,태안군,충청남도,충청남도 태안군 원북면
34580360,4482536000,34580,44825,34,44,이원면,Iwon-myeon,태안군,충청남도,충청남도 태안군 이원면
35011600,5211165000,35011,52111,35,52,동서학동,Dongseohak-dong,전주시완산구,전북특별자치도,전북특별자치도 전주시완산구 동서학동
35011610,5211166000,35011,52111,35,52,서서학동,Seoseohak-dong,전주시완산구,전북특별자치도,전북특별자치도 전주시완산구 서서학동
35011620,5211167100,35011,52111,35,52,중화산1동,Junghwasan1-dong,전주시완산구,전북특별자치도,전북특별자치도 전주시완산구 중화산1동
35011630,5211167200,35011,52111,35,52,중화산2동,Junghwasan2-dong,전주시완산구,전북특별자치도,전북특별자치도 전주시완산구 중화산2동
35011640,5211169100,35011,52111,35,52,평화1동,Pyeonghwa1-dong,전주시완산구,전북특별자치도,전북특별자치도 전주시완산구 평화1동
35011650,5211169200,35011,52111,35,52,평화2동,Pyeonghwa2-dong,전주시완산구,전북특별자치도,전북특별자치도 전주시완산구 평화2동
35011660,5211168000,35011,52111,35,52,서신동,Seosin-dong,전주시완산구,전북특별자치도,전북특별자치도 전주시완산구 서신동
35011670,5211170100,35011,52111,35,52,삼천1동,Samcheon1-dong,전주시완산구,전북특별자치도,전북특별자치도 전주시완산구 삼천1동
35011680,5211170200,35011,52111,35,52,삼천2동,Samcheon2-dong,전주시완산구,전북특별자치도,전북특별자치도 전주시완산구 삼천2동
35011690,5211170300,35011,52111,35,52,삼천3동,Samcheon3-dong,전주시완산구,전북특별자치도,전북특별자치도 전주시완산구 삼천3동
35011700,5211171100,35011,52111,35,52,효자1동,Hyoja1-dong,전주시완산구,전북특별자치도,전북특별자치도 전주시완산구 효자1동
35011710,5211171200,35011,52111,35,52,효자2동,Hyoja2-dong,전주시완산구,전북특별자치도,전북특별자치도 전주시완산구 효자2동
35011720,5211171300,35011,52111,35,52,효자3동,Hyoja3-dong,전주시완산구,전북특별자치도,전북특별자치도 전주시완산구 효자3동
35011740,5211151000,35011,52111,35,52,중앙동,Jungang-dong,전주시완산구,전북특별자치도,전북특별자치도 전주시완산구 중앙동
35011750,5211153000,35011,52111,35,52,풍남동,Pungnam-dong,전주시완산구,전북특별자치도,전북특별자치도 전주시완산구 풍남동
35011760,5211160500,35011,52111,35,52,노송동,Nosong-dong,전주시완산구,전북특별자치도,전북특별자치도 전주시완산구 노송동
35011770,5211163500,35011,52111,35,52,완산동,Wansan-dong,전주시완산구,전북특별자치도,전북특별자치도 전주시완산구 완산동
35011780,5211171400,35011,52111,35,52,효자4동,Hyoja4-dong,전주시완산구,전북특별자치도,전북특별자치도 전주시완산구 효자4동
35011790,5211173000,35011,52111,35,52,효자5동,Hyoja5-dong,전주시완산구,전북특별자치도,전북특별자치도 전주시완산구 효자5동
35012540,5211354000,35012,52113,35,52,인후1동,Inhu1-dong,전주시덕진구,전북특별자치도,전북특별자치도 전주시덕진구 인후1동
35012550,5211355000,35012,52113,35,52,인후2동,Inhu2-dong,전주시덕진구,전북특별자치도,전북특별자치도 전주시덕진구 인후2동
35012560,5211356000,35012,52113,35,52,인후3동,Inhu3-dong,전주시덕진구,전북특별자치도,전북특별자치도 전주시덕진구 인후3동
35012570,5211357000,35012,52113,35,52,덕진동,Deokjin-dong,전주시덕진구,전북특별자치도,전북특별자치도 전주시덕진구 덕진동
35012600,5211360000,35012,52113,35,52,팔복동,Palbok-dong,전주시덕진구,전북특별자치도,전북특별자치도 전주시덕진구 팔복동
35012610,5211361100,35012,52113,35,52,우아1동,Ua1-dong,전주시덕진구,전북특별자치도,전북특별자치도 전주시덕진구 우아1동
35012620,5211361200,35012,52113,35,52,우아2동,Ua2-dong,전주시덕진구,전북특별자치도,전북특별자치도 전주시덕진구 우아2동
35012630,5211362000,35012,52113,35,52,호성동,Hoseong-dong,전주시덕진구,전북특별자치도,전북특별자치도 전주시덕진구 호성동
35012650,5211364100,35012,52113,35,52,송천1동,Songcheon1-dong,전주시덕진구,전북특별자치도,전북특별자치도 전주시덕진구 송천1동
35012660,5211364200,35012,52113,35,52,송천2동,Songcheon2-dong,전주시덕진구,전북특별자치도,전북특별자치도 전주시덕진구 송천2동
35012670,5211365000,35012,52113,35,52,조촌동,Jochon-dong,전주시덕진구,전북특별자치도,전북특별자치도 전주시덕진구 조촌동
35012690,5211352500,35012,52113,35,52,진북동,Jinbuk-dong,전주시덕진구,전북특별자치도,전북특별자치도 전주시덕진구 진북동
35012700,5211367000,35012,52113,35,52,혁신동,Hyeoksin-dong,전주시덕진구,전북특별자치도,전북특별자치도 전주시덕진구 혁신동
35012710,5211366500,35012,52113,35,52,여의동,Yeoui-dong,전주시덕진구,전북특별자치도,전북특별자치도 전주시덕진구 여의동
35012721,5211357500,35012,52113,35,52,금암동,Geumam-dong,전주시덕진구,전북특별자치도,전북특별자치도 전주시덕진구 금암동
35012722,5211364300,35012,52113,35,52,송천3동,Songcheon3-dong,전주시덕진구,전북특별자치도,전북특별자치도 전주시덕진구 송천3동
35020110,5213025000,35020,52130,35,52,옥구읍,Okgu-eup,군산시,전북특별자치도,전북특별자치도 군산시 옥구읍
35020310,5213031000,35020,52130,35,52,옥산면,Oksan-myeon,군산시,전북특별자치도,전북특별자치도 군산시 옥산면
35020320,5213032000,35020,52130,35,52,회현면,Hoehyeon-myeon,군산시,전북특별자치도,전북특별자치도 군산시 회현면
35020330,5213033000,35020,52130,35,52,임피면,Impi-myeon,군산시,전북특별자치도,전북특별자치도 군산시 임피면
35020340,5213034000,35020,52130,35,52,서수면,Seosu-myeon,군산시,전북특별자치도,전북특별자치도 군산시 서수면
35020350,5213035000,35020,52130,35,52,대야면,Daeya-myeon,군산시,전북특별자치도,전북특별자치도 군산시 대야면
35020360,5213036000,35020,52130,35,52,개정면,Gaejeong-myeon,군산시,전북특별자치도,전북특별자치도 군산시 개정면
35020370,5213037000,35020,52130,35,52,성산면,Seongsan-myeon,군산시,전북특별자치도,전북특별자치도 군산시 성산면
35020380,5213038000,35020,52130,35,52,나포면,Napo-myeon,군산시,전북특별자치도,전북특별자치도 군산시 나포면
35020390,5213039000,35020,52130,35,52,옥도면,Okdo-myeon,군산시,전북특별자치도,전북특별자치도 군산시 옥도면
35020400,5213040000,35020,52130,35,52,옥서면,Okseo-myeon,군산시,전북특별자치도,전북특별자치도 군산시 옥서면
35020510,5213051500,35020,52130,35,52,해신동,Haesin-dong,군산시,전북특별자치도,전북특별자치도 군산시 해신동
35020530,5213053000,35020,52130,35,52,월명동,Wolmyeong-dong,군산시,전북특별자치도,전북특별자치도 군산시 월명동
35020550,5213055000,35020,52130,35,52,신풍동,Sinpung-dong,군산시,전북특별자치도,전북특별자치도 군산시 신풍동
35020560,5213056000,35020,52130,35,52,삼학동,Samhak-dong,군산시,전북특별자치도,전북특별자치도 군산시 삼학동
35020600,5213060500,35020,52130,35,52,중앙동,Jungang-dong,군산시,전북특별자치도,전북특별자치도 군산시 중앙동
35020640,5213064000,35020,52130,35,52,흥남동,Heungnam-dong,군산시,전북특별자치도,전북특별자치도 군산시 흥남동
35020650,5213065000,35020,52130,35,52,조촌동,Jochon-dong,군산시,전북특별자치도,전북특별자치도 군산시 조촌동
35020660,5213066000,35020,52130,35,52,경암동,Gyeongam-dong,군산시,전북특별자치도,전북특별자치도 군산시 경암동
35020670,5213067000,35020,52130,35,52,구암동,Guam-dong,군산시,전북특별자치도,전북특별자치도 군산시 구암동
35020680,5213068000,35020,52130,35,52,개정동,Gaejeong-dong,군산시,전북특별자치도,전북특별자치도 군산시 개정동
35020690,5213069000,35020,52130,35,52,수송동,Susong-dong,군산시,전북특별자치도,전북특별자치도 군산시 수송동
35020700,5213070100,35020,52130,35,52,나운1동,Naun1-dong,군산시,전북특별자치도,전북특별자치도 군산시 나운1동
35020710,5213070200,35020,52130,35,52,나운2동,Naun2-dong,군산시,전북특별자치도,전북특별자치도 군산시 나운2동
35020720,5213071000,35020,52130,35,52,소룡동,Soryong-dong,군산시,전북특별자치도,전북특별자치도 군산시 소룡동
35020730,5213072000,35020,52130,35,52,미성동,Miseong-dong,군산시,전북특별자치도,전북특별자치도 군산시 미성동
35020740,5213070300,35020,52130,35,52,나운3동,Naun3-dong,군산시,전북특별자치도,전북특별자치도 군산시 나운3동
35030110,5214025000,35030,52140,35,52,함열읍,Hamyeol-eup,익산시,전북특별자치도,전북특별자치도 익산시 함열읍
35030310,5214031000,35030,52140,35,52,오산면,Osan-myeon,익산시,전북특별자치도,전북특별자치도 익산시 오산면
35030320,5214032000,35030,52140,35,52,황등면,Hwangdeung-myeon,익산시,전북특별자치도,전북특별자치도 익산시 황등면
35030330,5214033000,35030,52140,35,52,함라면,Hamna-myeon,익산시,전북특별자치도,전북특별자치도 익산시 함라면
35030340,5214034000,35030,52140,35,52,웅포면,Ungpo-myeon,익산시,전북특별자치도,전북특별자치도 익산시 웅포면
35030350,5214035000,35030,52140,35,52,성당면,Seongdang-myeon,익산시,전북특별자치도,전북특별자치도 익산시 성당면
35030360,5214036000,35030,52140,35,52,용안면,Yongan-myeon,익산시,전북특별자치도,전북특별자치도 익산시 용안면
35030370,5214037000,35030,52140,35,52,낭산면,Nangsan-myeon,익산시,전북특별자치도,전북특별자치도 익산시 낭산면
35030380,5214038000,35030,52140,35,52,망성면,Mangseong-myeon,익산시,전북특별자치도,전북특별자치도 익산시 망성면
35030390,5214039000,35030,52140,35,52,여산면,Yeosan-myeon,익산시,전북특별자치도,전북특별자치도 익산시 여산면
35030400,5214040000,35030,52140,35,52,금마면,Geumma-myeon,익산시,전북특별자치도,전북특별자치도 익산시 금마면
35030410,5214041000,35030,52140,35,52,왕궁면,Wanggung-myeon,익산시,전북특별자치도,전북특별자치도 익산시 왕궁면
35030420,5214042000,35030,52140,35,52,춘포면,Chunpo-myeon,익산시,전북특별자치도,전북특별자치도 익산시 춘포면
35030430,5214043000,35030,52140,35,52,삼기면,Samgi-myeon,익산시,전북특별자치도,전북특별자치도 익산시 삼기면
35030440,5214044000,35030,52140,35,52,용동면,Yongdong-myeon,익산시,전북특별자치도,전북특별자치도 익산시 용동면
35030510,5214052000,35030,52140,35,52,중앙동,Jungang-dong,익산시,전북특별자치도,전북특별자치도 익산시 중앙동
35030530,5214053000,35030,52140,35,52,평화동,Pyeonghwa-dong,익산시,전북특별자치도,전북특별자치도 익산시 평화동
35030550,5214056000,35030,52140,35,52,인화동,Inhwa-dong,익산시,전북특별자치도,전북특별자치도 익산시 인화동
35030570,5214057000,35030,52140,35,52,동산동,Dongsan-dong,익산시,전북특별자치도,전북특별자치도 익산시 동산동
35030580,5214058000,35030,52140,35,52,마동,Ma-dong,익산시,전북특별자치도,전북특별자치도 익산시 마동
35030590,5214059500,35030,52140,35,52,남중동,Namjung-dong,익산시,전북특별자치도,전북특별자치도 익산시 남중동
35030610,5214061000,35030,52140,35,52,모현동,Mohyeon-dong,익산시,전북특별자치도,전북특별자치도 익산시 모현동
35030620,5214062000,35030,52140,35,52,송학동,Songhak-dong,익산시,전북특별자치도,전북특별자치도 익산시 송학동
35030650,5214065600,35030,52140,35,52,신동,Sin-dong,익산시,전북특별자치도,전북특별자치도 익산시 신동
35030660,5214064600,35030,52140,35,52,영등1동,Yeongdeung1-dong,익산시,전북특별자치도,전북특별자치도 익산시 영등1동
35030690,5214067000,35030,52140,35,52,팔봉동,Palbong-dong,익산시,전북특별자치도,전북특별자치도 익산시 팔봉동
35030700,5214069000,35030,52140,35,52,삼성동,Samseong-dong,익산시,전북특별자치도,전북특별자치도 익산시 삼성동
35030710,5214064700,35030,52140,35,52,영등2동,Yeongdeung2-dong,익산시,전북특별자치도,전북특별자치도 익산시 영등2동
35030720,5214065200,35030,52140,35,52,어양동,Eoyang-dong,익산시,전북특별자치도,전북특별자치도 익산시 어양동
35040110,5218025000,35040,52180,35,52,신태인읍,Sintaein-eup,정읍시,전북특별자치도,전북특별자치도 정읍시 신태인읍
35040310,5218031000,35040,52180,35,52,북면,Buk-myeon,정읍시,전북특별자치도,전북특별자치도 정읍시 북면
35040320,5218032000,35040,52180,35,52,입암면,Ibam-myeon,정읍시,전북특별자치도,전북특별자치도 정읍시 입암면
35040330,5218033000,35040,52180,35,52,소성면,Soseong-myeon,정읍시,전북특별자치도,전북특별자치도 정읍시 소성면
35040340,5218034000,35040,52180,35,52,고부면,Gobu-myeon,정읍시,전북특별자치도,전북특별자치도 정읍시 고부면
35040350,5218035000,35040,52180,35,52,영원면,Yeongwon-myeon,정읍시,전북특별자치도,전북특별자치도 정읍시 영원면
35040360,5218036000,35040,52180,35,52,덕천면,Deokcheon-myeon,정읍시,전북특별자치도,전북특별자치도 정읍시 덕천면
35040370,5218037000,35040,52180,35,52,이평면,Ipyeong-myeon,정읍시,전북특별자치도,전북특별자치도 정읍시 이평면
35040380,5218038000,35040,52180,35,52,정우면,Jeongu-myeon,정읍시,전북특별자치도,전북특별자치도 정읍시 정우면
35040390,5218039000,35040,52180,35,52,태인면,Taein-myeon,정읍시,전북특별자치도,전북특별자치도 정읍시 태인면
35040400,5218040000,35040,52180,35,52,감곡면,Gamgok-myeon,정읍시,전북특별자치도,전북특별자치도 정읍시 감곡면
35040410,5218041000,35040,52180,35,52,옹동면,Ongdong-myeon,정읍시,전북특별자치도,전북특별자치도 정읍시 옹동면
35040420,5218042000,35040,52180,35,52,칠보면,Chilbo-myeon,정읍시,전북특별자치도,전북특별자치도 정읍시 칠보면
35040430,5218043000,35040,52180,35,52,산내면,Sannae-myeon,정읍시,전북특별자치도,전북특별자치도 정읍시 산내면
35040440,5218044000,35040,52180,35,52,산외면,Sanoe-myeon,정읍시,전북특별자치도,전북특별자치도 정읍시 산외면
35040510,5218051000,35040,52180,35,52,수성동,Suseong-dong,정읍시,전북특별자치도,전북특별자치도 정읍시 수성동
35040520,5218052000,35040,52180,35,52,장명동,Jangmyeong-dong,정읍시,전북특별자치도,전북특별자치도 정읍시 장명동
35040530,5218053500,35040,52180,35,52,내장상동,Naejangsang-dong,정읍시,전북특별자치도,전북특별자치도 정읍시 내장상동
35040540,5218054500,35040,52180,35,52,시기동,Sigi-dong,정읍시,전북특별자치도,전북특별자치도 정읍시 시기동
35040570,5218057000,35040,52180,35,52,연지동,Yeonji-dong,정읍시,전북특별자치도,전북특별자치도 정읍시 연지동
35040580,5218058000,35040,52180,35,52,농소동,Nongso-dong,정읍시,전북특별자치도,전북특별자치도 정읍시 농소동
35040590,5218059500,35040,52180,35,52,상교동,Sanggyo-dong,정읍시,전북특별자치도,전북특별자치도 정읍시 상교동
35040600,5218056500,35040,52180,35,52,초산동,Chosan-dong,정읍시,전북특별자치도,전북특별자치도 정읍시 초산동
35050110,5219025000,35050,52190,35,52,운봉읍,Unbong-eup,남원시,전북특별자치도,전북특별자치도 남원시 운봉읍
35050310,5219031000,35050,52190,35,52,주천면,Jucheon-myeon,남원시,전북특별자치도,전북특별자치도 남원시 주천면
35050320,5219032000,35050,52190,35,52,수지면,Suji-myeon,남원시,전북특별자치도,전북특별자치도 남원시 수지면
35050330,5219033000,35050,52190,35,52,송동면,Songdong-myeon,남원시,전북특별자치도,전북특별자치도 남원시 송동면
35050340,5219034000,35050,52190,35,52,주생면,Jusaeng-myeon,남원시,전북특별자치도,전북특별자치도 남원시 주생면
35050350,5219035000,35050,52190,35,52,금지면,Geumji-myeon,남원시,전북특별자치도,전북특별자치도 남원시 금지면
35050360,5219036000,35050,52190,35,52,대강면,Daegang-myeon,남원시,전북특별자치도,전북특별자치도 남원시 대강면
35050370,5219037000,35050,52190,35,52,대산면,Daesan-myeon,남원시,전북특별자치도,전북특별자치도 남원시 대산면
35050380,5219038000,35050,52190,35,52,사매면,Samae-myeon,남원시,전북특별자치도,전북특별자치도 남원시 사매면
35050390,5219039000,35050,52190,35,52,덕과면,Deokgwa-myeon,남원시,전북특별자치도,전북특별자치도 남원시 덕과면
35050400,5219040000,35050,52190,35,52,보절면,Bojeol-myeon,남원시,전북특별자치도,전북특별자치도 남원시 보절면
35050410,5219041000,35050,52190,35,52,산동면,Sandong-myeon,남원시,전북특별자치도,전북특별자치도 남원시 산동면
35050420,5219042000,35050,52190,35,52,이백면,Ibaek-myeon,남원시,전북특별자치도,전북특별자치도 남원시 이백면
35050430,5219047000,35050,52190,35,52,인월면,Inwol-myeon,남원시,전북특별자치도,전북특별자치도 남원시 인월면
35050440,5219045000,35050,52190,35,52,아영면,Ayeong-myeon,남원시,전북특별자치도,전북특별자치도 남원시 아영면
35050450,5219046000,35050,52190,35,52,산내면,Sannae-myeon,남원시,전북특별자치도,전북특별자치도 남원시 산내면
35050510,5219051000,35050,52190,35,52,동충동,Dongchung-dong,남원시,전북특별자치도,전북특별자치도 남원시 동충동
35050520,5219052000,35050,52190,35,52,죽항동,Jukang-dong,남원시,전북특별자치도,전북특별자치도 남원시 죽항동
35050540,5219054000,35050,52190,35,52,노암동,Noam-dong,남원시,전북특별자치도,전북특별자치도 남원시 노암동
35050550,5219055000,35050,52190,35,52,금동,Geum-dong,남원시,전북특별자치도,전북특별자치도 남원시 금동
35050560,5219056000,35050,52190,35,52,왕정동,Wangjeong-dong,남원시,전북특별자치도,전북특별자치도 남원시 왕정동
35050570,5219057000,35050,52190,35,52,향교동,Hyanggyo-dong,남원시,전북특별자치도,전북특별자치도 남원시 향교동
35050590,5219059000,35050,52190,35,52,도통동,Dotong-dong,남원시,전북특별자치도,전북특별자치도 남원시 도통동
35060110,5221025000,35060,52210,35,52,만경읍,Mangyeong-eup,김제시,전북특별자치도,전북특별자치도 김제시 만경읍
35060310,5221032000,35060,52210,35,52,죽산면,Juksan-myeon,김제시,전북특별자치도,전북특별자치도 김제시 죽산면
35060320,5221033000,35060,52210,35,52,백산면,Baeksan-myeon,김제시,전북특별자치도,전북특별자치도 김제시 백산면
35060330,5221034000,35060,52210,35,52,용지면,Yongji-myeon,김제시,전북특별자치도,전북특별자치도 김제시 용지면
35060340,5221035000,35060,52210,35,52,백구면,Baekgu-myeon,김제시,전북특별자치도,전북특별자치도 김제시 백구면
35060350,5221036000,35060,52210,35,52,부량면,Buryang-myeon,김제시,전북특별자치도,전북특별자치도 김제시 부량면
35060360,5221038000,35060,52210,35,52,공덕면,Gongdeok-myeon,김제시,전북특별자치도,전북특별자치도 김제시 공덕면
35060370,5221039000,35060,52210,35,52,청하면,Cheongha-myeon,김제시,전북특별자치도,전북특별자치도 김제시 청하면
35060380,5221040000,35060,52210,35,52,성덕면,Seongdeok-myeon,김제시,전북특별자치도,전북특별자치도 김제시 성덕면
35060390,5221041000,35060,52210,35,52,진봉면,Jinbong-myeon,김제시,전북특별자치도,전북특별자치도 김제시 진봉면
35060400,5221042000,35060,52210,35,52,금구면,Geumgu-myeon,김제시,전북특별자치도,전북특별자치도 김제시 금구면
35060410,5221043000,35060,52210,35,52,봉남면,Bongnam-myeon,김제시,전북특별자치도,전북특별자치도 김제시 봉남면
35060420,5221044000,35060,52210,35,52,황산면,Hwangsan-myeon,김제시,전북특별자치도,전북특별자치도 김제시 황산면
35060430,5221045000,35060,52210,35,52,금산면,Geumsan-myeon,김제시,전북특별자치도,전북특별자치도 김제시 금산면
35060440,5221046000,35060,52210,35,52,광활면,Gwanghwal-myeon,김제시,전북특별자치도,전북특별자치도 김제시 광활면
35060510,5221051000,35060,52210,35,52,요촌동,Yochon-dong,김제시,전북특별자치도,전북특별자치도 김제시 요촌동
35060520,5221052000,35060,52210,35,52,신풍동,Sinpung-dong,김제시,전북특별자치도,전북특별자치도 김제시 신풍동
35060540,5221054000,35060,52210,35,52,검산동,Geomsan-dong,김제시,전북특별자치도,전북특별자치도 김제시 검산동
35060580,5221058000,35060,52210,35,52,교월동,Gyowol-dong,김제시,전북특별자치도,전북특별자치도 김제시 교월동
35510110,5271025000,35510,52710,35,52,삼례읍,Samnye-eup,완주군,전북특별자치도,전북특별자치도 완주군 삼례읍
35510120,5271025300,35510,52710,35,52,봉동읍,Bongdong-eup,완주군,전북특별자치도,전북특별자치도 완주군 봉동읍
35510130,5271025600,35510,52710,35,52,용진읍,Yongjin-eup,완주군,전북특별자치도,전북특별자치도 완주군 용진읍
35510320,5271032000,35510,52710,35,52,상관면,Sanggwan-myeon,완주군,전북특별자치도,전북특별자치도 완주군 상관면
35510330,5271033000,35510,52710,35,52,이서면,Iseo-myeon,완주군,전북특별자치도,전북특별자치도 완주군 이서면
35510340,5271034000,35510,52710,35,52,소양면,Soyang-myeon,완주군,전북특별자치도,전북특별자치도 완주군 소양면
35510350,5271035000,35510,52710,35,52,구이면,Gui-myeon,완주군,전북특별자치도,전북특별자치도 완주군 구이면
35510360,5271036000,35510,52710,35,52,고산면,Gosan-myeon,완주군,전북특별자치도,전북특별자치도 완주군 고산면
35510370,5271037000,35510,52710,35,52,비봉면,Bibong-myeon,완주군,전북특별자치도,전북특별자치도 완주군 비봉면
35510380,5271038000,35510,52710,35,52,운주면,Unju-myeon,완주군,전북특별자치도,전북특별자치도 완주군 운주면
35510390,5271039000,35510,52710,35,52,화산면,Hwasan-myeon,완주군,전북특별자치도,전북특별자치도 완주군 화산면
35510400,5271040000,35510,52710,35,52,동상면,Dongsang-myeon,완주군,전북특별자치도,전북특별자치도 완주군 동상면
35510410,5271041000,35510,52710,35,52,경천면,Gyeongcheon-myeon,완주군,전북특별자치도,전북특별자치도 완주군 경천면
35520110,5272025000,35520,52720,35,52,진안읍,Jinan-eup,진안군,전북특별자치도,전북특별자치도 진안군 진안읍
35520310,5272031000,35520,52720,35,52,용담면,Yongdam-myeon,진안군,전북특별자치도,전북특별자치도 진안군 용담면
35520320,5272032000,35520,52720,35,52,안천면,Ancheon-myeon,진안군,전북특별자치도,전북특별자치도 진안군 안천면
35520330,5272033000,35520,52720,35,52,동향면,Donghyang-myeon,진안군,전북특별자치도,전북특별자치도 진안군 동향면
35520340,5272034000,35520,52720,35,52,상전면,Sangjeon-myeon,진안군,전북특별자치도,전북특별자치도 진안군 상전면
35520350,5272035000,35520,52720,35,52,백운면,Baegun-myeon,진안군,전북특별자치도,전북특별자치도 진안군 백운면
35520360,5272036000,35520,52720,35,52,성수면,Seongsu-myeon,진안군,전북특별자치도,전북특별자치도 진안군 성수면
35520370,5272037000,35520,52720,35,52,마령면,Maryeong-myeon,진안군,전북특별자치도,전북특별자치도 진안군 마령면
35520380,5272038000,35520,52720,35,52,부귀면,Bugwi-myeon,진안군,전북특별자치도,전북특별자치도 진안군 부귀면
35520390,5272039000,35520,52720,35,52,정천면,Jeongcheon-myeon,진안군,전북특별자치도,전북특별자치도 진안군 정천면
35520400,5272040000,35520,52720,35,52,주천면,Jucheon-myeon,진안군,전북특별자치도,전북특별자치도 진안군 주천면
35530110,5273025000,35530,52730,35,52,무주읍,Muju-eup,무주군,전북특별자치도,전북특별자치도 무주군 무주읍
35530310,5273031000,35530,52730,35,52,무풍면,Mupung-myeon,무주군,전북특별자치도,전북특별자치도 무주군 무풍면
35530320,5273032000,35530,52730,35,52,설천면,Seolcheon-myeon,무주군,전북특별자치도,전북특별자치도 무주군 설천면
35530330,5273033000,35530,52730,35,52,적상면,Jeoksang-myeon,무주군,전북특별자치도,전북특별자치도 무주군 적상면
35530340,5273034000,35530,52730,35,52,안성면,Anseong-myeon,무주군,전북특별자치도,전북특별자치도 무주군 안성면
35530350,5273035000,35530,52730,35,52,부남면,Bunam-myeon,무주군,전북특별자치도,전북특별자치도 무주군 부남면
35540110,5274025000,35540,52740,35,52,장수읍,Jangsu-eup,장수군,전북특별자치도,전북특별자치도 장수군 장수읍
35540310,5274031000,35540,52740,35,52,산서면,Sanseo-myeon,장수군,전북특별자치도,전북특별자치도 장수군 산서면
35540320,5274032000,35540,52740,35,52,번암면,Beonam-myeon,장수군,전북특별자치도,전북특별자치도 장수군 번암면
35540330,5274033500,35540,52740,35,52,장계면,Janggye-myeon,장수군,전북특별자치도,전북특별자치도 장수군 장계면
35540340,5274034000,35540,52740,35,52,천천면,Cheoncheon-myeon,장수군,전북특별자치도,전북특별자치도 장수군 천천면
35540350,5274035000,35540,52740,35,52,계남면,Gyenam-myeon,장수군,전북특별자치도,전북특별자치도 장수군 계남면
35540360,5274036000,35540,52740,35,52,계북면,Gyebuk-myeon,장수군,전북특별자치도,전북특별자치도 장수군 계북면
35550110,5275025000,35550,52750,35,52,임실읍,Imsil-eup,임실군,전북특별자치도,전북특별자치도 임실군 임실읍
35550310,5275031000,35550,52750,35,52,청웅면,Cheongung-myeon,임실군,전북특별자치도,전북특별자치도 임실군 청웅면
35550320,5275032000,35550,52750,35,52,운암면,Unam-myeon,임실군,전북특별자치도,전북특별자치도 임실군 운암면
35550330,5275033000,35550,52750,35,52,신평면,Sinpyeong-myeon,임실군,전북특별자치도,전북특별자치도 임실군 신평면
35550340,5275034000,35550,52750,35,52,성수면,Seongsu-myeon,임실군,전북특별자치도,전북특별자치도 임실군 성수면
35550350,5275035500,35550,52750,35,52,오수면,Osu-myeon,임실군,전북특별자치도,전북특별자치도 임실군 오수면
35550360,5275036000,35550,52750,35,52,신덕면,Sindeok-myeon,임실군,전북특별자치도,전북특별자치도 임실군 신덕면
35550370,5275037000,35550,52750,35,52,삼계면,Samgye-myeon,임실군,전북특별자치도,전북특별자치도 임실군 삼계면
35550380,5275038000,35550,52750,35,52,관촌면,Gwanchon-myeon,임실군,전북특별자치도,전북특별자치도 임실군 관촌면
35550390,5275039000,35550,52750,35,52,강진면,Gangjin-myeon,임실군,전북특별자치도,전북특별자치도 임실군 강진면
35550400,5275040000,35550,52750,35,52,덕치면,Deokchi-myeon,임실군,전북특별자치도,전북특별자치도 임실군 덕치면
35550410,5275041000,35550,52750,35,52,지사면,Jisa-myeon,임실군,전북특별자치도,전북특별자치도 임실군 지사면
35560110,5277025000,35560,52770,35,52,순창읍,Sunchang-eup,순창군,전북특별자치도,전북특별자치도 순창군 순창읍
35560310,5277031000,35560,52770,35,52,인계면,Ingye-myeon,순창군,전북특별자치도,전북특별자치도 순창군 인계면
35560320,5277032000,35560,52770,35,52,동계면,Donggye-myeon,순창군,전북특별자치도,전북특별자치도 순창군 동계면
35560330,5277038000,35560,52770,35,52,적성면,Jeokseong-myeon,순창군,전북특별자치도,전북특별자치도 순창군 적성면
35560340,5277039000,35560,52770,35,52,유등면,Yudeung-myeon,순창군,전북특별자치도,전북특별자치도 순창군 유등면
35560350,5277033000,35560,52770,35,52,풍산면,Pungsan-myeon,순창군,전북특별자치도,전북특별자치도 순창군 풍산면
35560360,5277034000,35560,52770,35,52,금과면,Geumgwa-myeon,순창군,전북특별자치도,전북특별자치도 순창군 금과면
35560370,5277035000,35560,52770,35,52,팔덕면,Paldeok-myeon,순창군,전북특별자치도,전북특별자치도 순창군 팔덕면
35560380,5277037000,35560,52770,35,52,복흥면,Bokeung-myeon,순창군,전북특별자치도,전북특별자치도 순창군 복흥면
35560390,5277036000,35560,52770,35,52,쌍치면,Ssangchi-myeon,순창군,전북특별자치도,전북특별자치도 순창군 쌍치면
35560400,5277040000,35560,52770,35,52,구림면,Gurim-myeon,순창군,전북특별자치도,전북특별자치도 순창군 구림면
35570110,5279025000,35570,52790,35,52,고창읍,Gochang-eup,고창군,전북특별자치도,전북특별자치도 고창군 고창읍
35570310,5279031000,35570,52790,35,52,고수면,Gosu-myeon,고창군,전북특별자치도,전북특별자치도 고창군 고수면
35570320,5279032000,35570,52790,35,52,아산면,Asan-myeon,고창군,전북특별자치도,전북특별자치도 고창군 아산면
35570330,5279033000,35570,52790,35,52,무장면,Mujang-myeon,고창군,전북특별자치도,전북특별자치도 고창군 무장면
35570340,5279034000,35570,52790,35,52,공음면,Gongeum-myeon,고창군,전북특별자치도,전북특별자치도 고창군 공음면
35570350,5279035000,35570,52790,35,52,상하면,Sangha-myeon,고창군,전북특별자치도,전북특별자치도 고창군 상하면
35570360,5279036000,35570,52790,35,52,해리면,Haeri-myeon,고창군,전북특별자치도,전북특별자치도 고창군 해리면
35570370,5279037000,35570,52790,35,52,성송면,Seongsong-myeon,고창군,전북특별자치도,전북특별자치도 고창군 성송면
35570380,5279038000,35570,52790,35,52,대산면,Daesan-myeon,고창군,전북특별자치도,전북특별자치도 고창군 대산면
35570390,5279039000,35570,52790,35,52,심원면,Simwon-myeon,고창군,전북특별자치도,전북특별자치도 고창군 심원면
35570400,5279040000,35570,52790,35,52,흥덕면,Heungdeok-myeon,고창군,전북특별자치도,전북특별자치도 고창군 흥덕면
35570410,5279041000,35570,52790,35,52,성내면,Seongnae-myeon,고창군,전북특별자치도,전북특별자치도 고창군 성내면
35570420,5279042000,35570,52790,35,52,신림면,Sillim-myeon,고창군,전북특별자치도,전북특별자치도 고창군 신림면
35570430,5279043000,35570,52790,35,52,부안면,Buan-myeon,고창군,전북특별자치도,전북특별자치도 고창군 부안면
35580110,5280025000,35580,52800,35,52,부안읍,Buan-eup,부안군,전북특별자치도,전북특별자치도 부안군 부안읍
35580310,5280031000,35580,52800,35,52,주산면,Jusan-myeon,부안군,전북특별자치도,전북특별자치도 부안군 주산면
35580320,5280032000,35580,52800,35,52,동진면,Dongjin-myeon,부안군,전북특별자치도,전북특별자치도 부안군 동진면
35580330,5280033000,35580,52800,35,52,행안면,Haengan-myeon,부안군,전북특별자치도,전북특별자치도 부안군 행안면
35580340,5280034000,35580,52800,35,52,계화면,Gyehwa-myeon,부안군,전북특별자치도,전북특별자치도 부안군 계화면
35580350,5280035000,35580,52800,35,52,보안면,Boan-myeon,부안군,전북특별자치도,전북특별자치도 부안군 보안면
35580360,5280036000,35580,52800,35,52,변산면,Byeonsan-myeon,부안군,전북특별자치도,전북특별자치도 부안군 변산면
35580370,5280037000,35580,52800,35,52,진서면,Jinseo-myeon,부안군,전북특별자치도,전북특별자치도 부안군 진서면
35580380,5280038000,35580,52800,35,52,백산면,Baeksan-myeon,부안군,전북특별자치도,전북특별자치도 부안군 백산면
35580390,5280039000,35580,52800,35,52,상서면,Sangseo-myeon,부안군,전북특별자치도,전북특별자치도 부안군 상서면
35580400,5280040000,35580,52800,35,52,하서면,Haseo-myeon,부안군,전북특별자치도,전북특별자치도 부안군 하서면
35580410,5280041000,35580,52800,35,52,줄포면,Julpo-myeon,부안군,전북특별자치도,전북특별자치도 부안군 줄포면
35580420,5280042000,35580,52800,35,52,위도면,Wido-myeon,부안군,전북특별자치도,전북특별자치도 부안군 위도면
37011110,4711125000,37011,47111,37,47,구룡포읍,Guryongpo-eup,포항시남구,경상북도,경상북도 포항시남구 구룡포읍
37011120,4711125300,37011,47111,37,47,연일읍,Yeonil-eup,포항시남구,경상북도,경상북도 포항시남구 연일읍
37011130,4711125600,37011,47111,37,47,오천읍,Ocheon-eup,포항시남구,경상북도,경상북도 포항시남구 오천읍
37011310,4711131000,37011,47111,37,47,대송면,Daesong-myeon,포항시남구,경상북도,경상북도 포항시남구 대송면
37011320,4711132000,37011,47111,37,47,동해면,Donghae-myeon,포항시남구,경상북도,경상북도 포항시남구 동해면
37011330,4711133000,37011,47111,37,47,장기면,Janggi-myeon,포항시남구,경상북도,경상북도 포항시남구 장기면
37011350,4711135000,37011,47111,37,47,호미곶면,Homigot-myeon,포항시남구,경상북도,경상북도 포항시남구 호미곶면
37011550,4711155000,37011,47111,37,47,송도동,Songdo-dong,포항시남구,경상북도,경상북도 포항시남구 송도동
37011560,4711156000,37011,47111,37,47,청림동,Cheongnim-dong,포항시남구,경상북도,경상북도 포항시남구 청림동
37011570,4711157000,37011,47111,37,47,제철동,Jecheol-dong,포항시남구,경상북도,경상북도 포항시남구 제철동
37011580,4711158000,37011,47111,37,47,효곡동,Hyogok-dong,포항시남구,경상북도,경상북도 포항시남구 효곡동
37011590,4711159000,37011,47111,37,47,대이동,Daei-dong,포항시남구,경상북도,경상북도 포항시남구 대이동
37011600,4711152500,37011,47111,37,47,상대동,Sangdae-dong,포항시남구,경상북도,경상북도 포항시남구 상대동
37011610,4711154500,37011,47111,37,47,해도동,Haedo-dong,포항시남구,경상북도,경상북도 포항시남구 해도동
37012110,4711325000,37012,47113,37,47,흥해읍,Heunghae-eup,포항시북구,경상북도,경상북도 포항시북구 흥해읍
37012310,4711331000,37012,47113,37,47,신광면,Singwang-myeon,포항시북구,경상북도,경상북도 포항시북구 신광면
37012320,4711332000,37012,47113,37,47,청하면,Cheongha-myeon,포항시북구,경상북도,경상북도 포항시북구 청하면
37012330,4711333000,37012,47113,37,47,송라면,Songna-myeon,포항시북구,경상북도,경상북도 포항시북구 송라면
37012340,4711334000,37012,47113,37,47,기계면,Gigye-myeon,포항시북구,경상북도,경상북도 포항시북구 기계면
37012350,4711335000,37012,47113,37,47,죽장면,Jukjang-myeon,포항시북구,경상북도,경상북도 포항시북구 죽장면
37012360,4711336000,37012,47113,37,47,기북면,Gibuk-myeon,포항시북구,경상북도,경상북도 포항시북구 기북면
37012580,4711363000,37012,47113,37,47,양학동,Yanghak-dong,포항시북구,경상북도,경상북도 포항시북구 양학동
37012610,4711366500,37012,47113,37,47,용흥동,Yongheung-dong,포항시북구,경상북도,경상북도 포항시북구 용흥동
37012630,4711368000,37012,47113,37,47,우창동,Uchang-dong,포항시북구,경상북도,경상북도 포항시북구 우창동
37012640,4711369000,37012,47113,37,47,두호동,Duho-dong,포항시북구,경상북도,경상북도 포항시북구 두호동
37012650,4711370000,37012,47113,37,47,장량동,Jangnyang-dong,포항시북구,경상북도,경상북도 포항시북구 장량동
37012660,4711371000,37012,47113,37,47,환여동,Hwanyeo-dong,포항시북구,경상북도,경상북도 포항시북구 환여동
37012670,4711352000,37012,47113,37,47,중앙동,Jungang-dong,포항시북구,경상북도,경상북도 포항시북구 중앙동
37012680,4711365500,37012,47113,37,47,죽도동,Jukdo-dong,포항시북구,경상북도,경상북도 포항시북구 죽도동
37020110,4713025000,37020,47130,37,47,감포읍,Gampo-eup,경주시,경상북도,경상북도 경주시 감포읍
37020120,4713025300,37020,47130,37,47,안강읍,Angang-eup,경주시,경상북도,경상북도 경주시 안강읍
37020130,4713025600,37020,47130,37,47,건천읍,Geoncheon-eup,경주시,경상북도,경상북도 경주시 건천읍
37020140,4713025900,37020,47130,37,47,외동읍,Oedong-eup,경주시,경상북도,경상북도 경주시 외동읍
37020320,4713032000,37020,47130,37,47,양남면,Yangnam-myeon,경주시,경상북도,경상북도 경주시 양남면
37020330,4713033000,37020,47130,37,47,내남면,Naenam-myeon,경주시,경상북도,경상북도 경주시 내남면
37020340,4713034000,37020,47130,37,47,산내면,Sannae-myeon,경주시,경상북도,경상북도 경주시 산내면
37020350,4713035000,37020,47130,37,47,서면,Seo-myeon,경주시,경상북도,경상북도 경주시 서면
37020360,4713036000,37020,47130,37,47,현곡면,Hyeongok-myeon,경주시,경상북도,경상북도 경주시 현곡면
37020370,4713037000,37020,47130,37,47,강동면,Gangdong-myeon,경주시,경상북도,경상북도 경주시 강동면
37020380,4713038000,37020,47130,37,47,천북면,Cheonbuk-myeon,경주시,경상북도,경상북도 경주시 천북면
37020390,4713031500,37020,47130,37,47,문무대왕면,Munmudaewang-myeon,경주시,경상북도,경상북도 경주시 문무대왕면
37020550,4713055000,37020,47130,37,47,성건동,Seonggeon-dong,경주시,경상북도,경상북도 경주시 성건동
37020580,4713060500,37020,47130,37,47,월성동,Wolseong-dong,경주시,경상북도,경상북도 경주시 월성동
37020590,4713059000,37020,47130,37,47,선도동,Seondo-dong,경주시,경상북도,경상북도 경주시 선도동
37020620,4713061500,37020,47130,37,47,용강동,Yonggang-dong,경주시,경상북도,경상북도 경주시 용강동
37020630,4713062100,37020,47130,37,47,황성동,Hwangseong-dong,경주시,경상북도,경상북도 경주시 황성동
37020640,4713063000,37020,47130,37,47,동천동,Dongcheon-dong,경주시,경상북도,경상북도 경주시 동천동
37020660,4713065000,37020,47130,37,47,불국동,Bulguk-dong,경주시,경상북도,경상북도 경주시 불국동
37020670,4713066000,37020,47130,37,47,보덕동,Bodeok-dong,경주시,경상북도,경상북도 경주시 보덕동
37020680,4713053000,37020,47130,37,47,황오동,Hwango-dong,경주시,경상북도,경상북도 경주시 황오동
37020690,4713057000,37020,47130,37,47,황남동,Hwangnam-dong,경주시,경상북도,경상북도 경주시 황남동
37030110,4715025000,37030,47150,37,47,아포읍,Apo-eup,김천시,경상북도,경상북도 김천시 아포읍
37030310,4715031000,37030,47150,37,47,농소면,Nongso-myeon,김천시,경상북도,경상북도 김천시 농소면
37030320,4715032000,37030,47150,37,47,남면,Nam-myeon,김천시,경상북도,경상북도 김천시 남면
37030330,4715034000,37030,47150,37,47,개령면,Gaeryeong-myeon,김천시,경상북도,경상북도 김천시 개령면
37030340,4715035000,37030,47150,37,47,감문면,Gammun-myeon,김천시,경상북도,경상북도 김천시 감문면
37030350,4715036000,37030,47150,37,47,어모면,Eomo-myeon,김천시,경상북도,경상북도 김천시 어모면
37030360,4715037000,37030,47150,37,47,봉산면,Bongsan-myeon,김천시,경상북도,경상북도 김천시 봉산면
37030370,4715038000,37030,47150,37,47,대항면,Daehang-myeon,김천시,경상북도,경상북도 김천시 대항면
37030380,4715039000,37030,47150,37,47,감천면,Gamcheon-myeon,김천시,경상북도,경상북도 김천시 감천면
37030390,4715040000,37030,47150,37,47,조마면,Joma-myeon,김천시,경상북도,경상북도 김천시 조마면
37030400,4715041000,37030,47150,37,47,구성면,Guseong-myeon,김천시,경상북도,경상북도 김천시 구성면
37030410,4715042000,37030,47150,37,47,지례면,Jirye-myeon,김천시,경상북도,경상북도 김천시 지례면
37030420,4715043000,37030,47150,37,47,부항면,Buhang-myeon,김천시,경상북도,경상북도 김천시 부항면
37030430,4715044000,37030,47150,37,47,대덕면,Daedeok-myeon,김천시,경상북도,경상북도 김천시 대덕면
37030440,4715045000,37030,47150,37,47,증산면,Jeungsan-myeon,김천시,경상북도,경상북도 김천시 증산면
37030550,4715056500,37030,47150,37,47,양금동,Yanggeum-dong,김천시,경상북도,경상북도 김천시 양금동
37030560,4715057500,37030,47150,37,47,대신동,Daesin-dong,김천시,경상북도,경상북도 김천시 대신동
37030580,4715059500,37030,47150,37,47,대곡동,Daegok-dong,김천시,경상북도,경상북도 김천시 대곡동
37030590,4715061000,37030,47150,37,47,지좌동,Jijwa-dong,김천시,경상북도,경상북도 김천시 지좌동
37030600,4715051600,37030,47150,37,47,자산동,Jasan-dong,김천시,경상북도,경상북도 김천시 자산동
37030610,4715053600,37030,47150,37,47,평화남산동,Pyeonghwanamsan-dong,김천시,경상북도,경상북도 김천시 평화남산동
37030620,4715064000,37030,47150,37,47,율곡동,Yulgok-dong,김천시,경상북도,경상북도 김천시 율곡동
37040110,4717025000,37040,47170,37,47,풍산읍,Pungsan-eup,안동시,경상북도,경상북도 안동시 풍산읍
37040310,4717031000,37040,47170,37,47,와룡면,Waryong-myeon,안동시,경상북도,경상북도 안동시 와룡면
37040320,4717032000,37040,47170,37,47,북후면,Buku-myeon,안동시,경상북도,경상북도 안동시 북후면
37040330,4717033000,37040,47170,37,47,서후면,Seohu-myeon,안동시,경상북도,경상북도 안동시 서후면
37040340,4717034000,37040,47170,37,47,풍천면,Pungcheon-myeon,안동시,경상북도,경상북도 안동시 풍천면
37040350,4717035000,37040,47170,37,47,일직면,Iljik-myeon,안동시,경상북도,경상북도 안동시 일직면
37040360,4717036000,37040,47170,37,47,남후면,Namhu-myeon,안동시,경상북도,경상북도 안동시 남후면
37040370,4717037000,37040,47170,37,47,남선면,Namseon-myeon,안동시,경상북도,경상북도 안동시 남선면
37040380,4717038000,37040,47170,37,47,임하면,Imha-myeon,안동시,경상북도,경상북도 안동시 임하면
37040390,4717039000,37040,47170,37,47,길안면,Giran-myeon,안동시,경상북도,경상북도 안동시 길안면
37040400,4717040000,37040,47170,37,47,임동면,Imdong-myeon,안동시,경상북도,경상북도 안동시 임동면
37040410,4717041000,37040,47170,37,47,예안면,Yean-myeon,안동시,경상북도,경상북도 안동시 예안면
37040420,4717042000,37040,47170,37,47,도산면,Dosan-myeon,안동시,경상북도,경상북도 안동시 도산면
37040430,4717043000,37040,47170,37,47,녹전면,Nokjeon-myeon,안동시,경상북도,경상북도 안동시 녹전면
37040510,4717051000,37040,47170,37,47,중구동,Junggu-dong,안동시,경상북도,경상북도 안동시 중구동
37040520,4717052000,37040,47170,37,47,명륜동,Myeongnyun-dong,안동시,경상북도,경상북도 안동시 명륜동
37040540,4717055500,37040,47170,37,47,용상동,Yongsang-dong,안동시,경상북도,경상북도 안동시 용상동
37040560,4717060000,37040,47170,37,47,태화동,Taehwa-dong,안동시,경상북도,경상북도 안동시 태화동
37040580,4717062000,37040,47170,37,47,평화동,Pyeonghwa-dong,안동시,경상북도,경상북도 안동시 평화동
37040590,4717063000,37040,47170,37,47,안기동,Angi-dong,안동시,경상북도,경상북도 안동시 안기동
37040600,4717065000,37040,47170,37,47,옥동,Ok-dong,안동시,경상북도,경상북도 안동시 옥동
37040610,4717066000,37040,47170,37,47,송하동,Songha-dong,안동시,경상북도,경상북도 안동시 송하동
37040620,4717058500,37040,47170,37,47,서구동,Seogu-dong,안동시,경상북도,경상북도 안동시 서구동
37040630,4717069000,37040,47170,37,47,강남동,Gangnam-dong,안동시,경상북도,경상북도 안동시 강남동
37050110,4719025000,37050,47190,37,47,선산읍,Seonsan-eup,구미시,경상북도,경상북도 구미시 선산읍
37050120,4719025300,37050,47190,37,47,고아읍,Goa-eup,구미시,경상북도,경상북도 구미시 고아읍
37050130,4719025600,37050,47190,37,47,산동읍,Sandong-eup,구미시,경상북도,경상북도 구미시 산동읍
37050310,4719031000,37050,47190,37,47,무을면,Mueul-myeon,구미시,경상북도,경상북도 구미시 무을면
37050320,4719032000,37050,47190,37,47,옥성면,Okseong-myeon,구미시,경상북도,경상북도 구미시 옥성면
37050330,4719033000,37050,47190,37,47,도개면,Dogae-myeon,구미시,경상북도,경상북도 구미시 도개면
37050340,4719034000,37050,47190,37,47,해평면,Haepyeong-myeon,구미시,경상북도,경상북도 구미시 해평면
37050360,4719036000,37050,47190,37,47,장천면,Jangcheon-myeon,구미시,경상북도,경상북도 구미시 장천면
37050510,4719051000,37050,47190,37,47,송정동,Songjeong-dong,구미시,경상북도,경상북도 구미시 송정동
37050550,4719055100,37050,47190,37,47,도량동,Doryang-dong,구미시,경상북도,경상북도 구미시 도량동
37050560,4719055500,37050,47190,37,47,지산동,Jisan-dong,구미시,경상북도,경상북도 구미시 지산동
37050570,4719056500,37050,47190,37,47,선주원남동,Seonjuwonnam-dong,구미시,경상북도,경상북도 구미시 선주원남동
37050590,4719058200,37050,47190,37,47,형곡1동,Hyeonggok1-dong,구미시,경상북도,경상북도 구미시 형곡1동
37050600,4719058300,37050,47190,37,47,형곡2동,Hyeonggok2-dong,구미시,경상북도,경상북도 구미시 형곡2동
37050610,4719059000,37050,47190,37,47,신평1동,Sinpyeong1-dong,구미시,경상북도,경상북도 구미시 신평1동
37050620,4719060000,37050,47190,37,47,신평2동,Sinpyeong2-dong,구미시,경상북도,경상북도 구미시 신평2동
37050660,4719063000,37050,47190,37,47,광평동,Gwangpyeong-dong,구미시,경상북도,경상북도 구미시 광평동
37050670,4719064500,37050,47190,37,47,상모사곡동,Sangmosagok-dong,구미시,경상북도,경상북도 구미시 상모사곡동
37050690,4719066000,37050,47190,37,47,임오동,Imo-dong,구미시,경상북도,경상북도 구미시 임오동
37050700,4719067000,37050,47190,37,47,인동동,Indong-dong,구미시,경상북도,경상북도 구미시 인동동
37050710,4719068000,37050,47190,37,47,진미동,Jinmi-dong,구미시,경상북도,경상북도 구미시 진미동
37050720,4719069000,37050,47190,37,47,양포동,Yangpo-dong,구미시,경상북도,경상북도 구미시 양포동
37050730,4719061000,37050,47190,37,47,비산동,Bisan-dong,구미시,경상북도,경상북도 구미시 비산동
37050740,4719070000,37050,47190,37,47,공단동,Gongdan-dong,구미시,경상북도,경상북도 구미시 공단동
37050750,4719053500,37050,47190,37,47,원평동,Wonpyeong-dong,구미시,경상북도,경상북도 구미시 원평동
37060110,4721025000,37060,47210,37,47,풍기읍,Punggi-eup,영주시,경상북도,경상북도 영주시 풍기읍
37060310,4721031000,37060,47210,37,47,이산면,Isan-myeon,영주시,경상북도,경상북도 영주시 이산면
37060320,4721032000,37060,47210,37,47,평은면,Pyeongeun-myeon,영주시,경상북도,경상북도 영주시 평은면
37060330,4721033000,37060,47210,37,47,문수면,Munsu-myeon,영주시,경상북도,경상북도 영주시 문수면
37060340,4721034000,37060,47210,37,47,장수면,Jangsu-myeon,영주시,경상북도,경상북도 영주시 장수면
37060350,4721035000,37060,47210,37,47,안정면,Anjeong-myeon,영주시,경상북도,경상북도 영주시 안정면
37060360,4721036000,37060,47210,37,47,봉현면,Bonghyeon-myeon,영주시,경상북도,경상북도 영주시 봉현면
37060370,4721037000,37060,47210,37,47,순흥면,Sunheung-myeon,영주시,경상북도,경상북도 영주시 순흥면
37060380,4721038000,37060,47210,37,47,단산면,Dansan-myeon,영주시,경상북도,경상북도 영주시 단산면
37060390,4721039000,37060,47210,37,47,부석면,Buseok-myeon,영주시,경상북도,경상북도 영주시 부석면
37060510,4721051000,37060,47210,37,47,상망동,Sangmang-dong,영주시,경상북도,경상북도 영주시 상망동
37060530,4721052500,37060,47210,37,47,하망동,Hamang-dong,영주시,경상북도,경상북도 영주시 하망동
37060550,4721055000,37060,47210,37,47,영주1동,Yeongju1-dong,영주시,경상북도,경상북도 영주시 영주1동
37060580,4721056000,37060,47210,37,47,영주2동,Yeongju2-dong,영주시,경상북도,경상북도 영주시 영주2동
37060590,4721059000,37060,47210,37,47,휴천1동,Hyucheon1-dong,영주시,경상북도,경상북도 영주시 휴천1동
37060600,4721060000,37060,47210,37,47,휴천2동,Hyucheon2-dong,영주시,경상북도,경상북도 영주시 휴천2동
37060610,4721061000,37060,47210,37,47,휴천3동,Hyucheon3-dong,영주시,경상북도,경상북도 영주시 휴천3동
37060620,4721062000,37060,47210,37,47,가흥1동,Gaheung1-dong,영주시,경상북도,경상북도 영주시 가흥1동
37060630,4721063000,37060,47210,37,47,가흥2동,Gaheung2-dong,영주시,경상북도,경상북도 영주시 가흥2동
37070110,4723025000,37070,47230,37,47,금호읍,Geumho-eup,영천시,경상북도,경상북도 영천시 금호읍
37070310,4723031000,37070,47230,37,47,청통면,Cheongtong-myeon,영천시,경상북도,경상북도 영천시 청통면
37070320,4723032000,37070,47230,37,47,신녕면,Sinnyeong-myeon,영천시,경상북도,경상북도 영천시 신녕면
37070330,4723033000,37070,47230,37,47,화산면,Hwasan-myeon,영천시,경상북도,경상북도 영천시 화산면
37070340,4723034000,37070,47230,37,47,화북면,Hwabuk-myeon,영천시,경상북도,경상북도 영천시 화북면
37070350,4723035000,37070,47230,37,47,화남면,Hwanam-myeon,영천시,경상북도,경상북도 영천시 화남면
37070360,4723036000,37070,47230,37,47,자양면,Jayang-myeon,영천시,경상북도,경상북도 영천시 자양면
37070370,4723037000,37070,47230,37,47,임고면,Imgo-myeon,영천시,경상북도,경상북도 영천시 임고면
37070380,4723038000,37070,47230,37,47,고경면,Gogyeong-myeon,영천시,경상북도,경상북도 영천시 고경면
37070390,4723039000,37070,47230,37,47,북안면,Bugan-myeon,영천시,경상북도,경상북도 영천시 북안면
37070400,4723040000,37070,47230,37,47,대창면,Daechang-myeon,영천시,경상북도,경상북도 영천시 대창면
37070510,4723051000,37070,47230,37,47,동부동,Dongbu-dong,영천시,경상북도,경상북도 영천시 동부동
37070520,4723052000,37070,47230,37,47,중앙동,Jungang-dong,영천시,경상북도,경상북도 영천시 중앙동
37070530,4723053500,37070,47230,37,47,서부동,Seobu-dong,영천시,경상북도,경상북도 영천시 서부동
37070540,4723054000,37070,47230,37,47,완산동,Wansan-dong,영천시,경상북도,경상북도 영천시 완산동
37070550,4723055500,37070,47230,37,47,남부동,Nambu-dong,영천시,경상북도,경상북도 영천시 남부동
37080110,4725025000,37080,47250,37,47,함창읍,Hamchang-eup,상주시,경상북도,경상북도 상주시 함창읍
37080320,4725031000,37080,47250,37,47,중동면,Jungdong-myeon,상주시,경상북도,경상북도 상주시 중동면
37080330,4725033000,37080,47250,37,47,낙동면,Nakdong-myeon,상주시,경상북도,경상북도 상주시 낙동면
37080340,4725034000,37080,47250,37,47,청리면,Cheongni-myeon,상주시,경상북도,경상북도 상주시 청리면
37080350,4725035000,37080,47250,37,47,공성면,Gongseong-myeon,상주시,경상북도,경상북도 상주시 공성면
37080360,4725036000,37080,47250,37,47,외남면,Oenam-myeon,상주시,경상북도,경상북도 상주시 외남면
37080370,4725037000,37080,47250,37,47,내서면,Naeseo-myeon,상주시,경상북도,경상북도 상주시 내서면
37080380,4725038000,37080,47250,37,47,모동면,Modong-myeon,상주시,경상북도,경상북도 상주시 모동면
37080390,4725039000,37080,47250,37,47,모서면,Moseo-myeon,상주시,경상북도,경상북도 상주시 모서면
37080400,4725040000,37080,47250,37,47,화동면,Hwadong-myeon,상주시,경상북도,경상북도 상주시 화동면
37080410,4725041000,37080,47250,37,47,화서면,Hwaseo-myeon,상주시,경상북도,경상북도 상주시 화서면
37080420,4725042000,37080,47250,37,47,화북면,Hwabuk-myeon,상주시,경상북도,경상북도 상주시 화북면
37080430,4725043000,37080,47250,37,47,외서면,Oeseo-myeon,상주시,경상북도,경상북도 상주시 외서면
37080440,4725044000,37080,47250,37,47,은척면,Euncheok-myeon,상주시,경상북도,경상북도 상주시 은척면
37080450,4725045000,37080,47250,37,47,공검면,Gonggeom-myeon,상주시,경상북도,경상북도 상주시 공검면
37080460,4725046000,37080,47250,37,47,이안면,Ian-myeon,상주시,경상북도,경상북도 상주시 이안면
37080470,4725047000,37080,47250,37,47,화남면,Hwanam-myeon,상주시,경상북도,경상북도 상주시 화남면
37080480,4725032500,37080,47250,37,47,사벌국면,Sabeolguk-myeon,상주시,경상북도,경상북도 상주시 사벌국면
37080520,4725052000,37080,47250,37,47,남원동,Namwon-dong,상주시,경상북도,경상북도 상주시 남원동
37080530,4725053000,37080,47250,37,47,북문동,Bungmun-dong,상주시,경상북도,경상북도 상주시 북문동
37080540,4725054000,37080,47250,37,47,계림동,Gyerim-dong,상주시,경상북도,경상북도 상주시 계림동
37080550,4725055000,37080,47250,37,47,동문동,Dongmun-dong,상주시,경상북도,경상북도 상주시 동문동
37080560,4725056000,37080,47250,37,47,동성동,Dongseong-dong,상주시,경상북도,경상북도 상주시 동성동
37080570,4725057000,37080,47250,37,47,신흥동,Sinheung-dong,상주시,경상북도,경상북도 상주시 신흥동
37090110,4728025000,37090,47280,37,47,문경읍,Mungyeong-eup,문경시,경상북도,경상북도 문경시 문경읍
37090120,4728025300,37090,47280,37,47,가은읍,Gaeun-eup,문경시,경상북도,경상북도 문경시 가은읍
37090310,4728031000,37090,47280,37,47,영순면,Yeongsun-myeon,문경시,경상북도,경상북도 문경시 영순면
37090320,4728032000,37090,47280,37,47,산양면,Sanyang-myeon,문경시,경상북도,경상북도 문경시 산양면
37090330,4728033000,37090,47280,37,47,호계면,Hogye-myeon,문경시,경상북도,경상북도 문경시 호계면
37090340,4728034000,37090,47280,37,47,산북면,Sanbuk-myeon,문경시,경상북도,경상북도 문경시 산북면
37090350,4728035000,37090,47280,37,47,동로면,Dongno-myeon,문경시,경상북도,경상북도 문경시 동로면
37090360,4728036000,37090,47280,37,47,마성면,Maseong-myeon,문경시,경상북도,경상북도 문경시 마성면
37090370,4728037000,37090,47280,37,47,농암면,Nongam-myeon,문경시,경상북도,경상북도 문경시 농암면
37090570,4728057000,37090,47280,37,47,점촌1동,Jeomchon1-dong,문경시,경상북도,경상북도 문경시 점촌1동
37090580,4728058000,37090,47280,37,47,점촌2동,Jeomchon2-dong,문경시,경상북도,경상북도 문경시 점촌2동
37090590,4728059000,37090,47280,37,47,점촌3동,Jeomchon3-dong,문경시,경상북도,경상북도 문경시 점촌3동
37090600,4728060000,37090,47280,37,47,점촌4동,Jeomchon4-dong,문경시,경상북도,경상북도 문경시 점촌4동
37090610,4728061000,37090,47280,37,47,점촌5동,Jeomchon5-dong,문경시,경상북도,경상북도 문경시 점촌5동
37100110,4729025000,37100,47290,37,47,하양읍,Hayang-eup,경산시,경상북도,경상북도 경산시 하양읍
37100120,4729025300,37100,47290,37,47,진량읍,Jillyang-eup,경산시,경상북도,경상북도 경산시 진량읍
37100130,4729025600,37100,47290,37,47,압량읍,Amnyang-eup,경산시,경상북도,경상북도 경산시 압량읍
37100310,4729031000,37100,47290,37,47,와촌면,Wachon-myeon,경산시,경상북도,경상북도 경산시 와촌면
37100320,4729033000,37100,47290,37,47,자인면,Jain-myeon,경산시,경상북도,경상북도 경산시 자인면
37100330,4729034000,37100,47290,37,47,용성면,Yongseong-myeon,경산시,경상북도,경상북도 경산시 용성면
37100340,4729035000,37100,47290,37,47,남산면,Namsan-myeon,경산시,경상북도,경상북도 경산시 남산면
37100360,4729037000,37100,47290,37,47,남천면,Namcheon-myeon,경산시,경상북도,경상북도 경산시 남천면
37100510,4729052000,37100,47290,37,47,중앙동,Jungang-dong,경산시,경상북도,경상북도 경산시 중앙동
37100520,4729056000,37100,47290,37,47,동부동,Dongbu-dong,경산시,경상북도,경상북도 경산시 동부동
37100530,4729054100,37100,47290,37,47,서부1동,Seobu1-dong,경산시,경상북도,경상북도 경산시 서부1동
37100540,4729053000,37100,47290,37,47,남부동,Nambu-dong,경산시,경상북도,경상북도 경산시 남부동
37100550,4729055000,37100,47290,37,47,북부동,Bukbu-dong,경산시,경상북도,경상북도 경산시 북부동
37100560,4729051000,37100,47290,37,47,중방동,Jungbang-dong,경산시,경상북도,경상북도 경산시 중방동
37100570,4729054200,37100,47290,37,47,서부2동,Seobu2-dong,경산시,경상북도,경상북도 경산시 서부2동
37520110,4773025000,37520,47730,37,47,의성읍,Uiseong-eup,의성군,경상북도,경상북도 의성군 의성읍
37520310,4773031000,37520,47730,37,47,단촌면,Danchon-myeon,의성군,경상북도,경상북도 의성군 단촌면
37520320,4773032000,37520,47730,37,47,점곡면,Jeomgok-myeon,의성군,경상북도,경상북도 의성군 점곡면
37520330,4773033000,37520,47730,37,47,옥산면,Oksan-myeon,의성군,경상북도,경상북도 의성군 옥산면
37520340,4773034000,37520,47730,37,47,사곡면,Sagok-myeon,의성군,경상북도,경상북도 의성군 사곡면
37520350,4773035000,37520,47730,37,47,춘산면,Chunsan-myeon,의성군,경상북도,경상북도 의성군 춘산면
37520360,4773036000,37520,47730,37,47,가음면,Gaeum-myeon,의성군,경상북도,경상북도 의성군 가음면
37520370,4773037000,37520,47730,37,47,금성면,Geumseong-myeon,의성군,경상북도,경상북도 의성군 금성면
37520380,4773038000,37520,47730,37,47,봉양면,Bongyang-myeon,의성군,경상북도,경상북도 의성군 봉양면
37520390,4773039000,37520,47730,37,47,비안면,Bian-myeon,의성군,경상북도,경상북도 의성군 비안면
37520400,4773040000,37520,47730,37,47,구천면,Gucheon-myeon,의성군,경상북도,경상북도 의성군 구천면
37520410,4773041000,37520,47730,37,47,단밀면,Danmil-myeon,의성군,경상북도,경상북도 의성군 단밀면
37520420,4773042000,37520,47730,37,47,단북면,Danbuk-myeon,의성군,경상북도,경상북도 의성군 단북면
37520430,4773043000,37520,47730,37,47,안계면,Angye-myeon,의성군,경상북도,경상북도 의성군 안계면
37520440,4773044000,37520,47730,37,47,다인면,Dain-myeon,의성군,경상북도,경상북도 의성군 다인면
37520450,4773045000,37520,47730,37,47,신평면,Sinpyeong-myeon,의성군,경상북도,경상북도 의성군 신평면
37520460,4773046000,37520,47730,37,47,안평면,Anpyeong-myeon,의성군,경상북도,경상북도 의성군 안평면
37520470,4773047000,37520,47730,37,47,안사면,Ansa-myeon,의성군,경상북도,경상북도 의성군 안사면
37530110,4775025000,37530,47750,37,47,청송읍,Cheongsong-eup,청송군,경상북도,경상북도 청송군 청송읍
37530320,4775032000,37530,47750,37,47,부남면,Bunam-myeon,청송군,경상북도,경상북도 청송군 부남면
37530330,4775033000,37530,47750,37,47,현동면,Hyeondong-myeon,청송군,경상북도,경상북도 청송군 현동면
37530340,4775034000,37530,47750,37,47,현서면,Hyeonseo-myeon,청송군,경상북도,경상북도 청송군 현서면
37530350,4775035000,37530,47750,37,47,안덕면,Andeok-myeon,청송군,경상북도,경상북도 청송군 안덕면
37530360,4775036000,37530,47750,37,47,파천면,Pacheon-myeon,청송군,경상북도,경상북도 청송군 파천면
37530370,4775037000,37530,47750,37,47,진보면,Jinbo-myeon,청송군,경상북도,경상북도 청송군 진보면
37530380,4775031500,37530,47750,37,47,주왕산면,Juwangsan-myeon,청송군,경상북도,경상북도 청송군 주왕산면
37540110,4776025000,37540,47760,37,47,영양읍,Yeongyang-eup,영양군,경상북도,경상북도 영양군 영양읍
37540310,4776031000,37540,47760,37,47,입암면,Ibam-myeon,영양군,경상북도,경상북도 영양군 입암면
37540320,4776032000,37540,47760,37,47,청기면,Cheonggi-myeon,영양군,경상북도,경상북도 영양군 청기면
37540330,4776033000,37540,47760,37,47,일월면,Irwol-myeon,영양군,경상북도,경상북도 영양군 일월면
37540340,4776034000,37540,47760,37,47,수비면,Subi-myeon,영양군,경상북도,경상북도 영양군 수비면
37540350,4776035000,37540,47760,37,47,석보면,Seokbo-myeon,영양군,경상북도,경상북도 영양군 석보면
37550110,4777025000,37550,47770,37,47,영덕읍,Yeongdeok-eup,영덕군,경상북도,경상북도 영덕군 영덕읍
37550310,4777031000,37550,47770,37,47,강구면,Ganggu-myeon,영덕군,경상북도,경상북도 영덕군 강구면
37550320,4777032000,37550,47770,37,47,남정면,Namjeong-myeon,영덕군,경상북도,경상북도 영덕군 남정면
37550330,4777033000,37550,47770,37,47,달산면,Dalsan-myeon,영덕군,경상북도,경상북도 영덕군 달산면
37550340,4777034000,37550,47770,37,47,지품면,Jipum-myeon,영덕군,경상북도,경상북도 영덕군 지품면
37550350,4777035000,37550,47770,37,47,축산면,Chuksan-myeon,영덕군,경상북도,경상북도 영덕군 축산면
37550360,4777036000,37550,47770,37,47,영해면,Yeonghae-myeon,영덕군,경상북도,경상북도 영덕군 영해면
37550370,4777037000,37550,47770,37,47,병곡면,Byeonggok-myeon,영덕군,경상북도,경상북도 영덕군 병곡면
37550380,4777038000,37550,47770,37,47,창수면,Changsu-myeon,영덕군,경상북도,경상북도 영덕군 창수면
37560110,4782025000,37560,47820,37,47,화양읍,Hwayang-eup,청도군,경상북도,경상북도 청도군 화양읍
37560120,4782025300,37560,47820,37,47,청도읍,Cheongdo-eup,청도군,경상북도,경상북도 청도군 청도읍
37560310,4782031000,37560,47820,37,47,각남면,Gangnam-myeon,청도군,경상북도,경상북도 청도군 각남면
37560320,4782032000,37560,47820,37,47,풍각면,Punggak-myeon,청도군,경상북도,경상북도 청도군 풍각면
37560330,4782033000,37560,47820,37,47,각북면,Gakbuk-myeon,청도군,경상북도,경상북도 청도군 각북면
37560340,4782034000,37560,47820,37,47,이서면,Iseo-myeon,청도군,경상북도,경상북도 청도군 이서면
37560350,4782035000,37560,47820,37,47,운문면,Unmun-myeon,청도군,경상북도,경상북도 청도군 운문면
37560360,4782036000,37560,47820,37,47,금천면,Geumcheon-myeon,청도군,경상북도,경상북도 청도군 금천면
37560370,4782037000,37560,47820,37,47,매전면,Maejeon-myeon,청도군,경상북도,경상북도 청도군 매전면
37570120,4783025300,37570,47830,37,47,대가야읍,Daegaya-eup,고령군,경상북도,경상북도 고령군 대가야읍
37570310,4783031000,37570,47830,37,47,덕곡면,Deokgok-myeon,고령군,경상북도,경상북도 고령군 덕곡면
37570320,4783032000,37570,47830,37,47,운수면,Unsu-myeon,고령군,경상북도,경상북도 고령군 운수면
37570330,4783033000,37570,47830,37,47,성산면,Seongsan-myeon,고령군,경상북도,경상북도 고령군 성산면
37570340,4783034000,37570,47830,37,47,다산면,Dasan-myeon,고령군,경상북도,경상북도 고령군 다산면
37570350,4783035000,37570,47830,37,47,개진면,Gaejin-myeon,고령군,경상북도,경상북도 고령군 개진면
37570360,4783036000,37570,47830,37,47,우곡면,Ugok-myeon,고령군,경상북도,경상북도 고령군 우곡면
37570370,4783037000,37570,47830,37,47,쌍림면,Ssangnim-myeon,고령군,경상북도,경상북도 고령군 쌍림면
37580110,4784025000,37580,47840,37,47,성주읍,Seongju-eup,성주군,경상북도,경상북도 성주군 성주읍
37580310,4784031000,37580,47840,37,47,선남면,Seonnam-myeon,성주군,경상북도,경상북도 성주군 선남면
37580320,4784032000,37580,47840,37,47,용암면,Yongam-myeon,성주군,경상북도,경상북도 성주군 용암면
37580330,4784033000,37580,47840,37,47,수륜면,Suryun-myeon,성주군,경상북도,경상북도 성주군 수륜면
37580340,4784034000,37580,47840,37,47,가천면,Gacheon-myeon,성주군,경상북도,경상북도 성주군 가천면
37580351,4784035500,37580,47840,37,47,금수강산면,Geumsugangsan-myeon,성주군,경상북도,경상북도 성주군 금수강산면
37580360,4784036000,37580,47840,37,47,대가면,Daega-myeon,성주군,경상북도,경상북도 성주군 대가면
37580370,4784037000,37580,47840,37,47,벽진면,Byeokjin-myeon,성주군,경상북도,경상북도 성주군 벽진면
37580380,4784038000,37580,47840,37,47,초전면,Chojeon-myeon,성주군,경상북도,경상북도 성주군 초전면
37580390,4784039000,37580,47840,37,47,월항면,Wolhang-myeon,성주군,경상북도,경상북도 성주군 월항면
37590110,4785025000,37590,47850,37,47,왜관읍,Waegwan-eup,칠곡군,경상북도,경상북도 칠곡군 왜관읍
37590120,4785025300,37590,47850,37,47,북삼읍,Buksam-eup,칠곡군,경상북도,경상북도 칠곡군 북삼읍
37590130,4785025600,37590,47850,37,47,석적읍,Seokjeok-eup,칠곡군,경상북도,경상북도 칠곡군 석적읍
37590310,4785031000,37590,47850,37,47,지천면,Jicheon-myeon,칠곡군,경상북도,경상북도 칠곡군 지천면
37590320,4785032000,37590,47850,37,47,동명면,Dongmyeong-myeon,칠곡군,경상북도,경상북도 칠곡군 동명면
37590330,4785033000,37590,47850,37,47,가산면,Gasan-myeon,칠곡군,경상북도,경상북도 칠곡군 가산면
37590360,4785036000,37590,47850,37,47,약목면,Yangmok-myeon,칠곡군,경상북도,경상북도 칠곡군 약목면
37590370,4785037000,37590,47850,37,47,기산면,Gisan-myeon,칠곡군,경상북도,경상북도 칠곡군 기산면
37600110,4790025000,37600,47900,37,47,예천읍,Yecheon-eup,예천군,경상북도,경상북도 예천군 예천읍
37600121,4790025300,37600,47900,37,47,호명읍,Homyeong-eup,예천군,경상북도,경상북도 예천군 호명읍
37600310,4790031000,37600,47900,37,47,용문면,Yongmun-myeon,예천군,경상북도,경상북도 예천군 용문면
37600340,4790034000,37600,47900,37,47,감천면,Gamcheon-myeon,예천군,경상북도,경상북도 예천군 감천면
37600350,4790035000,37600,47900,37,47,보문면,Bomun-myeon,예천군,경상북도,경상북도 예천군 보문면
37600370,4790037000,37600,47900,37,47,유천면,Yucheon-myeon,예천군,경상북도,경상북도 예천군 유천면
37600380,4790038000,37600,47900,37,47,용궁면,Yonggung-myeon,예천군,경상북도,경상북도 예천군 용궁면
37600390,4790039000,37600,47900,37,47,개포면,Gaepo-myeon,예천군,경상북도,경상북도 예천군 개포면
37600400,4790040000,37600,47900,37,47,지보면,Jibo-myeon,예천군,경상북도,경상북도 예천군 지보면
37600410,4790041000,37600,47900,37,47,풍양면,Pungyang-myeon,예천군,경상북도,경상북도 예천군 풍양면
37600420,4790042000,37600,47900,37,47,효자면,Hyoja-myeon,예천군,경상북도,경상북도 예천군 효자면
37600430,4790043000,37600,47900,37,47,은풍면,Eunpung-myeon,예천군,경상북도,경상북도 예천군 은풍면
37610110,4792025000,37610,47920,37,47,봉화읍,Bonghwa-eup,봉화군,경상북도,경상북도 봉화군 봉화읍
37610310,4792031000,37610,47920,37,47,물야면,Murya-myeon,봉화군,경상북도,경상북도 봉화군 물야면
37610320,4792032000,37610,47920,37,47,봉성면,Bongseong-myeon,봉화군,경상북도,경상북도 봉화군 봉성면
37610330,4792033000,37610,47920,37,47,법전면,Beopjeon-myeon,봉화군,경상북도,경상북도 봉화군 법전면
37610340,4792034000,37610,47920,37,47,춘양면,Chunyang-myeon,봉화군,경상북도,경상북도 봉화군 춘양면
37610350,4792035000,37610,47920,37,47,소천면,Socheon-myeon,봉화군,경상북도,경상북도 봉화군 소천면
37610360,4792039000,37610,47920,37,47,석포면,Seokpo-myeon,봉화군,경상북도,경상북도 봉화군 석포면
37610370,4792036000,37610,47920,37,47,재산면,Jaesan-myeon,봉화군,경상북도,경상북도 봉화군 재산면
37610380,4792037000,37610,47920,37,47,명호면,Myeongho-myeon,봉화군,경상북도,경상북도 봉화군 명호면
37610390,4792038000,37610,47920,37,47,상운면,Sangun-myeon,봉화군,경상북도,경상북도 봉화군 상운면
37620110,4793025000,37620,47930,37,47,울진읍,Uljin-eup,울진군,경상북도,경상북도 울진군 울진읍
37620120,4793025300,37620,47930,37,47,평해읍,Pyeonghae-eup,울진군,경상북도,경상북도 울진군 평해읍
37620310,4793031000,37620,47930,37,47,북면,Buk-myeon,울진군,경상북도,경상북도 울진군 북면
37620330,4793033000,37620,47930,37,47,근남면,Geunnam-myeon,울진군,경상북도,경상북도 울진군 근남면
37620350,4793035000,37620,47930,37,47,기성면,Giseong-myeon,울진군,경상북도,경상북도 울진군 기성면
37620360,4793036000,37620,47930,37,47,온정면,Onjeong-myeon,울진군,경상북도,경상북도 울진군 온정면
37620370,4793037000,37620,47930,37,47,죽변면,Jukbyeon-myeon,울진군,경상북도,경상북도 울진군 죽변면
37620380,4793038000,37620,47930,37,47,후포면,Hupo-myeon,울진군,경상북도,경상북도 울진군 후포면
37620390,4793039000,37620,47930,37,47,금강송면,Geumgangsong-myeon,울진군,경상북도,경상북도 울진군 금강송면
37620400,4793040000,37620,47930,37,47,매화면,Maehwa-myeon,울진군,경상북도,경상북도 울진군 매화면
37630110,4794025000,37630,47940,37,47,울릉읍,Ulleung-eup,울릉군,경상북도,경상북도 울릉군 울릉읍
37630310,4794031000,37630,47940,37,47,서면,Seo-myeon,울릉군,경상북도,경상북도 울릉군 서면
37630320,4794032000,37630,47940,37,47,북면,Buk-myeon,울릉군,경상북도,경상북도 울릉군 북면
38030110,4817025000,38030,48170,38,48,문산읍,Munsan-eup,진주시,경상남도,경상남도 진주시 문산읍
38030310,4817031000,38030,48170,38,48,내동면,Naedong-myeon,진주시,경상남도,경상남도 진주시 내동면
38030320,4817032000,38030,48170,38,48,정촌면,Jeongchon-myeon,진주시,경상남도,경상남도 진주시 정촌면
38030330,4817033000,38030,48170,38,48,금곡면,Geumgok-myeon,진주시,경상남도,경상남도 진주시 금곡면
38030340,4817035000,38030,48170,38,48,진성면,Jinseong-myeon,진주시,경상남도,경상남도 진주시 진성면
38030350,4817036000,38030,48170,38,48,일반성면,Ilbanseong-myeon,진주시,경상남도,경상남도 진주시 일반성면
38030360,4817037000,38030,48170,38,48,이반성면,Ibanseong-myeon,진주시,경상남도,경상남도 진주시 이반성면
38030370,4817038000,38030,48170,38,48,사봉면,Sabong-myeon,진주시,경상남도,경상남도 진주시 사봉면
38030380,4817039000,38030,48170,38,48,지수면,Jisu-myeon,진주시,경상남도,경상남도 진주시 지수면
38030390,4817040000,38030,48170,38,48,대곡면,Daegok-myeon,진주시,경상남도,경상남도 진주시 대곡면
38030400,4817041000,38030,48170,38,48,금산면,Geumsan-myeon,진주시,경상남도,경상남도 진주시 금산면
38030410,4817042000,38030,48170,38,48,집현면,Jipyeon-myeon,진주시,경상남도,경상남도 진주시 집현면
38030420,4817043000,38030,48170,38,48,미천면,Micheon-myeon,진주시,경상남도,경상남도 진주시 미천면
38030430,4817044000,38030,48170,38,48,명석면,Myeongseok-myeon,진주시,경상남도,경상남도 진주시 명석면
38030440,4817045000,38030,48170,38,48,대평면,Daepyeong-myeon,진주시,경상남도,경상남도 진주시 대평면
38030450,4817046000,38030,48170,38,48,수곡면,Sugok-myeon,진주시,경상남도,경상남도 진주시 수곡면
38030650,4817068000,38030,48170,38,48,상평동,Sangpyeong-dong,진주시,경상남도,경상남도 진주시 상평동
38030660,4817069500,38030,48170,38,48,초장동,Chojang-dong,진주시,경상남도,경상남도 진주시 초장동
38030670,4817071000,38030,48170,38,48,평거동,Pyeonggeo-dong,진주시,경상남도,경상남도 진주시 평거동
38030680,4817071500,38030,48170,38,48,신안동,Sinan-dong,진주시,경상남도,경상남도 진주시 신안동
38030690,4817072000,38030,48170,38,48,이현동,Ihyeon-dong,진주시,경상남도,경상남도 진주시 이현동
38030700,4817073000,38030,48170,38,48,판문동,Panmun-dong,진주시,경상남도,경상남도 진주시 판문동
38030710,4817074000,38030,48170,38,48,가호동,Gaho-dong,진주시,경상남도,경상남도 진주시 가호동
38030720,4817051500,38030,48170,38,48,천전동,Cheonjeon-dong,진주시,경상남도,경상남도 진주시 천전동
38030730,4817055500,38030,48170,38,48,성북동,Seongbuk-dong,진주시,경상남도,경상남도 진주시 성북동
38030740,4817056500,38030,48170,38,48,중앙동,Jungang-dong,진주시,경상남도,경상남도 진주시 중앙동
38030750,4817059500,38030,48170,38,48,상봉동,Sangbong-dong,진주시,경상남도,경상남도 진주시 상봉동
38030760,4817075000,38030,48170,38,48,충무공동,Chungmugong-dong,진주시,경상남도,경상남도 진주시 충무공동
38030770,4817067300,38030,48170,38,48,상대동,Sangdae-dong,진주시,경상남도,경상남도 진주시 상대동
38030780,4817067800,38030,48170,38,48,하대동,Hadae-dong,진주시,경상남도,경상남도 진주시 하대동
38050110,4822025000,38050,48220,38,48,산양읍,Sanyang-eup,통영시,경상남도,경상남도 통영시 산양읍
38050310,4822031000,38050,48220,38,48,용남면,Yongnam-myeon,통영시,경상남도,경상남도 통영시 용남면
38050320,4822033000,38050,48220,38,48,도산면,Dosan-myeon,통영시,경상남도,경상남도 통영시 도산면
38050330,4822034000,38050,48220,38,48,광도면,Gwangdo-myeon,통영시,경상남도,경상남도 통영시 광도면
38050340,4822035000,38050,48220,38,48,욕지면,Yokji-myeon,통영시,경상남도,경상남도 통영시 욕지면
38050350,4822036000,38050,48220,38,48,한산면,Hansan-myeon,통영시,경상남도,경상남도 통영시 한산면
38050360,4822037000,38050,48220,38,48,사량면,Saryang-myeon,통영시,경상남도,경상남도 통영시 사량면
38050520,4822053000,38050,48220,38,48,명정동,Myeongjeong-dong,통영시,경상남도,경상남도 통영시 명정동
38050530,4822055000,38050,48220,38,48,중앙동,Jungang-dong,통영시,경상남도,경상남도 통영시 중앙동
38050540,4822059000,38050,48220,38,48,정량동,Jeongnyang-dong,통영시,경상남도,경상남도 통영시 정량동
38050550,4822060000,38050,48220,38,48,북신동,Buksin-dong,통영시,경상남도,경상남도 통영시 북신동
38050560,4822070000,38050,48220,38,48,무전동,Mujeon-dong,통영시,경상남도,경상남도 통영시 무전동
38050620,4822051000,38050,48220,38,48,도천동,Docheon-dong,통영시,경상남도,경상남도 통영시 도천동
38050630,4822066500,38050,48220,38,48,미수동,Misu-dong,통영시,경상남도,경상남도 통영시 미수동
38050640,4822067000,38050,48220,38,48,봉평동,Bongpyeong-dong,통영시,경상남도,경상남도 통영시 봉평동
38060110,4824025000,38060,48240,38,48,사천읍,Sacheon-eup,사천시,경상남도,경상남도 사천시 사천읍
38060310,4824031000,38060,48240,38,48,정동면,Jeongdong-myeon,사천시,경상남도,경상남도 사천시 정동면
38060320,4824032000,38060,48240,38,48,사남면,Sanam-myeon,사천시,경상남도,경상남도 사천시 사남면
38060330,4824033000,38060,48240,38,48,용현면,Yonghyeon-myeon,사천시,경상남도,경상남도 사천시 용현면
38060340,4824034000,38060,48240,38,48,축동면,Chukdong-myeon,사천시,경상남도,경상남도 사천시 축동면
38060350,4824035000,38060,48240,38,48,곤양면,Gonyang-myeon,사천시,경상남도,경상남도 사천시 곤양면
38060360,4824036000,38060,48240,38,48,곤명면,Gonmyeong-myeon,사천시,경상남도,경상남도 사천시 곤명면
38060370,4824037000,38060,48240,38,48,서포면,Seopo-myeon,사천시,경상남도,경상남도 사천시 서포면
38060510,4824051000,38060,48240,38,48,동서동,Dongseo-dong,사천시,경상남도,경상남도 사천시 동서동
38060520,4824052000,38060,48240,38,48,선구동,Seongu-dong,사천시,경상남도,경상남도 사천시 선구동
38060530,4824053000,38060,48240,38,48,동서금동,Dongseogeum-dong,사천시,경상남도,경상남도 사천시 동서금동
38060550,4824055000,38060,48240,38,48,벌용동,Beoryong-dong,사천시,경상남도,경상남도 사천시 벌용동
38060570,4824057000,38060,48240,38,48,향촌동,Hyangchon-dong,사천시,경상남도,경상남도 사천시 향촌동
38060590,4824059500,38060,48240,38,48,남양동,Namyang-dong,사천시,경상남도,경상남도 사천시 남양동
38070110,4825025000,38070,48250,38,48,진영읍,Jinyeong-eup,김해시,경상남도,경상남도 김해시 진영읍
38070320,4825032000,38070,48250,38,48,주촌면,Juchon-myeon,김해시,경상남도,경상남도 김해시 주촌면
38070330,4825033000,38070,48250,38,48,진례면,Jillye-myeon,김해시,경상남도,경상남도 김해시 진례면
38070340,4825034000,38070,48250,38,48,한림면,Hallim-myeon,김해시,경상남도,경상남도 김해시 한림면
38070350,4825035000,38070,48250,38,48,생림면,Saengnim-myeon,김해시,경상남도,경상남도 김해시 생림면
38070360,4825036000,38070,48250,38,48,상동면,Sangdong-myeon,김해시,경상남도,경상남도 김해시 상동면
38070370,4825037000,38070,48250,38,48,대동면,Daedong-myeon,김해시,경상남도,경상남도 김해시 대동면
38070510,4825051000,38070,48250,38,48,동상동,Dongsang-dong,김해시,경상남도,경상남도 김해시 동상동
38070520,4825052000,38070,48250,38,48,회현동,Hoehyeon-dong,김해시,경상남도,경상남도 김해시 회현동
38070530,4825053000,38070,48250,38,48,부원동,Buwon-dong,김해시,경상남도,경상남도 김해시 부원동
38070540,4825054000,38070,48250,38,48,내외동,Naeoe-dong,김해시,경상남도,경상남도 김해시 내외동
38070550,4825055000,38070,48250,38,48,북부동,Bukbu-dong,김해시,경상남도,경상남도 김해시 북부동
38070560,4825056500,38070,48250,38,48,칠산서부동,Chilsanseobu-dong,김해시,경상남도,경상남도 김해시 칠산서부동
38070580,4825058000,38070,48250,38,48,활천동,Hwalcheon-dong,김해시,경상남도,경상남도 김해시 활천동
38070590,4825059000,38070,48250,38,48,삼안동,Saman-dong,김해시,경상남도,경상남도 김해시 삼안동
38070600,4825060000,38070,48250,38,48,불암동,Buram-dong,김해시,경상남도,경상남도 김해시 불암동
38070610,4825061000,38070,48250,38,48,장유1동,Jangyu1-dong,김해시,경상남도,경상남도 김해시 장유1동
38070620,4825062000,38070,48250,38,48,장유2동,Jangyu2-dong,김해시,경상남도,경상남도 김해시 장유2동
38070630,4825063000,38070,48250,38,48,장유3동,Jangyu3-dong,김해시,경상남도,경상남도 김해시 장유3동
38080110,4827025000,38080,48270,38,48,삼랑진읍,Samnangjin-eup,밀양시,경상남도,경상남도 밀양시 삼랑진읍
38080120,4827025300,38080,48270,38,48,하남읍,Hanam-eup,밀양시,경상남도,경상남도 밀양시 하남읍
38080310,4827031000,38080,48270,38,48,부북면,Bubuk-myeon,밀양시,경상남도,경상남도 밀양시 부북면
38080320,4827032000,38080,48270,38,48,상동면,Sangdong-myeon,밀양시,경상남도,경상남도 밀양시 상동면
38080330,4827033000,38080,48270,38,48,산외면,Sanoe-myeon,밀양시,경상남도,경상남도 밀양시 산외면
38080340,4827034000,38080,48270,38,48,산내면,Sannae-myeon,밀양시,경상남도,경상남도 밀양시 산내면
38080350,4827035000,38080,48270,38,48,단장면,Danjang-myeon,밀양시,경상남도,경상남도 밀양시 단장면
38080360,4827036000,38080,48270,38,48,상남면,Sangnam-myeon,밀양시,경상남도,경상남도 밀양시 상남면
38080370,4827037000,38080,48270,38,48,초동면,Chodong-myeon,밀양시,경상남도,경상남도 밀양시 초동면
38080380,4827038000,38080,48270,38,48,무안면,Muan-myeon,밀양시,경상남도,경상남도 밀양시 무안면
38080390,4827039000,38080,48270,38,48,청도면,Cheongdo-myeon,밀양시,경상남도,경상남도 밀양시 청도면
38080510,4827051000,38080,48270,38,48,내일동,Naeil-dong,밀양시,경상남도,경상남도 밀양시 내일동
38080520,4827052000,38080,48270,38,48,내이동,Naei-dong,밀양시,경상남도,경상남도 밀양시 내이동
38080530,4827055000,38080,48270,38,48,교동,Gyo-dong,밀양시,경상남도,경상남도 밀양시 교동
38080540,4827053000,38080,48270,38,48,삼문동,Sammun-dong,밀양시,경상남도,경상남도 밀양시 삼문동
38080550,4827054000,38080,48270,38,48,가곡동,Gagok-dong,밀양시,경상남도,경상남도 밀양시 가곡동
38090310,4831031000,38090,48310,38,48,일운면,Irun-myeon,거제시,경상남도,경상남도 거제시 일운면
38090320,4831032000,38090,48310,38,48,동부면,Dongbu-myeon,거제시,경상남도,경상남도 거제시 동부면
38090330,4831033000,38090,48310,38,48,남부면,Nambu-myeon,거제시,경상남도,경상남도 거제시 남부면
38090340,4831034000,38090,48310,38,48,거제면,Geoje-myeon,거제시,경상남도,경상남도 거제시 거제면
38090350,4831035000,38090,48310,38,48,둔덕면,Dundeok-myeon,거제시,경상남도,경상남도 거제시 둔덕면
38090360,4831036000,38090,48310,38,48,사등면,Sadeung-myeon,거제시,경상남도,경상남도 거제시 사등면
38090370,4831037000,38090,48310,38,48,연초면,Yeoncho-myeon,거제시,경상남도,경상남도 거제시 연초면
38090380,4831038000,38090,48310,38,48,하청면,Hacheong-myeon,거제시,경상남도,경상남도 거제시 하청면
38090390,4831039000,38090,48310,38,48,장목면,Jangmok-myeon,거제시,경상남도,경상남도 거제시 장목면
38090530,4831053000,38090,48310,38,48,능포동,Neungpo-dong,거제시,경상남도,경상남도 거제시 능포동
38090540,4831054000,38090,48310,38,48,아주동,Aju-dong,거제시,경상남도,경상남도 거제시 아주동
38090550,4831055000,38090,48310,38,48,옥포1동,Okpo1-dong,거제시,경상남도,경상남도 거제시 옥포1동
38090560,4831056000,38090,48310,38,48,옥포2동,Okpo2-dong,거제시,경상남도,경상남도 거제시 옥포2동
38090570,4831057000,38090,48310,38,48,장평동,Jangpyeong-dong,거제시,경상남도,경상남도 거제시 장평동
38090580,4831058000,38090,48310,38,48,고현동,Gohyeon-dong,거제시,경상남도,경상남도 거제시 고현동
38090590,4831059000,38090,48310,38,48,상문동,Sangmun-dong,거제시,경상남도,경상남도 거제시 상문동
38090600,4831060000,38090,48310,38,48,수양동,Suyang-dong,거제시,경상남도,경상남도 거제시 수양동
38090610,4831051000,38090,48310,38,48,장승포동,Jangseungpo-dong,거제시,경상남도,경상남도 거제시 장승포동
38100120,4833025300,38100,48330,38,48,물금읍,Mulgeum-eup,양산시,경상남도,경상남도 양산시 물금읍
38100310,4833031000,38100,48330,38,48,동면,Dong-myeon,양산시,경상남도,경상남도 양산시 동면
38100320,4833032000,38100,48330,38,48,원동면,Wondong-myeon,양산시,경상남도,경상남도 양산시 원동면
38100330,4833033000,38100,48330,38,48,상북면,Sangbuk-myeon,양산시,경상남도,경상남도 양산시 상북면
38100340,4833034000,38100,48330,38,48,하북면,Habuk-myeon,양산시,경상남도,경상남도 양산시 하북면
38100520,4833052000,38100,48330,38,48,삼성동,Samseong-dong,양산시,경상남도,경상남도 양산시 삼성동
38100530,4833053000,38100,48330,38,48,강서동,Gangseo-dong,양산시,경상남도,경상남도 양산시 강서동
38100540,4833054000,38100,48330,38,48,서창동,Seochang-dong,양산시,경상남도,경상남도 양산시 서창동
38100550,4833055000,38100,48330,38,48,소주동,Soju-dong,양산시,경상남도,경상남도 양산시 소주동
38100560,4833056000,38100,48330,38,48,평산동,Pyeongsan-dong,양산시,경상남도,경상남도 양산시 평산동
38100570,4833057000,38100,48330,38,48,덕계동,Deokgye-dong,양산시,경상남도,경상남도 양산시 덕계동
38100580,4833051000,38100,48330,38,48,중앙동,Jungang-dong,양산시,경상남도,경상남도 양산시 중앙동
38100590,4833051500,38100,48330,38,48,양주동,Yangju-dong,양산시,경상남도,경상남도 양산시 양주동
38111110,4812125000,38111,48121,38,48,동읍,Dong-eup,창원시의창구,경상남도,경상남도 창원시의창구 동읍
38111310,4812131000,38111,48121,38,48,북면,Buk-myeon,창원시의창구,경상남도,경상남도 창원시의창구 북면
38111320,4812132000,38111,48121,38,48,대산면,Daesan-myeon,창원시의창구,경상남도,경상남도 창원시의창구 대산면
38111510,4812151000,38111,48121,38,48,의창동,Uichang-dong,창원시의창구,경상남도,경상남도 창원시의창구 의창동
38111520,4812152000,38111,48121,38,48,팔룡동,Pallyong-dong,창원시의창구,경상남도,경상남도 창원시의창구 팔룡동
38111530,4812153000,38111,48121,38,48,명곡동,Myeonggok-dong,창원시의창구,경상남도,경상남도 창원시의창구 명곡동
38111540,4812154000,38111,48121,38,48,봉림동,Bongnim-dong,창원시의창구,경상남도,경상남도 창원시의창구 봉림동
38112510,4812351000,38112,48123,38,48,반송동,Bansong-dong,창원시성산구,경상남도,경상남도 창원시성산구 반송동
38112520,4812352000,38112,48123,38,48,중앙동,Jungang-dong,창원시성산구,경상남도,경상남도 창원시성산구 중앙동
38112530,4812353000,38112,48123,38,48,상남동,Sangnam-dong,창원시성산구,경상남도,경상남도 창원시성산구 상남동
38112540,4812354000,38112,48123,38,48,사파동,Sapa-dong,창원시성산구,경상남도,경상남도 창원시성산구 사파동
38112550,4812355000,38112,48123,38,48,가음정동,Gaeumjeong-dong,창원시성산구,경상남도,경상남도 창원시성산구 가음정동
38112560,4812356000,38112,48123,38,48,성주동,Seongju-dong,창원시성산구,경상남도,경상남도 창원시성산구 성주동
38112570,4812357000,38112,48123,38,48,웅남동,Ungnam-dong,창원시성산구,경상남도,경상남도 창원시성산구 웅남동
38112580,4812351500,38112,48123,38,48,용지동,Yongji-dong,창원시성산구,경상남도,경상남도 창원시성산구 용지동
38113310,4812531000,38113,48125,38,48,구산면,Gusan-myeon,창원시마산합포구,경상남도,경상남도 창원시마산합포구 구산면
38113320,4812532000,38113,48125,38,48,진동면,Jindong-myeon,창원시마산합포구,경상남도,경상남도 창원시마산합포구 진동면
38113330,4812533000,38113,48125,38,48,진북면,Jinbuk-myeon,창원시마산합포구,경상남도,경상남도 창원시마산합포구 진북면
38113340,4812534000,38113,48125,38,48,진전면,Jinjeon-myeon,창원시마산합포구,경상남도,경상남도 창원시마산합포구 진전면
38113510,4812551000,38113,48125,38,48,현동,Hyeon-dong,창원시마산합포구,경상남도,경상남도 창원시마산합포구 현동
38113520,4812552000,38113,48125,38,48,가포동,Gapo-dong,창원시마산합포구,경상남도,경상남도 창원시마산합포구 가포동
38113530,4812553000,38113,48125,38,48,월영동,Woryeong-dong,창원시마산합포구,경상남도,경상남도 창원시마산합포구 월영동
38113540,4812554000,38113,48125,38,48,문화동,Munhwa-dong,창원시마산합포구,경상남도,경상남도 창원시마산합포구 문화동
38113570,4812557000,38113,48125,38,48,완월동,Wanwol-dong,창원시마산합포구,경상남도,경상남도 창원시마산합포구 완월동
38113580,4812558000,38113,48125,38,48,자산동,Jasan-dong,창원시마산합포구,경상남도,경상남도 창원시마산합포구 자산동
38113640,4812564000,38113,48125,38,48,합포동,Happo-dong,창원시마산합포구,경상남도,경상남도 창원시마산합포구 합포동
38113650,4812565000,38113,48125,38,48,산호동,Sanho-dong,창원시마산합포구,경상남도,경상남도 창원시마산합포구 산호동
38113660,4812556500,38113,48125,38,48,반월중앙동,Banwoljungang-dong,창원시마산합포구,경상남도,경상남도 창원시마산합포구 반월중앙동
38113670,4812563000,38113,48125,38,48,오동동,Odong-dong,창원시마산합포구,경상남도,경상남도 창원시마산합포구 오동동
38113680,4812561000,38113,48125,38,48,교방동,Gyobang-dong,창원시마산합포구,경상남도,경상남도 창원시마산합포구 교방동
38114110,4812725000,38114,48127,38,48,내서읍,Naeseo-eup,창원시마산회원구,경상남도,경상남도 창원시마산회원구 내서읍
38114510,4812751000,38114,48127,38,48,회원1동,Hoewon1-dong,창원시마산회원구,경상남도,경상남도 창원시마산회원구 회원1동
38114520,4812752000,38114,48127,38,48,회원2동,Hoewon2-dong,창원시마산회원구,경상남도,경상남도 창원시마산회원구 회원2동
38114550,4812755000,38114,48127,38,48,회성동,Hoeseong-dong,창원시마산회원구,경상남도,경상남도 창원시마산회원구 회성동
38114560,4812756000,38114,48127,38,48,양덕1동,Yangdeok1-dong,창원시마산회원구,경상남도,경상남도 창원시마산회원구 양덕1동
38114570,4812757000,38114,48127,38,48,양덕2동,Yangdeok2-dong,창원시마산회원구,경상남도,경상남도 창원시마산회원구 양덕2동
38114580,4812758000,38114,48127,38,48,합성1동,Hapseong1-dong,창원시마산회원구,경상남도,경상남도 창원시마산회원구 합성1동
38114590,4812759000,38114,48127,38,48,합성2동,Hapseong2-dong,창원시마산회원구,경상남도,경상남도 창원시마산회원구 합성2동
38114600,4812760000,38114,48127,38,48,구암1동,Guam1-dong,창원시마산회원구,경상남도,경상남도 창원시마산회원구 구암1동
38114610,4812761000,38114,48127,38,48,구암2동,Guam2-dong,창원시마산회원구,경상남도,경상남도 창원시마산회원구 구암2동
38114620,4812762000,38114,48127,38,48,봉암동,Bongam-dong,창원시마산회원구,경상남도,경상남도 창원시마산회원구 봉암동
38114630,4812754500,38114,48127,38,48,석전동,Seokjeon-dong,창원시마산회원구,경상남도,경상남도 창원시마산회원구 석전동
38115540,4812954000,38115,48129,38,48,여좌동,Yeojwa-dong,창원시진해구,경상남도,경상남도 창원시진해구 여좌동
38115550,4812955000,38115,48129,38,48,태백동,Taebaek-dong,창원시진해구,경상남도,경상남도 창원시진해구 태백동
38115560,4812956000,38115,48129,38,48,경화동,Gyeonghwa-dong,창원시진해구,경상남도,경상남도 창원시진해구 경화동
38115570,4812957000,38115,48129,38,48,병암동,Byeongam-dong,창원시진해구,경상남도,경상남도 창원시진해구 병암동
38115580,4812958000,38115,48129,38,48,석동,Seok-dong,창원시진해구,경상남도,경상남도 창원시진해구 석동
38115590,4812959000,38115,48129,38,48,이동,I-dong,창원시진해구,경상남도,경상남도 창원시진해구 이동
38115600,4812960000,38115,48129,38,48,자은동,Jaeun-dong,창원시진해구,경상남도,경상남도 창원시진해구 자은동
38115610,4812961000,38115,48129,38,48,덕산동,Deoksan-dong,창원시진해구,경상남도,경상남도 창원시진해구 덕산동
38115620,4812962000,38115,48129,38,48,풍호동,Pungho-dong,창원시진해구,경상남도,경상남도 창원시진해구 풍호동
38115630,4812963000,38115,48129,38,48,웅천동,Ungcheon-dong,창원시진해구,경상남도,경상남도 창원시진해구 웅천동
38115640,4812964000,38115,48129,38,48,웅동1동,Ungdong1-dong,창원시진해구,경상남도,경상남도 창원시진해구 웅동1동
38115650,4812965000,38115,48129,38,48,웅동2동,Ungdong2-dong,창원시진해구,경상남도,경상남도 창원시진해구 웅동2동
38115660,4812953000,38115,48129,38,48,충무동,Chungmu-dong,창원시진해구,경상남도,경상남도 창원시진해구 충무동
38510110,4872025000,38510,48720,38,48,의령읍,Uiryeong-eup,의령군,경상남도,경상남도 의령군 의령읍
38510310,4872031000,38510,48720,38,48,가례면,Garye-myeon,의령군,경상남도,경상남도 의령군 가례면
38510320,4872032000,38510,48720,38,48,칠곡면,Chilgok-myeon,의령군,경상남도,경상남도 의령군 칠곡면
38510330,4872033000,38510,48720,38,48,대의면,Daeui-myeon,의령군,경상남도,경상남도 의령군 대의면
38510340,4872034000,38510,48720,38,48,화정면,Hwajeong-myeon,의령군,경상남도,경상남도 의령군 화정면
38510350,4872035000,38510,48720,38,48,용덕면,Yongdeok-myeon,의령군,경상남도,경상남도 의령군 용덕면
38510360,4872036000,38510,48720,38,48,정곡면,Jeonggok-myeon,의령군,경상남도,경상남도 의령군 정곡면
38510370,4872037000,38510,48720,38,48,지정면,Jijeong-myeon,의령군,경상남도,경상남도 의령군 지정면
38510380,4872038000,38510,48720,38,48,낙서면,Nakseo-myeon,의령군,경상남도,경상남도 의령군 낙서면
38510390,4872039000,38510,48720,38,48,부림면,Burim-myeon,의령군,경상남도,경상남도 의령군 부림면
38510400,4872040000,38510,48720,38,48,봉수면,Bongsu-myeon,의령군,경상남도,경상남도 의령군 봉수면
38510410,4872041500,38510,48720,38,48,궁류면,Gungnyu-myeon,의령군,경상남도,경상남도 의령군 궁류면
38510420,4872042000,38510,48720,38,48,유곡면,Yugok-myeon,의령군,경상남도,경상남도 의령군 유곡면
38520110,4873025000,38520,48730,38,48,가야읍,Gaya-eup,함안군,경상남도,경상남도 함안군 가야읍
38520120,4873025300,38520,48730,38,48,칠원읍,Chirwon-eup,함안군,경상남도,경상남도 함안군 칠원읍
38520310,4873031000,38520,48730,38,48,함안면,Haman-myeon,함안군,경상남도,경상남도 함안군 함안면
38520320,4873032000,38520,48730,38,48,군북면,Gunbuk-myeon,함안군,경상남도,경상남도 함안군 군북면
38520330,4873033000,38520,48730,38,48,법수면,Beopsu-myeon,함안군,경상남도,경상남도 함안군 법수면
38520340,4873034000,38520,48730,38,48,대산면,Daesan-myeon,함안군,경상남도,경상남도 함안군 대산면
38520350,4873035000,38520,48730,38,48,칠서면,Chilseo-myeon,함안군,경상남도,경상남도 함안군 칠서면
38520360,4873036000,38520,48730,38,48,칠북면,Chilbuk-myeon,함안군,경상남도,경상남도 함안군 칠북면
38520380,4873038000,38520,48730,38,48,산인면,Sanin-myeon,함안군,경상남도,경상남도 함안군 산인면
38520390,4873039000,38520,48730,38,48,여항면,Yeohang-myeon,함안군,경상남도,경상남도 함안군 여항면
38530110,4874025000,38530,48740,38,48,창녕읍,Changnyeong-eup,창녕군,경상남도,경상남도 창녕군 창녕읍
38530120,4874025300,38530,48740,38,48,남지읍,Namji-eup,창녕군,경상남도,경상남도 창녕군 남지읍
38530310,4874031000,38530,48740,38,48,고암면,Goam-myeon,창녕군,경상남도,경상남도 창녕군 고암면
38530320,4874032000,38530,48740,38,48,성산면,Seongsan-myeon,창녕군,경상남도,경상남도 창녕군 성산면
38530330,4874033000,38530,48740,38,48,대합면,Daehap-myeon,창녕군,경상남도,경상남도 창녕군 대합면
38530340,4874034000,38530,48740,38,48,이방면,Ibang-myeon,창녕군,경상남도,경상남도 창녕군 이방면
38530350,4874035000,38530,48740,38,48,유어면,Yueo-myeon,창녕군,경상남도,경상남도 창녕군 유어면
38530360,4874036000,38530,48740,38,48,대지면,Daeji-myeon,창녕군,경상남도,경상남도 창녕군 대지면
38530370,4874037000,38530,48740,38,48,계성면,Gyeseong-myeon,창녕군,경상남도,경상남도 창녕군 계성면
38530380,4874038000,38530,48740,38,48,영산면,Yeongsan-myeon,창녕군,경상남도,경상남도 창녕군 영산면
38530390,4874039000,38530,48740,38,48,장마면,Jangma-myeon,창녕군,경상남도,경상남도 창녕군 장마면
38530400,4874040000,38530,48740,38,48,도천면,Docheon-myeon,창녕군,경상남도,경상남도 창녕군 도천면
38530410,4874041000,38530,48740,38,48,길곡면,Gilgok-myeon,창녕군,경상남도,경상남도 창녕군 길곡면
38530420,4874042000,38530,48740,38,48,부곡면,Bugok-myeon,창녕군,경상남도,경상남도 창녕군 부곡면
38540110,4882025000,38540,48820,38,48,고성읍,Goseong-eup,고성군,경상남도,경상남도 고성군 고성읍
38540310,4882031000,38540,48820,38,48,삼산면,Samsan-myeon,고성군,경상남도,경상남도 고성군 삼산면
38540320,4882032000,38540,48820,38,48,하일면,Hail-myeon,고성군,경상남도,경상남도 고성군 하일면
38540330,4882033000,38540,48820,38,48,하이면,Hai-myeon,고성군,경상남도,경상남도 고성군 하이면
38540340,4882034000,38540,48820,38,48,상리면,Sangni-myeon,고성군,경상남도,경상남도 고성군 상리면
38540350,4882035000,38540,48820,38,48,대가면,Daega-myeon,고성군,경상남도,경상남도 고성군 대가면
38540360,4882036000,38540,48820,38,48,영현면,Yeonghyeon-myeon,고성군,경상남도,경상남도 고성군 영현면
38540370,4882037000,38540,48820,38,48,영오면,Yeongo-myeon,고성군,경상남도,경상남도 고성군 영오면
38540380,4882038000,38540,48820,38,48,개천면,Gaecheon-myeon,고성군,경상남도,경상남도 고성군 개천면
38540390,4882039000,38540,48820,38,48,구만면,Guman-myeon,고성군,경상남도,경상남도 고성군 구만면
38540400,4882040000,38540,48820,38,48,회화면,Hoehwa-myeon,고성군,경상남도,경상남도 고성군 회화면
38540410,4882041000,38540,48820,38,48,마암면,Maam-myeon,고성군,경상남도,경상남도 고성군 마암면
38540420,4882042000,38540,48820,38,48,동해면,Donghae-myeon,고성군,경상남도,경상남도 고성군 동해면
38540430,4882043000,38540,48820,38,48,거류면,Georyu-myeon,고성군,경상남도,경상남도 고성군 거류면
38550110,4884025000,38550,48840,38,48,남해읍,Namhae-eup,남해군,경상남도,경상남도 남해군 남해읍
38550310,4884031000,38550,48840,38,48,이동면,Idong-myeon,남해군,경상남도,경상남도 남해군 이동면
38550320,4884032000,38550,48840,38,48,상주면,Sangju-myeon,남해군,경상남도,경상남도 남해군 상주면
38550330,4884033000,38550,48840,38,48,삼동면,Samdong-myeon,남해군,경상남도,경상남도 남해군 삼동면
38550340,4884034000,38550,48840,38,48,미조면,Mijo-myeon,남해군,경상남도,경상남도 남해군 미조면
38550350,4884035000,38550,48840,38,48,남면,Nam-myeon,남해군,경상남도,경상남도 남해군 남면
38550360,4884036000,38550,48840,38,48,서면,Seo-myeon,남해군,경상남도,경상남도 남해군 서면
38550370,4884037000,38550,48840,38,48,고현면,Gohyeon-myeon,남해군,경상남도,경상남도 남해군 고현면
38550380,4884038000,38550,48840,38,48,설천면,Seolcheon-myeon,남해군,경상남도,경상남도 남해군 설천면
38550390,4884039000,38550,48840,38,48,창선면,Changseon-myeon,남해군,경상남도,경상남도 남해군 창선면
38560110,4885025000,38560,48850,38,48,하동읍,Hadong-eup,하동군,경상남도,경상남도 하동군 하동읍
38560310,4885031000,38560,48850,38,48,화개면,Hwagae-myeon,하동군,경상남도,경상남도 하동군 화개면
38560320,4885032000,38560,48850,38,48,악양면,Agyang-myeon,하동군,경상남도,경상남도 하동군 악양면
38560330,4885033000,38560,48850,38,48,적량면,Jeongnyang-myeon,하동군,경상남도,경상남도 하동군 적량면
38560340,4885034000,38560,48850,38,48,횡천면,Hoengcheon-myeon,하동군,경상남도,경상남도 하동군 횡천면
38560350,4885035000,38560,48850,38,48,고전면,Gojeon-myeon,하동군,경상남도,경상남도 하동군 고전면
38560360,4885036000,38560,48850,38,48,금남면,Geumnam-myeon,하동군,경상남도,경상남도 하동군 금남면
38560370,4885042000,38560,48850,38,48,금성면,Geumseong-myeon,하동군,경상남도,경상남도 하동군 금성면
38560380,4885037000,38560,48850,38,48,진교면,Jingyo-myeon,하동군,경상남도,경상남도 하동군 진교면
38560390,4885038000,38560,48850,38,48,양보면,Yangbo-myeon,하동군,경상남도,경상남도 하동군 양보면
38560400,4885039000,38560,48850,38,48,북천면,Bukcheon-myeon,하동군,경상남도,경상남도 하동군 북천면
38560410,4885040000,38560,48850,38,48,청암면,Cheongam-myeon,하동군,경상남도,경상남도 하동군 청암면
38560420,4885041000,38560,48850,38,48,옥종면,Okjong-myeon,하동군,경상남도,경상남도 하동군 옥종면
38570110,4886025000,38570,48860,38,48,산청읍,Sancheong-eup,산청군,경상남도,경상남도 산청군 산청읍
38570310,4886031000,38570,48860,38,48,차황면,Chahwang-myeon,산청군,경상남도,경상남도 산청군 차황면
38570320,4886032000,38570,48860,38,48,오부면,Obu-myeon,산청군,경상남도,경상남도 산청군 오부면
38570330,4886033000,38570,48860,38,48,생초면,Saengcho-myeon,산청군,경상남도,경상남도 산청군 생초면
38570340,4886034000,38570,48860,38,48,금서면,Geumseo-myeon,산청군,경상남도,경상남도 산청군 금서면
38570350,4886035000,38570,48860,38,48,삼장면,Samjang-myeon,산청군,경상남도,경상남도 산청군 삼장면
38570360,4886036000,38570,48860,38,48,시천면,Sicheon-myeon,산청군,경상남도,경상남도 산청군 시천면
38570370,4886037000,38570,48860,38,48,단성면,Danseong-myeon,산청군,경상남도,경상남도 산청군 단성면
38570380,4886038000,38570,48860,38,48,신안면,Sinan-myeon,산청군,경상남도,경상남도 산청군 신안면
38570390,4886039000,38570,48860,38,48,생비량면,Saengbiryang-myeon,산청군,경상남도,경상남도 산청군 생비량면
38570400,4886040000,38570,48860,38,48,신등면,Sindeung-myeon,산청군,경상남도,경상남도 산청군 신등면
38580110,4887025000,38580,48870,38,48,함양읍,Hamyang-eup,함양군,경상남도,경상남도 함양군 함양읍
38580310,4887031000,38580,48870,38,48,마천면,Macheon-myeon,함양군,경상남도,경상남도 함양군 마천면
38580320,4887032000,38580,48870,38,48,휴천면,Hyucheon-myeon,함양군,경상남도,경상남도 함양군 휴천면
38580330,4887033000,38580,48870,38,48,유림면,Yurim-myeon,함양군,경상남도,경상남도 함양군 유림면
38580340,4887034000,38580,48870,38,48,수동면,Sudong-myeon,함양군,경상남도,경상남도 함양군 수동면
38580350,4887035000,38580,48870,38,48,지곡면,Jigok-myeon,함양군,경상남도,경상남도 함양군 지곡면
38580360,4887036000,38580,48870,38,48,안의면,Anui-myeon,함양군,경상남도,경상남도 함양군 안의면
38580370,4887037000,38580,48870,38,48,서하면,Seoha-myeon,함양군,경상남도,경상남도 함양군 서하면
38580380,4887038000,38580,48870,38,48,서상면,Seosang-myeon,함양군,경상남도,경상남도 함양군 서상면
38580390,4887039000,38580,48870,38,48,백전면,Baekjeon-myeon,함양군,경상남도,경상남도 함양군 백전면
38580400,4887040000,38580,48870,38,48,병곡면,Byeonggok-myeon,함양군,경상남도,경상남도 함양군 병곡면
38590110,4888025000,38590,48880,38,48,거창읍,Geochang-eup,거창군,경상남도,경상남도 거창군 거창읍
38590310,4888031000,38590,48880,38,48,주상면,Jusang-myeon,거창군,경상남도,경상남도 거창군 주상면
38590320,4888032000,38590,48880,38,48,웅양면,Ungyang-myeon,거창군,경상남도,경상남도 거창군 웅양면
38590330,4888033000,38590,48880,38,48,고제면,Goje-myeon,거창군,경상남도,경상남도 거창군 고제면
38590340,4888034000,38590,48880,38,48,북상면,Buksang-myeon,거창군,경상남도,경상남도 거창군 북상면
38590350,4888035000,38590,48880,38,48,위천면,Wicheon-myeon,거창군,경상남도,경상남도 거창군 위천면
38590360,4888036000,38590,48880,38,48,마리면,Mari-myeon,거창군,경상남도,경상남도 거창군 마리면
38590370,4888037000,38590,48880,38,48,남상면,Namsang-myeon,거창군,경상남도,경상남도 거창군 남상면
38590380,4888038000,38590,48880,38,48,남하면,Namha-myeon,거창군,경상남도,경상남도 거창군 남하면
38590390,4888039000,38590,48880,38,48,신원면,Sinwon-myeon,거창군,경상남도,경상남도 거창군 신원면
38590400,4888040000,38590,48880,38,48,가조면,Gajo-myeon,거창군,경상남도,경상남도 거창군 가조면
38590410,4888041000,38590,48880,38,48,가북면,Gabuk-myeon,거창군,경상남도,경상남도 거창군 가북면
38600110,4889025000,38600,48890,38,48,합천읍,Hapcheon-eup,합천군,경상남도,경상남도 합천군 합천읍
38600310,4889031000,38600,48890,38,48,봉산면,Bongsan-myeon,합천군,경상남도,경상남도 합천군 봉산면
38600320,4889032000,38600,48890,38,48,묘산면,Myosan-myeon,합천군,경상남도,경상남도 합천군 묘산면
38600330,4889033000,38600,48890,38,48,가야면,Gaya-myeon,합천군,경상남도,경상남도 합천군 가야면
38600340,4889034000,38600,48890,38,48,야로면,Yaro-myeon,합천군,경상남도,경상남도 합천군 야로면
38600350,4889035000,38600,48890,38,48,율곡면,Yulgok-myeon,합천군,경상남도,경상남도 합천군 율곡면
38600360,4889036000,38600,48890,38,48,초계면,Chogye-myeon,합천군,경상남도,경상남도 합천군 초계면
38600370,4889037000,38600,48890,38,48,쌍책면,Ssangchaek-myeon,합천군,경상남도,경상남도 합천군 쌍책면
38600380,4889038000,38600,48890,38,48,덕곡면,Deokgok-myeon,합천군,경상남도,경상남도 합천군 덕곡면
38600390,4889039000,38600,48890,38,48,청덕면,Cheongdeok-myeon,합천군,경상남도,경상남도 합천군 청덕면
38600400,4889040000,38600,48890,38,48,적중면,Jeokjung-myeon,합천군,경상남도,경상남도 합천군 적중면
38600410,4889041000,38600,48890,38,48,대양면,Daeyang-myeon,합천군,경상남도,경상남도 합천군 대양면
38600420,4889042000,38600,48890,38,48,쌍백면,Ssangbaek-myeon,합천군,경상남도,경상남도 합천군 쌍백면
38600430,4889043000,38600,48890,38,48,삼가면,Samga-myeon,합천군,경상남도,경상남도 합천군 삼가면
38600440,4889044000,38600,48890,38,48,가회면,Gahoe-myeon,합천군,경상남도,경상남도 합천군 가회면
38600450,4889045000,38600,48890,38,48,대병면,Daebyeong-myeon,합천군,경상남도,경상남도 합천군 대병면
38600460,4889046000,38600,48890,38,48,용주면,Yongju-myeon,합천군,경상남도,경상남도 합천군 용주면
39010110,5011025000,39010,50110,39,50,한림읍,Hallim-eup,제주시,제주특별자치도,제주특별자치도 제주시 한림읍
39010120,5011025300,39010,50110,39,50,애월읍,Aewol-eup,제주시,제주특별자치도,제주특별자치도 제주시 애월읍
39010130,5011025600,39010,50110,39,50,구좌읍,Gujwa-eup,제주시,제주특별자치도,제주특별자치도 제주시 구좌읍
39010140,5011025900,39010,50110,39,50,조천읍,Jocheon-eup,제주시,제주특별자치도,제주특별자치도 제주시 조천읍
39010310,5011031000,39010,50110,39,50,한경면,Hangyeong-myeon,제주시,제주특별자치도,제주특별자치도 제주시 한경면
39010320,5011032000,39010,50110,39,50,추자면,Chuja-myeon,제주시,제주특별자치도,제주특별자치도 제주시 추자면
39010330,5011033000,39010,50110,39,50,우도면,Udo-myeon,제주시,제주특별자치도,제주특별자치도 제주시 우도면
39010510,5011051000,39010,50110,39,50,일도1동,Ildo1-dong,제주시,제주특별자치도,제주특별자치도 제주시 일도1동
39010520,5011052000,39010,50110,39,50,일도2동,Ildo2-dong,제주시,제주특별자치도,제주특별자치도 제주시 일도2동
39010530,5011053000,39010,50110,39,50,이도1동,Ido1-dong,제주시,제주특별자치도,제주특별자치도 제주시 이도1동
39010540,5011054000,39010,50110,39,50,이도2동,Ido2-dong,제주시,제주특별자치도,제주특별자치도 제주시 이도2동
39010550,5011055000,39010,50110,39,50,삼도1동,Samdo1-dong,제주시,제주특별자치도,제주특별자치도 제주시 삼도1동
39010560,5011056000,39010,50110,39,50,삼도2동,Samdo2-dong,제주시,제주특별자치도,제주특별자치도 제주시 삼도2동
39010570,5011057000,39010,50110,39,50,용담1동,Yongdam1-dong,제주시,제주특별자치도,제주특별자치도 제주시 용담1동
39010580,5011058000,39010,50110,39,50,용담2동,Yongdam2-dong,제주시,제주특별자치도,제주특별자치도 제주시 용담2동
39010590,5011059000,39010,50110,39,50,건입동,Geonip-dong,제주시,제주특별자치도,제주특별자치도 제주시 건입동
39010600,5011060000,39010,50110,39,50,화북동,Hwabuk-dong,제주시,제주특별자치도,제주특별자치도 제주시 화북동
39010610,5011061000,39010,50110,39,50,삼양동,Samyang-dong,제주시,제주특별자치도,제주특별자치도 제주시 삼양동
39010620,5011062000,39010,50110,39,50,봉개동,Bonggae-dong,제주시,제주특별자치도,제주특별자치도 제주시 봉개동
39010630,5011063000,39010,50110,39,50,아라동,Ara-dong,제주시,제주특별자치도,제주특별자치도 제주시 아라동
39010640,5011064000,39010,50110,39,50,오라동,Ora-dong,제주시,제주특별자치도,제주특별자치도 제주시 오라동
39010650,5011065000,39010,50110,39,50,연동,Yeon-dong,제주시,제주특별자치도,제주특별자치도 제주시 연동
39010660,5011066000,39010,50110,39,50,노형동,Nohyeong-dong,제주시,제주특별자치도,제주특별자치도 제주시 노형동
39010670,5011067000,39010,50110,39,50,외도동,Oedo-dong,제주시,제주특별자치도,제주특별자치도 제주시 외도동
39010680,5011068000,39010,50110,39,50,이호동,Iho-dong,제주시,제주특별자치도,제주특별자치도 제주시 이호동
39010690,5011069000,39010,50110,39,50,도두동,Dodu-dong,제주시,제주특별자치도,제주특별자치도 제주시 도두동
39020110,5013025000,39020,50130,39,50,대정읍,Daejeong-eup,서귀포시,제주특별자치도,제주특별자치도 서귀포시 대정읍
39020120,5013025300,39020,50130,39,50,남원읍,Namwon-eup,서귀포시,제주특별자치도,제주특별자치도 서귀포시 남원읍
39020130,5013025900,39020,50130,39,50,성산읍,Seongsan-eup,서귀포시,제주특별자치도,제주특별자치도 서귀포시 성산읍
39020310,5013031000,39020,50130,39,50,안덕면,Andeok-myeon,서귀포시,제주특별자치도,제주특별자치도 서귀포시 안덕면
39020320,5013032000,39020,50130,39,50,표선면,Pyoseon-myeon,서귀포시,제주특별자치도,제주특별자치도 서귀포시 표선면
39020510,5013051000,39020,50130,39,50,송산동,Songsan-dong,서귀포시,제주특별자치도,제주특별자치도 서귀포시 송산동
39020520,5013052000,39020,50130,39,50,정방동,Jeongbang-dong,서귀포시,제주특별자치도,제주특별자치도 서귀포시 정방동
39020530,5013053000,39020,50130,39,50,중앙동,Jungang-dong,서귀포시,제주특별자치도,제주특별자치도 서귀포시 중앙동
39020540,5013054000,39020,50130,39,50,천지동,Cheonji-dong,서귀포시,제주특별자치도,제주특별자치도 서귀포시 천지동
39020550,5013055000,39020,50130,39,50,효돈동,Hyodon-dong,서귀포시,제주특별자치도,제주특별자치도 서귀포시 효돈동
39020560,5013056000,39020,50130,39,50,영천동,Yeongcheon-dong,서귀포시,제주특별자치도,제주특별자치도 서귀포시 영천동
39020570,5013057000,39020,50130,39,50,동홍동,Donghong-dong,서귀포시,제주특별자치도,제주특별자치도 서귀포시 동홍동
39020580,5013058000,39020,50130,39,50,서홍동,Seohong-dong,서귀포시,제주특별자치도,제주특별자치도 서귀포시 서홍동
39020590,5013059000,39020,50130,39,50,대륜동,Daeryun-dong,서귀포시,제주특별자치도,제주특별자치도 서귀포시 대륜동
39020600,5013060000,39020,50130,39,50,대천동,Daecheon-dong,서귀포시,제주특별자치도,제주특별자치도 서귀포시 대천동
39020610,5013061000,39020,50130,39,50,중문동,Jungmun-dong,서귀포시,제주특별자치도,제주특별자치도 서귀포시 중문동
39020620,5013062000,39020,50130,39,50,예래동,Yerae-dong,서귀포시,제주특별자치도,제주특별자치도 서귀포시 예래동
